StudID,StudID_RT,keyWelcome.keys,keyWelcome.rt,key_resp.keys,key_resp.rt,practiceblockstudy.thisRepN,practiceblockstudy.thisTrialN,practiceblockstudy.thisN,practiceblockstudy.thisIndex,practiceblockstudy.ran,Rand,PracWord,participant,session,date,expName,psychopyVersion,OS,frameRate,key_resp_2.keys,key_resp_2.rt,Text20_RT,captured_string_prac,selectedPrimeprac,pracPrimeCondition,pracPrimeduration,pracBlock.thisRepN,pracBlock.thisTrialN,pracBlock.thisN,pracBlock.thisIndex,pracBlock.ran,keyNextInstruct.keys,keyNextInstruct.rt,trialsStudy.thisRepN,trialsStudy.thisTrialN,trialsStudy.thisN,trialsStudy.thisIndex,trialsStudy.ran,WordItem,keyInstructAgain.keys,keyInstructAgain.rt,Text4_RT,captured_string,selectedPrimeblock1,PrimeConditionblock1,block1Primeduration,trials.thisRepN,trials.thisTrialN,trials.thisN,trials.thisIndex,trials.ran,key_resp_4.keys,key_resp_4.rt,Block2.thisRepN,Block2.thisTrialN,Block2.thisN,Block2.thisIndex,Block2.ran,key_resp_5.keys,key_resp_5.rt,text32_RT,captured_string_block2,selectedPrimeblock2,primeConditionblock2,block2primeduration,trialsBlock2.thisRepN,trialsBlock2.thisTrialN,trialsBlock2.thisN,trialsBlock2.thisIndex,trialsBlock2.ran,key_resp_6.keys,key_resp_6.rt,studyBlock3.thisRepN,studyBlock3.thisTrialN,studyBlock3.thisN,studyBlock3.thisIndex,studyBlock3.ran,key_resp_7.keys,key_resp_7.rt,text47_RT,captured_string_block3,selectedPrimeblock3,primeConditionblock3,block3primeduration,trialsBlock3.thisRepN,trialsBlock3.thisTrialN,trialsBlock3.thisN,trialsBlock3.thisIndex,trialsBlock3.ran,key_resp_8.keys,key_resp_8.rt,trials_2.thisRepN,trials_2.thisTrialN,trials_2.thisN,trials_2.thisIndex,trials_2.ran,key_resp_9.keys,key_resp_9.rt,text60_RT,captured_string_block4,selectedPrimeblock4,primeConditionblock4,block4primeduration,trialsBlock4.thisRepN,trialsBlock4.thisTrialN,trialsBlock4.thisN,trialsBlock4.thisIndex,trialsBlock4.ran,keyQuestion.keys,keyQuestion.rt,key_resp_11.keys,key_resp_11.rt,key_resp_12.keys,key_resp_12.rt,key_resp_13.keys,key_resp_13.rt,key_resp_14.keys,key_resp_14.rt
458189,10801.17,space,29.012375,space,13.094455,0,0,0,7,1,0.307508932,COLONY,KB,001,2020-08-25_16h59.58.799,S2.3ConstantTotalFinal,2020.1.3,MacIntel,60,,,,,,,,,,,,,,,,,,,,,,,,,,,,,,,,,,,,,,,,,,,,,,,,,,,,,,,,,,,,,,,,,,,,,,,,,,,,,,,,,,,,,,,,,,,,,,,,,,,
,,,,,,0,1,1,1,1,0.979390724,PILE,KB,001,2020-08-25_16h59.58.799,S2.3ConstantTotalFinal,2020.1.3,MacIntel,60,,,,,,,,,,,,,,,,,,,,,,,,,,,,,,,,,,,,,,,,,,,,,,,,,,,,,,,,,,,,,,,,,,,,,,,,,,,,,,,,,,,,,,,,,,,,,,,,,,,
,,,,,,0,2,2,3,1,0.7174644,PLEAD,KB,001,2020-08-25_16h59.58.799,S2.3ConstantTotalFinal,2020.1.3,MacIntel,60,,,,,,,,,,,,,,,,,,,,,,,,,,,,,,,,,,,,,,,,,,,,,,,,,,,,,,,,,,,,,,,,,,,,,,,,,,,,,,,,,,,,,,,,,,,,,,,,,,,
,,,,,,0,3,3,6,1,0.253163584,EXTENT,KB,001,2020-08-25_16h59.58.799,S2.3ConstantTotalFinal,2020.1.3,MacIntel,60,,,,,,,,,,,,,,,,,,,,,,,,,,,,,,,,,,,,,,,,,,,,,,,,,,,,,,,,,,,,,,,,,,,,,,,,,,,,,,,,,,,,,,,,,,,,,,,,,,,
,,,,,,0,4,4,8,1,0.733948602,FUNERAL,KB,001,2020-08-25_16h59.58.799,S2.3ConstantTotalFinal,2020.1.3,MacIntel,60,,,,,,,,,,,,,,,,,,,,,,,,,,,,,,,,,,,,,,,,,,,,,,,,,,,,,,,,,,,,,,,,,,,,,,,,,,,,,,,,,,,,,,,,,,,,,,,,,,,
,,,,,,0,5,5,9,1,0.901881239,MONARCH,KB,001,2020-08-25_16h59.58.799,S2.3ConstantTotalFinal,2020.1.3,MacIntel,60,,,,,,,,,,,,,,,,,,,,,,,,,,,,,,,,,,,,,,,,,,,,,,,,,,,,,,,,,,,,,,,,,,,,,,,,,,,,,,,,,,,,,,,,,,,,,,,,,,,
,,,,,,0,6,6,0,1,0.499539348,SOUL,KB,001,2020-08-25_16h59.58.799,S2.3ConstantTotalFinal,2020.1.3,MacIntel,60,,,,,,,,,,,,,,,,,,,,,,,,,,,,,,,,,,,,,,,,,,,,,,,,,,,,,,,,,,,,,,,,,,,,,,,,,,,,,,,,,,,,,,,,,,,,,,,,,,,
,,,,,,0,7,7,2,1,0.087125307,WRECK,KB,001,2020-08-25_16h59.58.799,S2.3ConstantTotalFinal,2020.1.3,MacIntel,60,,,,,,,,,,,,,,,,,,,,,,,,,,,,,,,,,,,,,,,,,,,,,,,,,,,,,,,,,,,,,,,,,,,,,,,,,,,,,,,,,,,,,,,,,,,,,,,,,,,
,,,,,,0,8,8,4,1,0.150527021,FLASH,KB,001,2020-08-25_16h59.58.799,S2.3ConstantTotalFinal,2020.1.3,MacIntel,60,,,,,,,,,,,,,,,,,,,,,,,,,,,,,,,,,,,,,,,,,,,,,,,,,,,,,,,,,,,,,,,,,,,,,,,,,,,,,,,,,,,,,,,,,,,,,,,,,,,
,,,,,,,,,,,,,KB,001,2020-08-25_16h59.58.799,S2.3ConstantTotalFinal,2020.1.3,MacIntel,60,space,17.40519,8002.12,PLEAD ,EXTENT,Identical,50.84999977,0,0,0,0,1,,,,,,,,,,,,,,,,,,,,,,,,,,,,,,,,,,,,,,,,,,,,,,,,,,,,,,,,,,,,,,,,,,,,,,,,,,,,,,,,,,,,,,,
,,,,,,,,,,,,,KB,001,2020-08-25_16h59.58.799,S2.3ConstantTotalFinal,2020.1.3,MacIntel,60,,,6202.285,COLONY ,SETTLE,Related,50.13500014,1,0,1,0,1,,,,,,,,,,,,,,,,,,,,,,,,,,,,,,,,,,,,,,,,,,,,,,,,,,,,,,,,,,,,,,,,,,,,,,,,,,,,,,,,,,,,,,,
,,,,,,,,,,,,,KB,001,2020-08-25_16h59.58.799,S2.3ConstantTotalFinal,2020.1.3,MacIntel,60,,,3767.855,SOUL,FUNERAL,Identical,49.28499972,2,0,2,0,1,,,,,,,,,,,,,,,,,,,,,,,,,,,,,,,,,,,,,,,,,,,,,,,,,,,,,,,,,,,,,,,,,,,,,,,,,,,,,,,,,,,,,,,
,,,,,,,,,,,,,KB,001,2020-08-25_16h59.58.799,S2.3ConstantTotalFinal,2020.1.3,MacIntel,60,,,7249.72,PILE,BEGGAR,Related,50.39500026,3,0,3,0,1,,,,,,,,,,,,,,,,,,,,,,,,,,,,,,,,,,,,,,,,,,,,,,,,,,,,,,,,,,,,,,,,,,,,,,,,,,,,,,,,,,,,,,,
,,,,,,,,,,,,,KB,001,2020-08-25_16h59.58.799,S2.3ConstantTotalFinal,2020.1.3,MacIntel,60,,,7999.615,MONA,MONARCH,Identical,67.1000001,4,0,4,0,1,,,,,,,,,,,,,,,,,,,,,,,,,,,,,,,,,,,,,,,,,,,,,,,,,,,,,,,,,,,,,,,,,,,,,,,,,,,,,,,,,,,,,,,
,,,,,,,,,,,,,KB,001,2020-08-25_16h59.58.799,S2.3ConstantTotalFinal,2020.1.3,MacIntel,60,,,3434.175,MONARCH,WRECK,Identical,48.64499997,5,0,5,0,1,,,,,,,,,,,,,,,,,,,,,,,,,,,,,,,,,,,,,,,,,,,,,,,,,,,,,,,,,,,,,,,,,,,,,,,,,,,,,,,,,,,,,,,
,,,,,,,,,,,,,KB,001,2020-08-25_16h59.58.799,S2.3ConstantTotalFinal,2020.1.3,MacIntel,60,,,6916.16,FLASH,TRIBE,Identical,48.2950001,6,0,6,0,1,,,,,,,,,,,,,,,,,,,,,,,,,,,,,,,,,,,,,,,,,,,,,,,,,,,,,,,,,,,,,,,,,,,,,,,,,,,,,,,,,,,,,,,
,,,,,,,,,,,,,KB,001,2020-08-25_16h59.58.799,S2.3ConstantTotalFinal,2020.1.3,MacIntel,60,,,2166.2,WRECK,CONTEXT,Unrelated,49.28500019,7,0,7,0,1,,,,,,,,,,,,,,,,,,,,,,,,,,,,,,,,,,,,,,,,,,,,,,,,,,,,,,,,,,,,,,,,,,,,,,,,,,,,,,,,,,,,,,,
,,,,,,,,,,,,,KB,001,2020-08-25_16h59.58.799,S2.3ConstantTotalFinal,2020.1.3,MacIntel,60,,,8002.99,XXXXX,CHIP,Unrelated,40.47999997,8,0,8,0,1,,,,,,,,,,,,,,,,,,,,,,,,,,,,,,,,,,,,,,,,,,,,,,,,,,,,,,,,,,,,,,,,,,,,,,,,,,,,,,,,,,,,,,,
,,,,,,,,,,,,,KB,001,2020-08-25_16h59.58.799,S2.3ConstantTotalFinal,2020.1.3,MacIntel,60,,,7999.62,XXXXX,QUOTE,Unrelated,49.41999959,9,0,9,0,1,,,,,,,,,,,,,,,,,,,,,,,,,,,,,,,,,,,,,,,,,,,,,,,,,,,,,,,,,,,,,,,,,,,,,,,,,,,,,,,,,,,,,,,
,,,,,,,,,,,0.050737062,,KB,001,2020-08-25_16h59.58.799,S2.3ConstantTotalFinal,2020.1.3,MacIntel,60,,,,,,,,,,,,,space,10.352885,0,0,0,28,1,EXACT,,,,,,,,,,,,,,,,,,,,,,,,,,,,,,,,,,,,,,,,,,,,,,,,,,,,,,,,,,,,,,,,,,,,,,,,,,,,,,,
,,,,,,,,,,,0.57662815,,KB,001,2020-08-25_16h59.58.799,S2.3ConstantTotalFinal,2020.1.3,MacIntel,60,,,,,,,,,,,,,,,0,1,1,34,1,HATE,,,,,,,,,,,,,,,,,,,,,,,,,,,,,,,,,,,,,,,,,,,,,,,,,,,,,,,,,,,,,,,,,,,,,,,,,,,,,,,
,,,,,,,,,,,0.705365384,,KB,001,2020-08-25_16h59.58.799,S2.3ConstantTotalFinal,2020.1.3,MacIntel,60,,,,,,,,,,,,,,,0,2,2,21,1,PURPOSE,,,,,,,,,,,,,,,,,,,,,,,,,,,,,,,,,,,,,,,,,,,,,,,,,,,,,,,,,,,,,,,,,,,,,,,,,,,,,,,
,,,,,,,,,,,0.025762545,,KB,001,2020-08-25_16h59.58.799,S2.3ConstantTotalFinal,2020.1.3,MacIntel,60,,,,,,,,,,,,,,,0,3,3,13,1,PACKAGE,,,,,,,,,,,,,,,,,,,,,,,,,,,,,,,,,,,,,,,,,,,,,,,,,,,,,,,,,,,,,,,,,,,,,,,,,,,,,,,
,,,,,,,,,,,0.591306087,,KB,001,2020-08-25_16h59.58.799,S2.3ConstantTotalFinal,2020.1.3,MacIntel,60,,,,,,,,,,,,,,,0,4,4,27,1,PLANE ,,,,,,,,,,,,,,,,,,,,,,,,,,,,,,,,,,,,,,,,,,,,,,,,,,,,,,,,,,,,,,,,,,,,,,,,,,,,,,,
,,,,,,,,,,,0.548396267,,KB,001,2020-08-25_16h59.58.799,S2.3ConstantTotalFinal,2020.1.3,MacIntel,60,,,,,,,,,,,,,,,0,5,5,31,1,SCISSORS,,,,,,,,,,,,,,,,,,,,,,,,,,,,,,,,,,,,,,,,,,,,,,,,,,,,,,,,,,,,,,,,,,,,,,,,,,,,,,,
,,,,,,,,,,,0.391009225,,KB,001,2020-08-25_16h59.58.799,S2.3ConstantTotalFinal,2020.1.3,MacIntel,60,,,,,,,,,,,,,,,0,6,6,35,1,YOUNG,,,,,,,,,,,,,,,,,,,,,,,,,,,,,,,,,,,,,,,,,,,,,,,,,,,,,,,,,,,,,,,,,,,,,,,,,,,,,,,
,,,,,,,,,,,0.922592849,,KB,001,2020-08-25_16h59.58.799,S2.3ConstantTotalFinal,2020.1.3,MacIntel,60,,,,,,,,,,,,,,,0,7,7,1,1,TOCK,,,,,,,,,,,,,,,,,,,,,,,,,,,,,,,,,,,,,,,,,,,,,,,,,,,,,,,,,,,,,,,,,,,,,,,,,,,,,,,
,,,,,,,,,,,0.693420192,,KB,001,2020-08-25_16h59.58.799,S2.3ConstantTotalFinal,2020.1.3,MacIntel,60,,,,,,,,,,,,,,,0,8,8,25,1,MARRY,,,,,,,,,,,,,,,,,,,,,,,,,,,,,,,,,,,,,,,,,,,,,,,,,,,,,,,,,,,,,,,,,,,,,,,,,,,,,,,
,,,,,,,,,,,0.078919435,,KB,001,2020-08-25_16h59.58.799,S2.3ConstantTotalFinal,2020.1.3,MacIntel,60,,,,,,,,,,,,,,,0,9,9,19,1,EXCUSE,,,,,,,,,,,,,,,,,,,,,,,,,,,,,,,,,,,,,,,,,,,,,,,,,,,,,,,,,,,,,,,,,,,,,,,,,,,,,,,
,,,,,,,,,,,0.685420756,,KB,001,2020-08-25_16h59.58.799,S2.3ConstantTotalFinal,2020.1.3,MacIntel,60,,,,,,,,,,,,,,,0,10,10,30,1,MANY,,,,,,,,,,,,,,,,,,,,,,,,,,,,,,,,,,,,,,,,,,,,,,,,,,,,,,,,,,,,,,,,,,,,,,,,,,,,,,,
,,,,,,,,,,,0.660455781,,KB,001,2020-08-25_16h59.58.799,S2.3ConstantTotalFinal,2020.1.3,MacIntel,60,,,,,,,,,,,,,,,0,11,11,33,1,TOOL,,,,,,,,,,,,,,,,,,,,,,,,,,,,,,,,,,,,,,,,,,,,,,,,,,,,,,,,,,,,,,,,,,,,,,,,,,,,,,,
,,,,,,,,,,,0.447880501,,KB,001,2020-08-25_16h59.58.799,S2.3ConstantTotalFinal,2020.1.3,MacIntel,60,,,,,,,,,,,,,,,0,12,12,20,1,CLOWN,,,,,,,,,,,,,,,,,,,,,,,,,,,,,,,,,,,,,,,,,,,,,,,,,,,,,,,,,,,,,,,,,,,,,,,,,,,,,,,
,,,,,,,,,,,0.391384644,,KB,001,2020-08-25_16h59.58.799,S2.3ConstantTotalFinal,2020.1.3,MacIntel,60,,,,,,,,,,,,,,,0,13,13,4,1,VOTE,,,,,,,,,,,,,,,,,,,,,,,,,,,,,,,,,,,,,,,,,,,,,,,,,,,,,,,,,,,,,,,,,,,,,,,,,,,,,,,
,,,,,,,,,,,0.318647864,,KB,001,2020-08-25_16h59.58.799,S2.3ConstantTotalFinal,2020.1.3,MacIntel,60,,,,,,,,,,,,,,,0,14,14,40,1,SHERIFF,,,,,,,,,,,,,,,,,,,,,,,,,,,,,,,,,,,,,,,,,,,,,,,,,,,,,,,,,,,,,,,,,,,,,,,,,,,,,,,
,,,,,,,,,,,0.014976329,,KB,001,2020-08-25_16h59.58.799,S2.3ConstantTotalFinal,2020.1.3,MacIntel,60,,,,,,,,,,,,,,,0,15,15,37,1,TRAILER,,,,,,,,,,,,,,,,,,,,,,,,,,,,,,,,,,,,,,,,,,,,,,,,,,,,,,,,,,,,,,,,,,,,,,,,,,,,,,,
,,,,,,,,,,,0.799791158,,KB,001,2020-08-25_16h59.58.799,S2.3ConstantTotalFinal,2020.1.3,MacIntel,60,,,,,,,,,,,,,,,0,16,16,11,1,THIN,,,,,,,,,,,,,,,,,,,,,,,,,,,,,,,,,,,,,,,,,,,,,,,,,,,,,,,,,,,,,,,,,,,,,,,,,,,,,,,
,,,,,,,,,,,0.389273794,,KB,001,2020-08-25_16h59.58.799,S2.3ConstantTotalFinal,2020.1.3,MacIntel,60,,,,,,,,,,,,,,,0,17,17,15,1,ANNOY,,,,,,,,,,,,,,,,,,,,,,,,,,,,,,,,,,,,,,,,,,,,,,,,,,,,,,,,,,,,,,,,,,,,,,,,,,,,,,,
,,,,,,,,,,,0.568818915,,KB,001,2020-08-25_16h59.58.799,S2.3ConstantTotalFinal,2020.1.3,MacIntel,60,,,,,,,,,,,,,,,0,18,18,41,1,NECK,,,,,,,,,,,,,,,,,,,,,,,,,,,,,,,,,,,,,,,,,,,,,,,,,,,,,,,,,,,,,,,,,,,,,,,,,,,,,,,
,,,,,,,,,,,0.418690305,,KB,001,2020-08-25_16h59.58.799,S2.3ConstantTotalFinal,2020.1.3,MacIntel,60,,,,,,,,,,,,,,,0,19,19,16,1,DRAW,,,,,,,,,,,,,,,,,,,,,,,,,,,,,,,,,,,,,,,,,,,,,,,,,,,,,,,,,,,,,,,,,,,,,,,,,,,,,,,
,,,,,,,,,,,0.777941528,,KB,001,2020-08-25_16h59.58.799,S2.3ConstantTotalFinal,2020.1.3,MacIntel,60,,,,,,,,,,,,,,,0,20,20,7,1,STAMP,,,,,,,,,,,,,,,,,,,,,,,,,,,,,,,,,,,,,,,,,,,,,,,,,,,,,,,,,,,,,,,,,,,,,,,,,,,,,,,
,,,,,,,,,,,0.646533302,,KB,001,2020-08-25_16h59.58.799,S2.3ConstantTotalFinal,2020.1.3,MacIntel,60,,,,,,,,,,,,,,,0,21,21,38,1,QUIET,,,,,,,,,,,,,,,,,,,,,,,,,,,,,,,,,,,,,,,,,,,,,,,,,,,,,,,,,,,,,,,,,,,,,,,,,,,,,,,
,,,,,,,,,,,0.77521184,,KB,001,2020-08-25_16h59.58.799,S2.3ConstantTotalFinal,2020.1.3,MacIntel,60,,,,,,,,,,,,,,,0,22,22,8,1,RENT,,,,,,,,,,,,,,,,,,,,,,,,,,,,,,,,,,,,,,,,,,,,,,,,,,,,,,,,,,,,,,,,,,,,,,,,,,,,,,,
,,,,,,,,,,,0.63592988,,KB,001,2020-08-25_16h59.58.799,S2.3ConstantTotalFinal,2020.1.3,MacIntel,60,,,,,,,,,,,,,,,0,23,23,39,1,SLIDE,,,,,,,,,,,,,,,,,,,,,,,,,,,,,,,,,,,,,,,,,,,,,,,,,,,,,,,,,,,,,,,,,,,,,,,,,,,,,,,
,,,,,,,,,,,0.835452117,,KB,001,2020-08-25_16h59.58.799,S2.3ConstantTotalFinal,2020.1.3,MacIntel,60,,,,,,,,,,,,,,,0,24,24,12,1,DEATH,,,,,,,,,,,,,,,,,,,,,,,,,,,,,,,,,,,,,,,,,,,,,,,,,,,,,,,,,,,,,,,,,,,,,,,,,,,,,,,
,,,,,,,,,,,0.701275116,,KB,001,2020-08-25_16h59.58.799,S2.3ConstantTotalFinal,2020.1.3,MacIntel,60,,,,,,,,,,,,,,,0,25,25,5,1,SPIT,,,,,,,,,,,,,,,,,,,,,,,,,,,,,,,,,,,,,,,,,,,,,,,,,,,,,,,,,,,,,,,,,,,,,,,,,,,,,,,
,,,,,,,,,,,0.12551483,,KB,001,2020-08-25_16h59.58.799,S2.3ConstantTotalFinal,2020.1.3,MacIntel,60,,,,,,,,,,,,,,,0,26,26,2,1,SILVER,,,,,,,,,,,,,,,,,,,,,,,,,,,,,,,,,,,,,,,,,,,,,,,,,,,,,,,,,,,,,,,,,,,,,,,,,,,,,,,
,,,,,,,,,,,0.872632178,,KB,001,2020-08-25_16h59.58.799,S2.3ConstantTotalFinal,2020.1.3,MacIntel,60,,,,,,,,,,,,,,,0,27,27,0,1,DRUGS,,,,,,,,,,,,,,,,,,,,,,,,,,,,,,,,,,,,,,,,,,,,,,,,,,,,,,,,,,,,,,,,,,,,,,,,,,,,,,,
,,,,,,,,,,,0.713784453,,KB,001,2020-08-25_16h59.58.799,S2.3ConstantTotalFinal,2020.1.3,MacIntel,60,,,,,,,,,,,,,,,0,28,28,26,1,KNIFE,,,,,,,,,,,,,,,,,,,,,,,,,,,,,,,,,,,,,,,,,,,,,,,,,,,,,,,,,,,,,,,,,,,,,,,,,,,,,,,
,,,,,,,,,,,0.766094772,,KB,001,2020-08-25_16h59.58.799,S2.3ConstantTotalFinal,2020.1.3,MacIntel,60,,,,,,,,,,,,,,,0,29,29,10,1,POTATO,,,,,,,,,,,,,,,,,,,,,,,,,,,,,,,,,,,,,,,,,,,,,,,,,,,,,,,,,,,,,,,,,,,,,,,,,,,,,,,
,,,,,,,,,,,0.414428179,,KB,001,2020-08-25_16h59.58.799,S2.3ConstantTotalFinal,2020.1.3,MacIntel,60,,,,,,,,,,,,,,,0,30,30,36,1,CHILD,,,,,,,,,,,,,,,,,,,,,,,,,,,,,,,,,,,,,,,,,,,,,,,,,,,,,,,,,,,,,,,,,,,,,,,,,,,,,,,
,,,,,,,,,,,0.393135469,,KB,001,2020-08-25_16h59.58.799,S2.3ConstantTotalFinal,2020.1.3,MacIntel,60,,,,,,,,,,,,,,,0,31,31,3,1,WRONG,,,,,,,,,,,,,,,,,,,,,,,,,,,,,,,,,,,,,,,,,,,,,,,,,,,,,,,,,,,,,,,,,,,,,,,,,,,,,,,
,,,,,,,,,,,0.642791738,,KB,001,2020-08-25_16h59.58.799,S2.3ConstantTotalFinal,2020.1.3,MacIntel,60,,,,,,,,,,,,,,,0,32,32,6,1,RAIN,,,,,,,,,,,,,,,,,,,,,,,,,,,,,,,,,,,,,,,,,,,,,,,,,,,,,,,,,,,,,,,,,,,,,,,,,,,,,,,
,,,,,,,,,,,0.285892566,,KB,001,2020-08-25_16h59.58.799,S2.3ConstantTotalFinal,2020.1.3,MacIntel,60,,,,,,,,,,,,,,,0,33,33,14,1,REAL,,,,,,,,,,,,,,,,,,,,,,,,,,,,,,,,,,,,,,,,,,,,,,,,,,,,,,,,,,,,,,,,,,,,,,,,,,,,,,,
,,,,,,,,,,,0.476142715,,KB,001,2020-08-25_16h59.58.799,S2.3ConstantTotalFinal,2020.1.3,MacIntel,60,,,,,,,,,,,,,,,0,34,34,23,1,SAME,,,,,,,,,,,,,,,,,,,,,,,,,,,,,,,,,,,,,,,,,,,,,,,,,,,,,,,,,,,,,,,,,,,,,,,,,,,,,,,
,,,,,,,,,,,0.80598625,,KB,001,2020-08-25_16h59.58.799,S2.3ConstantTotalFinal,2020.1.3,MacIntel,60,,,,,,,,,,,,,,,0,35,35,24,1,CARD,,,,,,,,,,,,,,,,,,,,,,,,,,,,,,,,,,,,,,,,,,,,,,,,,,,,,,,,,,,,,,,,,,,,,,,,,,,,,,,
,,,,,,,,,,,0.122929472,,KB,001,2020-08-25_16h59.58.799,S2.3ConstantTotalFinal,2020.1.3,MacIntel,60,,,,,,,,,,,,,,,0,36,36,18,1,BUSH,,,,,,,,,,,,,,,,,,,,,,,,,,,,,,,,,,,,,,,,,,,,,,,,,,,,,,,,,,,,,,,,,,,,,,,,,,,,,,,
,,,,,,,,,,,0.852736794,,KB,001,2020-08-25_16h59.58.799,S2.3ConstantTotalFinal,2020.1.3,MacIntel,60,,,,,,,,,,,,,,,0,37,37,17,1,PIECE,,,,,,,,,,,,,,,,,,,,,,,,,,,,,,,,,,,,,,,,,,,,,,,,,,,,,,,,,,,,,,,,,,,,,,,,,,,,,,,
,,,,,,,,,,,0.36351997,,KB,001,2020-08-25_16h59.58.799,S2.3ConstantTotalFinal,2020.1.3,MacIntel,60,,,,,,,,,,,,,,,0,38,38,22,1,SHALLOW,,,,,,,,,,,,,,,,,,,,,,,,,,,,,,,,,,,,,,,,,,,,,,,,,,,,,,,,,,,,,,,,,,,,,,,,,,,,,,,
,,,,,,,,,,,0.97845255,,KB,001,2020-08-25_16h59.58.799,S2.3ConstantTotalFinal,2020.1.3,MacIntel,60,,,,,,,,,,,,,,,0,39,39,9,1,STRIPE,,,,,,,,,,,,,,,,,,,,,,,,,,,,,,,,,,,,,,,,,,,,,,,,,,,,,,,,,,,,,,,,,,,,,,,,,,,,,,,
,,,,,,,,,,,0.889943281,,KB,001,2020-08-25_16h59.58.799,S2.3ConstantTotalFinal,2020.1.3,MacIntel,60,,,,,,,,,,,,,,,0,40,40,29,1,DISAGREE,,,,,,,,,,,,,,,,,,,,,,,,,,,,,,,,,,,,,,,,,,,,,,,,,,,,,,,,,,,,,,,,,,,,,,,,,,,,,,,
,,,,,,,,,,,,,KB,001,2020-08-25_16h59.58.799,S2.3ConstantTotalFinal,2020.1.3,MacIntel,60,,,,,,,,,,,,,,,,,,,,,space,9.10416,4534.345,EXACT,SEVERAL,Related,49.4649997,0,0,0,0,1,,,,,,,,,,,,,,,,,,,,,,,,,,,,,,,,,,,,,,,,,,,,,,,,,,,,,,,,,,,,,,,,,,,
,,,,,,,,,,,,,KB,001,2020-08-25_16h59.58.799,S2.3ConstantTotalFinal,2020.1.3,MacIntel,60,,,,,,,,,,,,,,,,,,,,,,,2266.895,PURPOSE,CHILD,Identical,56.48500007,1,0,1,0,1,,,,,,,,,,,,,,,,,,,,,,,,,,,,,,,,,,,,,,,,,,,,,,,,,,,,,,,,,,,,,,,,,,,
,,,,,,,,,,,,,KB,001,2020-08-25_16h59.58.799,S2.3ConstantTotalFinal,2020.1.3,MacIntel,60,,,,,,,,,,,,,,,,,,,,,,,1166.695,HATE,PLANE,Identical,49.15500013,2,0,2,0,1,,,,,,,,,,,,,,,,,,,,,,,,,,,,,,,,,,,,,,,,,,,,,,,,,,,,,,,,,,,,,,,,,,,
,,,,,,,,,,,,,KB,001,2020-08-25_16h59.58.799,S2.3ConstantTotalFinal,2020.1.3,MacIntel,60,,,,,,,,,,,,,,,,,,,,,,,3351.26,PLANE,PIECE,Identical,49.56000019,3,0,3,0,1,,,,,,,,,,,,,,,,,,,,,,,,,,,,,,,,,,,,,,,,,,,,,,,,,,,,,,,,,,,,,,,,,,,
,,,,,,,,,,,,,KB,001,2020-08-25_16h59.58.799,S2.3ConstantTotalFinal,2020.1.3,MacIntel,60,,,,,,,,,,,,,,,,,,,,,,,1898.255,PILOT,PLIERS,Related,49.91499986,4,0,4,0,1,,,,,,,,,,,,,,,,,,,,,,,,,,,,,,,,,,,,,,,,,,,,,,,,,,,,,,,,,,,,,,,,,,,
,,,,,,,,,,,,,KB,001,2020-08-25_16h59.58.799,S2.3ConstantTotalFinal,2020.1.3,MacIntel,60,,,,,,,,,,,,,,,,,,,,,,,4283.07,SCISSORS,PLEASE,Related,48.62500029,5,0,5,0,1,,,,,,,,,,,,,,,,,,,,,,,,,,,,,,,,,,,,,,,,,,,,,,,,,,,,,,,,,,,,,,,,,,,
,,,,,,,,,,,,,KB,001,2020-08-25_16h59.58.799,S2.3ConstantTotalFinal,2020.1.3,MacIntel,60,,,,,,,,,,,,,,,,,,,,,,,2500.325,PACKAGE,GENUINE,Related,47.86500009,6,0,6,0,1,,,,,,,,,,,,,,,,,,,,,,,,,,,,,,,,,,,,,,,,,,,,,,,,,,,,,,,,,,,,,,,,,,,
,,,,,,,,,,,,,KB,001,2020-08-25_16h59.58.799,S2.3ConstantTotalFinal,2020.1.3,MacIntel,60,,,,,,,,,,,,,,,,,,,,,,,2699.295,TOCK,HAIL,Related,49.21499966,7,0,7,0,1,,,,,,,,,,,,,,,,,,,,,,,,,,,,,,,,,,,,,,,,,,,,,,,,,,,,,,,,,,,,,,,,,,,
,,,,,,,,,,,,,KB,001,2020-08-25_16h59.58.799,S2.3ConstantTotalFinal,2020.1.3,MacIntel,60,,,,,,,,,,,,,,,,,,,,,,,996.6349998,CLOWN,GRAVY,Related,50.59000012,8,0,8,0,1,,,,,,,,,,,,,,,,,,,,,,,,,,,,,,,,,,,,,,,,,,,,,,,,,,,,,,,,,,,,,,,,,,,
,,,,,,,,,,,,,KB,001,2020-08-25_16h59.58.799,S2.3ConstantTotalFinal,2020.1.3,MacIntel,60,,,,,,,,,,,,,,,,,,,,,,,4651.905,CHIEF,AGREE,Related,49.21999993,9,0,9,0,1,,,,,,,,,,,,,,,,,,,,,,,,,,,,,,,,,,,,,,,,,,,,,,,,,,,,,,,,,,,,,,,,,,,
,,,,,,,,,,,,,KB,001,2020-08-25_16h59.58.799,S2.3ConstantTotalFinal,2020.1.3,MacIntel,60,,,,,,,,,,,,,,,,,,,,,,,2616.58,THIN,BUSH,Identical,50.29999977,10,0,10,0,1,,,,,,,,,,,,,,,,,,,,,,,,,,,,,,,,,,,,,,,,,,,,,,,,,,,,,,,,,,,,,,,,,,,
,,,,,,,,,,,,,KB,001,2020-08-25_16h59.58.799,S2.3ConstantTotalFinal,2020.1.3,MacIntel,60,,,,,,,,,,,,,,,,,,,,,,,2584.15,DRAW,FINGER,Unrelated,49.37499994,11,0,11,0,1,,,,,,,,,,,,,,,,,,,,,,,,,,,,,,,,,,,,,,,,,,,,,,,,,,,,,,,,,,,,,,,,,,,
,,,,,,,,,,,,,KB,001,2020-08-25_16h59.58.799,S2.3ConstantTotalFinal,2020.1.3,MacIntel,60,,,,,,,,,,,,,,,,,,,,,,,1865.79,THANKS,SAME,Identical,51.25000002,12,0,12,0,1,,,,,,,,,,,,,,,,,,,,,,,,,,,,,,,,,,,,,,,,,,,,,,,,,,,,,,,,,,,,,,,,,,,
,,,,,,,,,,,,,KB,001,2020-08-25_16h59.58.799,S2.3ConstantTotalFinal,2020.1.3,MacIntel,60,,,,,,,,,,,,,,,,,,,,,,,8001.17,XXXXX,KNIFE,Identical,50.83000008,13,0,13,0,1,,,,,,,,,,,,,,,,,,,,,,,,,,,,,,,,,,,,,,,,,,,,,,,,,,,,,,,,,,,,,,,,,,,
,,,,,,,,,,,,,KB,001,2020-08-25_16h59.58.799,S2.3ConstantTotalFinal,2020.1.3,MacIntel,60,,,,,,,,,,,,,,,,,,,,,,,5100.005,KNIFE,WHERE,Unrelated,49.37999975,14,0,14,0,1,,,,,,,,,,,,,,,,,,,,,,,,,,,,,,,,,,,,,,,,,,,,,,,,,,,,,,,,,,,,,,,,,,,
,,,,,,,,,,,,,KB,001,2020-08-25_16h59.58.799,S2.3ConstantTotalFinal,2020.1.3,MacIntel,60,,,,,,,,,,,,,,,,,,,,,,,7999.71,XXXXX,POSTAGE,Related,50.02499977,15,0,15,0,1,,,,,,,,,,,,,,,,,,,,,,,,,,,,,,,,,,,,,,,,,,,,,,,,,,,,,,,,,,,,,,,,,,,
,,,,,,,,,,,,,KB,001,2020-08-25_16h59.58.799,S2.3ConstantTotalFinal,2020.1.3,MacIntel,60,,,,,,,,,,,,,,,,,,,,,,,6081.81,FUNERAL,VOTE,Identical,49.6050003,16,0,16,0,1,,,,,,,,,,,,,,,,,,,,,,,,,,,,,,,,,,,,,,,,,,,,,,,,,,,,,,,,,,,,,,,,,,,
,,,,,,,,,,,,,KB,001,2020-08-25_16h59.58.799,S2.3ConstantTotalFinal,2020.1.3,MacIntel,60,,,,,,,,,,,,,,,,,,,,,,,7999.26,XXXXX,SPOON,Unrelated,49.01000019,17,0,17,0,1,,,,,,,,,,,,,,,,,,,,,,,,,,,,,,,,,,,,,,,,,,,,,,,,,,,,,,,,,,,,,,,,,,,
,,,,,,,,,,,,,KB,001,2020-08-25_16h59.58.799,S2.3ConstantTotalFinal,2020.1.3,MacIntel,60,,,,,,,,,,,,,,,,,,,,,,,8000.555,XXXXX,NECK,Identical,66.70500012,18,0,18,0,1,,,,,,,,,,,,,,,,,,,,,,,,,,,,,,,,,,,,,,,,,,,,,,,,,,,,,,,,,,,,,,,,,,,
,,,,,,,,,,,,,KB,001,2020-08-25_16h59.58.799,S2.3ConstantTotalFinal,2020.1.3,MacIntel,60,,,,,,,,,,,,,,,,,,,,,,,381.825,XXXXX,DRUGS,Identical,49.11500029,19,0,19,0,1,,,,,,,,,,,,,,,,,,,,,,,,,,,,,,,,,,,,,,,,,,,,,,,,,,,,,,,,,,,,,,,,,,,
,,,,,,,,,,,,,KB,001,2020-08-25_16h59.58.799,S2.3ConstantTotalFinal,2020.1.3,MacIntel,60,,,,,,,,,,,,,,,,,,,,,,,267.2000001,XXXXX,SILVER,Identical,50.96999975,20,0,20,0,1,,,,,,,,,,,,,,,,,,,,,,,,,,,,,,,,,,,,,,,,,,,,,,,,,,,,,,,,,,,,,,,,,,,
,,,,,,,,,,,,,KB,001,2020-08-25_16h59.58.799,S2.3ConstantTotalFinal,2020.1.3,MacIntel,60,,,,,,,,,,,,,,,,,,,,,,,2233.965,XXXXX,SALIVA,Related,49.52500015,21,0,21,0,1,,,,,,,,,,,,,,,,,,,,,,,,,,,,,,,,,,,,,,,,,,,,,,,,,,,,,,,,,,,,,,,,,,,
,,,,,,,,,,,,,KB,001,2020-08-25_16h59.58.799,S2.3ConstantTotalFinal,2020.1.3,MacIntel,60,,,,,,,,,,,,,,,,,,,,,,,534.8650003,XXXXX,THROW,Unrelated,42.77499998,22,0,22,0,1,,,,,,,,,,,,,,,,,,,,,,,,,,,,,,,,,,,,,,,,,,,,,,,,,,,,,,,,,,,,,,,,,,,
,,,,,,,,,,,,,KB,001,2020-08-25_16h59.58.799,S2.3ConstantTotalFinal,2020.1.3,MacIntel,60,,,,,,,,,,,,,,,,,,,,,,,116.9599998,XXXXX,BIRTH,Related,49.57500007,23,0,23,0,1,,,,,,,,,,,,,,,,,,,,,,,,,,,,,,,,,,,,,,,,,,,,,,,,,,,,,,,,,,,,,,,,,,,
,,,,,,,,,,,,,KB,001,2020-08-25_16h59.58.799,S2.3ConstantTotalFinal,2020.1.3,MacIntel,60,,,,,,,,,,,,,,,,,,,,,,,267.98,XXXXX,WORST,Unrelated,49.56500046,24,0,24,0,1,,,,,,,,,,,,,,,,,,,,,,,,,,,,,,,,,,,,,,,,,,,,,,,,,,,,,,,,,,,,,,,,,,,
,,,,,,,,,,,,,KB,001,2020-08-25_16h59.58.799,S2.3ConstantTotalFinal,2020.1.3,MacIntel,60,,,,,,,,,,,,,,,,,,,,,,,533.2999998,XXXXX,TEETH,Unrelated,50.09499984,25,0,25,0,1,,,,,,,,,,,,,,,,,,,,,,,,,,,,,,,,,,,,,,,,,,,,,,,,,,,,,,,,,,,,,,,,,,,
,,,,,,,,,,,,,KB,001,2020-08-25_16h59.58.799,S2.3ConstantTotalFinal,2020.1.3,MacIntel,60,,,,,,,,,,,,,,,,,,,,,,,317.02,XXXXX,YOURS,Unrelated,49.98000013,26,0,26,0,1,,,,,,,,,,,,,,,,,,,,,,,,,,,,,,,,,,,,,,,,,,,,,,,,,,,,,,,,,,,,,,,,,,,
,,,,,,,,,,,,,KB,001,2020-08-25_16h59.58.799,S2.3ConstantTotalFinal,2020.1.3,MacIntel,60,,,,,,,,,,,,,,,,,,,,,,,5416.495,TEACHER,IMMORAL,Related,48.91999997,27,0,27,0,1,,,,,,,,,,,,,,,,,,,,,,,,,,,,,,,,,,,,,,,,,,,,,,,,,,,,,,,,,,,,,,,,,,,
,,,,,,,,,,,,,KB,001,2020-08-25_16h59.58.799,S2.3ConstantTotalFinal,2020.1.3,MacIntel,60,,,,,,,,,,,,,,,,,,,,,,,1966.33,XXXXX,CORAL,Unrelated,49.2250002,28,0,28,0,1,,,,,,,,,,,,,,,,,,,,,,,,,,,,,,,,,,,,,,,,,,,,,,,,,,,,,,,,,,,,,,,,,,,
,,,,,,,,,,,,,KB,001,2020-08-25_16h59.58.799,S2.3ConstantTotalFinal,2020.1.3,MacIntel,60,,,,,,,,,,,,,,,,,,,,,,,2477.28,XXXXX,ENGAGE,Related,48.66500013,29,0,29,0,1,,,,,,,,,,,,,,,,,,,,,,,,,,,,,,,,,,,,,,,,,,,,,,,,,,,,,,,,,,,,,,,,,,,
,,,,,,,,,,,,,KB,001,2020-08-25_16h59.58.799,S2.3ConstantTotalFinal,2020.1.3,MacIntel,60,,,,,,,,,,,,,,,,,,,,,,,8001.48,XXXXX,PARDON,Related,48.37500025,30,0,30,0,1,,,,,,,,,,,,,,,,,,,,,,,,,,,,,,,,,,,,,,,,,,,,,,,,,,,,,,,,,,,,,,,,,,,
,,,,,,,,,,,,,KB,001,2020-08-25_16h59.58.799,S2.3ConstantTotalFinal,2020.1.3,MacIntel,60,,,,,,,,,,,,,,,,,,,,,,,8000.435,XXXXX,YOUNG,Identical,56.46000011,31,0,31,0,1,,,,,,,,,,,,,,,,,,,,,,,,,,,,,,,,,,,,,,,,,,,,,,,,,,,,,,,,,,,,,,,,,,,
,,,,,,,,,,,,,KB,001,2020-08-25_16h59.58.799,S2.3ConstantTotalFinal,2020.1.3,MacIntel,60,,,,,,,,,,,,,,,,,,,,,,,7998.12,XXXXX,TRACTOR,Related,51.71999987,32,0,32,0,1,,,,,,,,,,,,,,,,,,,,,,,,,,,,,,,,,,,,,,,,,,,,,,,,,,,,,,,,,,,,,,,,,,,
,,,,,,,,,,,,,KB,001,2020-08-25_16h59.58.799,S2.3ConstantTotalFinal,2020.1.3,MacIntel,60,,,,,,,,,,,,,,,,,,,,,,,7999.545,XXXXX,LEASE,Related,49.55499992,33,0,33,0,1,,,,,,,,,,,,,,,,,,,,,,,,,,,,,,,,,,,,,,,,,,,,,,,,,,,,,,,,,,,,,,,,,,,
,,,,,,,,,,,,,KB,001,2020-08-25_16h59.58.799,S2.3ConstantTotalFinal,2020.1.3,MacIntel,60,,,,,,,,,,,,,,,,,,,,,,,7998.685,XXXXX,MUSCLE,Unrelated,49.75999985,34,0,34,0,1,,,,,,,,,,,,,,,,,,,,,,,,,,,,,,,,,,,,,,,,,,,,,,,,,,,,,,,,,,,,,,,,,,,
,,,,,,,,,,,,,KB,001,2020-08-25_16h59.58.799,S2.3ConstantTotalFinal,2020.1.3,MacIntel,60,,,,,,,,,,,,,,,,,,,,,,,284.2850001,XXXXX,SHORT,Unrelated,48.19,35,0,35,0,1,,,,,,,,,,,,,,,,,,,,,,,,,,,,,,,,,,,,,,,,,,,,,,,,,,,,,,,,,,,,,,,,,,,
,,,,,,,,,,,,,KB,001,2020-08-25_16h59.58.799,S2.3ConstantTotalFinal,2020.1.3,MacIntel,60,,,,,,,,,,,,,,,,,,,,,,,2750.125,TALL,DEEP,Related,48.30000037,36,0,36,0,1,,,,,,,,,,,,,,,,,,,,,,,,,,,,,,,,,,,,,,,,,,,,,,,,,,,,,,,,,,,,,,,,,,,
,,,,,,,,,,,,,KB,001,2020-08-25_16h59.58.799,S2.3ConstantTotalFinal,2020.1.3,MacIntel,60,,,,,,,,,,,,,,,,,,,,,,,7999.445,XXXXX,SLIDE,Identical,49.30499988,37,0,37,0,1,,,,,,,,,,,,,,,,,,,,,,,,,,,,,,,,,,,,,,,,,,,,,,,,,,,,,,,,,,,,,,,,,,,
,,,,,,,,,,,,,KB,001,2020-08-25_16h59.58.799,S2.3ConstantTotalFinal,2020.1.3,MacIntel,60,,,,,,,,,,,,,,,,,,,,,,,811.2150002,XXXXX,BEFORE,Unrelated,49.66499982,38,0,38,0,1,,,,,,,,,,,,,,,,,,,,,,,,,,,,,,,,,,,,,,,,,,,,,,,,,,,,,,,,,,,,,,,,,,,
,,,,,,,,,,,,,KB,001,2020-08-25_16h59.58.799,S2.3ConstantTotalFinal,2020.1.3,MacIntel,60,,,,,,,,,,,,,,,,,,,,,,,1199.98,XXXXX,SILENCE,Related,48.91999997,39,0,39,0,1,,,,,,,,,,,,,,,,,,,,,,,,,,,,,,,,,,,,,,,,,,,,,,,,,,,,,,,,,,,,,,,,,,,
,,,,,,,,,,,,,KB,001,2020-08-25_16h59.58.799,S2.3ConstantTotalFinal,2020.1.3,MacIntel,60,,,,,,,,,,,,,,,,,,,,,,,866.3350004,XXXXX,CHARGE,Related,49.89499971,40,0,40,0,1,,,,,,,,,,,,,,,,,,,,,,,,,,,,,,,,,,,,,,,,,,,,,,,,,,,,,,,,,,,,,,,,,,,
,,,,,,,,,,,,,KB,001,2020-08-25_16h59.58.799,S2.3ConstantTotalFinal,2020.1.3,MacIntel,60,,,,,,,,,,,,,,,,,,,,,,,5500.405,XXXXX,PHONE,Unrelated,49.63999987,41,0,41,0,1,,,,,,,,,,,,,,,,,,,,,,,,,,,,,,,,,,,,,,,,,,,,,,,,,,,,,,,,,,,,,,,,,,,
,,,,,,,,,,,0.546275402,,KB,001,2020-08-25_16h59.58.799,S2.3ConstantTotalFinal,2020.1.3,MacIntel,60,,,,,,,,,,,,,,,,,,,,LIGHT,,,,,,,,,,,,,space,4.85147,0,0,0,12,1,,,,,,,,,,,,,,,,,,,,,,,,,,,,,,,,,,,,,,,,,,,,,,,,,,,,,,,,,,,,
,,,,,,,,,,,0.389892086,,KB,001,2020-08-25_16h59.58.799,S2.3ConstantTotalFinal,2020.1.3,MacIntel,60,,,,,,,,,,,,,,,,,,,,ROSE,,,,,,,,,,,,,,,0,1,1,31,1,,,,,,,,,,,,,,,,,,,,,,,,,,,,,,,,,,,,,,,,,,,,,,,,,,,,,,,,,,,,
,,,,,,,,,,,0.632487033,,KB,001,2020-08-25_16h59.58.799,S2.3ConstantTotalFinal,2020.1.3,MacIntel,60,,,,,,,,,,,,,,,,,,,,GUILT,,,,,,,,,,,,,,,0,2,2,1,1,,,,,,,,,,,,,,,,,,,,,,,,,,,,,,,,,,,,,,,,,,,,,,,,,,,,,,,,,,,,
,,,,,,,,,,,0.347489681,,KB,001,2020-08-25_16h59.58.799,S2.3ConstantTotalFinal,2020.1.3,MacIntel,60,,,,,,,,,,,,,,,,,,,,RULE,,,,,,,,,,,,,,,0,3,3,9,1,,,,,,,,,,,,,,,,,,,,,,,,,,,,,,,,,,,,,,,,,,,,,,,,,,,,,,,,,,,,
,,,,,,,,,,,0.49961253,,KB,001,2020-08-25_16h59.58.799,S2.3ConstantTotalFinal,2020.1.3,MacIntel,60,,,,,,,,,,,,,,,,,,,,STRESS,,,,,,,,,,,,,,,0,4,4,3,1,,,,,,,,,,,,,,,,,,,,,,,,,,,,,,,,,,,,,,,,,,,,,,,,,,,,,,,,,,,,
,,,,,,,,,,,0.267452305,,KB,001,2020-08-25_16h59.58.799,S2.3ConstantTotalFinal,2020.1.3,MacIntel,60,,,,,,,,,,,,,,,,,,,,TOUCH,,,,,,,,,,,,,,,0,5,5,26,1,,,,,,,,,,,,,,,,,,,,,,,,,,,,,,,,,,,,,,,,,,,,,,,,,,,,,,,,,,,,
,,,,,,,,,,,0.480414298,,KB,001,2020-08-25_16h59.58.799,S2.3ConstantTotalFinal,2020.1.3,MacIntel,60,,,,,,,,,,,,,,,,,,,,CLASS,,,,,,,,,,,,,,,0,6,6,4,1,,,,,,,,,,,,,,,,,,,,,,,,,,,,,,,,,,,,,,,,,,,,,,,,,,,,,,,,,,,,
,,,,,,,,,,,0.756331909,,KB,001,2020-08-25_16h59.58.799,S2.3ConstantTotalFinal,2020.1.3,MacIntel,60,,,,,,,,,,,,,,,,,,,,EXPLODE,,,,,,,,,,,,,,,0,7,7,22,1,,,,,,,,,,,,,,,,,,,,,,,,,,,,,,,,,,,,,,,,,,,,,,,,,,,,,,,,,,,,
,,,,,,,,,,,0.013204752,,KB,001,2020-08-25_16h59.58.799,S2.3ConstantTotalFinal,2020.1.3,MacIntel,60,,,,,,,,,,,,,,,,,,,,SHEEP,,,,,,,,,,,,,,,0,8,8,21,1,,,,,,,,,,,,,,,,,,,,,,,,,,,,,,,,,,,,,,,,,,,,,,,,,,,,,,,,,,,,
,,,,,,,,,,,0.472905873,,KB,001,2020-08-25_16h59.58.799,S2.3ConstantTotalFinal,2020.1.3,MacIntel,60,,,,,,,,,,,,,,,,,,,,KNIT,,,,,,,,,,,,,,,0,9,9,34,1,,,,,,,,,,,,,,,,,,,,,,,,,,,,,,,,,,,,,,,,,,,,,,,,,,,,,,,,,,,,
,,,,,,,,,,,0.450653324,,KB,001,2020-08-25_16h59.58.799,S2.3ConstantTotalFinal,2020.1.3,MacIntel,60,,,,,,,,,,,,,,,,,,,,TOWN,,,,,,,,,,,,,,,0,10,10,6,1,,,,,,,,,,,,,,,,,,,,,,,,,,,,,,,,,,,,,,,,,,,,,,,,,,,,,,,,,,,,
,,,,,,,,,,,0.425501341,,KB,001,2020-08-25_16h59.58.799,S2.3ConstantTotalFinal,2020.1.3,MacIntel,60,,,,,,,,,,,,,,,,,,,,BREAD,,,,,,,,,,,,,,,0,11,11,27,1,,,,,,,,,,,,,,,,,,,,,,,,,,,,,,,,,,,,,,,,,,,,,,,,,,,,,,,,,,,,
,,,,,,,,,,,0.494217609,,KB,001,2020-08-25_16h59.58.799,S2.3ConstantTotalFinal,2020.1.3,MacIntel,60,,,,,,,,,,,,,,,,,,,,TOOTH,,,,,,,,,,,,,,,0,12,12,16,1,,,,,,,,,,,,,,,,,,,,,,,,,,,,,,,,,,,,,,,,,,,,,,,,,,,,,,,,,,,,
,,,,,,,,,,,0.612025779,,KB,001,2020-08-25_16h59.58.799,S2.3ConstantTotalFinal,2020.1.3,MacIntel,60,,,,,,,,,,,,,,,,,,,,UNDER,,,,,,,,,,,,,,,0,13,13,18,1,,,,,,,,,,,,,,,,,,,,,,,,,,,,,,,,,,,,,,,,,,,,,,,,,,,,,,,,,,,,
,,,,,,,,,,,0.309163734,,KB,001,2020-08-25_16h59.58.799,S2.3ConstantTotalFinal,2020.1.3,MacIntel,60,,,,,,,,,,,,,,,,,,,,SUBJECT,,,,,,,,,,,,,,,0,14,14,10,1,,,,,,,,,,,,,,,,,,,,,,,,,,,,,,,,,,,,,,,,,,,,,,,,,,,,,,,,,,,,
,,,,,,,,,,,0.579607492,,KB,001,2020-08-25_16h59.58.799,S2.3ConstantTotalFinal,2020.1.3,MacIntel,60,,,,,,,,,,,,,,,,,,,,ARMS,,,,,,,,,,,,,,,0,15,15,32,1,,,,,,,,,,,,,,,,,,,,,,,,,,,,,,,,,,,,,,,,,,,,,,,,,,,,,,,,,,,,
,,,,,,,,,,,0.004318282,,KB,001,2020-08-25_16h59.58.799,S2.3ConstantTotalFinal,2020.1.3,MacIntel,60,,,,,,,,,,,,,,,,,,,,STEAL,,,,,,,,,,,,,,,0,16,16,17,1,,,,,,,,,,,,,,,,,,,,,,,,,,,,,,,,,,,,,,,,,,,,,,,,,,,,,,,,,,,,
,,,,,,,,,,,0.996556956,,KB,001,2020-08-25_16h59.58.799,S2.3ConstantTotalFinal,2020.1.3,MacIntel,60,,,,,,,,,,,,,,,,,,,,BABY,,,,,,,,,,,,,,,0,17,17,14,1,,,,,,,,,,,,,,,,,,,,,,,,,,,,,,,,,,,,,,,,,,,,,,,,,,,,,,,,,,,,
,,,,,,,,,,,0.688118834,,KB,001,2020-08-25_16h59.58.799,S2.3ConstantTotalFinal,2020.1.3,MacIntel,60,,,,,,,,,,,,,,,,,,,,BRAIN,,,,,,,,,,,,,,,0,18,18,2,1,,,,,,,,,,,,,,,,,,,,,,,,,,,,,,,,,,,,,,,,,,,,,,,,,,,,,,,,,,,,
,,,,,,,,,,,0.775670522,,KB,001,2020-08-25_16h59.58.799,S2.3ConstantTotalFinal,2020.1.3,MacIntel,60,,,,,,,,,,,,,,,,,,,,GRAVE,,,,,,,,,,,,,,,0,19,19,29,1,,,,,,,,,,,,,,,,,,,,,,,,,,,,,,,,,,,,,,,,,,,,,,,,,,,,,,,,,,,,
,,,,,,,,,,,0.754263343,,KB,001,2020-08-25_16h59.58.799,S2.3ConstantTotalFinal,2020.1.3,MacIntel,60,,,,,,,,,,,,,,,,,,,,REPEAT,,,,,,,,,,,,,,,0,20,20,28,1,,,,,,,,,,,,,,,,,,,,,,,,,,,,,,,,,,,,,,,,,,,,,,,,,,,,,,,,,,,,
,,,,,,,,,,,0.269778771,,KB,001,2020-08-25_16h59.58.799,S2.3ConstantTotalFinal,2020.1.3,MacIntel,60,,,,,,,,,,,,,,,,,,,,CELL,,,,,,,,,,,,,,,0,21,21,40,1,,,,,,,,,,,,,,,,,,,,,,,,,,,,,,,,,,,,,,,,,,,,,,,,,,,,,,,,,,,,
,,,,,,,,,,,0.775809321,,KB,001,2020-08-25_16h59.58.799,S2.3ConstantTotalFinal,2020.1.3,MacIntel,60,,,,,,,,,,,,,,,,,,,,SELF,,,,,,,,,,,,,,,0,22,22,36,1,,,,,,,,,,,,,,,,,,,,,,,,,,,,,,,,,,,,,,,,,,,,,,,,,,,,,,,,,,,,
,,,,,,,,,,,0.723632514,,KB,001,2020-08-25_16h59.58.799,S2.3ConstantTotalFinal,2020.1.3,MacIntel,60,,,,,,,,,,,,,,,,,,,,SHIRT,,,,,,,,,,,,,,,0,23,23,30,1,,,,,,,,,,,,,,,,,,,,,,,,,,,,,,,,,,,,,,,,,,,,,,,,,,,,,,,,,,,,
,,,,,,,,,,,0.571490621,,KB,001,2020-08-25_16h59.58.799,S2.3ConstantTotalFinal,2020.1.3,MacIntel,60,,,,,,,,,,,,,,,,,,,,CLIMB,,,,,,,,,,,,,,,0,24,24,37,1,,,,,,,,,,,,,,,,,,,,,,,,,,,,,,,,,,,,,,,,,,,,,,,,,,,,,,,,,,,,
,,,,,,,,,,,0.235258453,,KB,001,2020-08-25_16h59.58.799,S2.3ConstantTotalFinal,2020.1.3,MacIntel,60,,,,,,,,,,,,,,,,,,,,STUPID,,,,,,,,,,,,,,,0,25,25,25,1,,,,,,,,,,,,,,,,,,,,,,,,,,,,,,,,,,,,,,,,,,,,,,,,,,,,,,,,,,,,
,,,,,,,,,,,0.14675593,,KB,001,2020-08-25_16h59.58.799,S2.3ConstantTotalFinal,2020.1.3,MacIntel,60,,,,,,,,,,,,,,,,,,,,PROPER,,,,,,,,,,,,,,,0,26,26,39,1,,,,,,,,,,,,,,,,,,,,,,,,,,,,,,,,,,,,,,,,,,,,,,,,,,,,,,,,,,,,
,,,,,,,,,,,0.314749245,,KB,001,2020-08-25_16h59.58.799,S2.3ConstantTotalFinal,2020.1.3,MacIntel,60,,,,,,,,,,,,,,,,,,,,MATH,,,,,,,,,,,,,,,0,27,27,5,1,,,,,,,,,,,,,,,,,,,,,,,,,,,,,,,,,,,,,,,,,,,,,,,,,,,,,,,,,,,,
,,,,,,,,,,,0.563016136,,KB,001,2020-08-25_16h59.58.799,S2.3ConstantTotalFinal,2020.1.3,MacIntel,60,,,,,,,,,,,,,,,,,,,,DOCTOR,,,,,,,,,,,,,,,0,28,28,41,1,,,,,,,,,,,,,,,,,,,,,,,,,,,,,,,,,,,,,,,,,,,,,,,,,,,,,,,,,,,,
,,,,,,,,,,,0.222682294,,KB,001,2020-08-25_16h59.58.799,S2.3ConstantTotalFinal,2020.1.3,MacIntel,60,,,,,,,,,,,,,,,,,,,,SKIN,,,,,,,,,,,,,,,0,29,29,33,1,,,,,,,,,,,,,,,,,,,,,,,,,,,,,,,,,,,,,,,,,,,,,,,,,,,,,,,,,,,,
,,,,,,,,,,,0.741390395,,KB,001,2020-08-25_16h59.58.799,S2.3ConstantTotalFinal,2020.1.3,MacIntel,60,,,,,,,,,,,,,,,,,,,,MOVE,,,,,,,,,,,,,,,0,30,30,15,1,,,,,,,,,,,,,,,,,,,,,,,,,,,,,,,,,,,,,,,,,,,,,,,,,,,,,,,,,,,,
,,,,,,,,,,,0.264510386,,KB,001,2020-08-25_16h59.58.799,S2.3ConstantTotalFinal,2020.1.3,MacIntel,60,,,,,,,,,,,,,,,,,,,,BIKE,,,,,,,,,,,,,,,0,31,31,7,1,,,,,,,,,,,,,,,,,,,,,,,,,,,,,,,,,,,,,,,,,,,,,,,,,,,,,,,,,,,,
,,,,,,,,,,,0.412141193,,KB,001,2020-08-25_16h59.58.799,S2.3ConstantTotalFinal,2020.1.3,MacIntel,60,,,,,,,,,,,,,,,,,,,,PENNY,,,,,,,,,,,,,,,0,32,32,13,1,,,,,,,,,,,,,,,,,,,,,,,,,,,,,,,,,,,,,,,,,,,,,,,,,,,,,,,,,,,,
,,,,,,,,,,,0.433934903,,KB,001,2020-08-25_16h59.58.799,S2.3ConstantTotalFinal,2020.1.3,MacIntel,60,,,,,,,,,,,,,,,,,,,,SPOTS,,,,,,,,,,,,,,,0,33,33,38,1,,,,,,,,,,,,,,,,,,,,,,,,,,,,,,,,,,,,,,,,,,,,,,,,,,,,,,,,,,,,
,,,,,,,,,,,0.138136359,,KB,001,2020-08-25_16h59.58.799,S2.3ConstantTotalFinal,2020.1.3,MacIntel,60,,,,,,,,,,,,,,,,,,,,WRITE,,,,,,,,,,,,,,,0,34,34,24,1,,,,,,,,,,,,,,,,,,,,,,,,,,,,,,,,,,,,,,,,,,,,,,,,,,,,,,,,,,,,
,,,,,,,,,,,0.466115865,,KB,001,2020-08-25_16h59.58.799,S2.3ConstantTotalFinal,2020.1.3,MacIntel,60,,,,,,,,,,,,,,,,,,,,MILK,,,,,,,,,,,,,,,0,35,35,19,1,,,,,,,,,,,,,,,,,,,,,,,,,,,,,,,,,,,,,,,,,,,,,,,,,,,,,,,,,,,,
,,,,,,,,,,,0.416235142,,KB,001,2020-08-25_16h59.58.799,S2.3ConstantTotalFinal,2020.1.3,MacIntel,60,,,,,,,,,,,,,,,,,,,,FAKE,,,,,,,,,,,,,,,0,36,36,23,1,,,,,,,,,,,,,,,,,,,,,,,,,,,,,,,,,,,,,,,,,,,,,,,,,,,,,,,,,,,,
,,,,,,,,,,,0.686608609,,KB,001,2020-08-25_16h59.58.799,S2.3ConstantTotalFinal,2020.1.3,MacIntel,60,,,,,,,,,,,,,,,,,,,,NIGHTS,,,,,,,,,,,,,,,0,37,37,0,1,,,,,,,,,,,,,,,,,,,,,,,,,,,,,,,,,,,,,,,,,,,,,,,,,,,,,,,,,,,,
,,,,,,,,,,,0.025951149,,KB,001,2020-08-25_16h59.58.799,S2.3ConstantTotalFinal,2020.1.3,MacIntel,60,,,,,,,,,,,,,,,,,,,,WOOD,,,,,,,,,,,,,,,0,38,38,11,1,,,,,,,,,,,,,,,,,,,,,,,,,,,,,,,,,,,,,,,,,,,,,,,,,,,,,,,,,,,,
,,,,,,,,,,,0.868533,,KB,001,2020-08-25_16h59.58.799,S2.3ConstantTotalFinal,2020.1.3,MacIntel,60,,,,,,,,,,,,,,,,,,,,STING,,,,,,,,,,,,,,,0,39,39,35,1,,,,,,,,,,,,,,,,,,,,,,,,,,,,,,,,,,,,,,,,,,,,,,,,,,,,,,,,,,,,
,,,,,,,,,,,0.770959895,,KB,001,2020-08-25_16h59.58.799,S2.3ConstantTotalFinal,2020.1.3,MacIntel,60,,,,,,,,,,,,,,,,,,,,HEAD,,,,,,,,,,,,,,,0,40,40,8,1,,,,,,,,,,,,,,,,,,,,,,,,,,,,,,,,,,,,,,,,,,,,,,,,,,,,,,,,,,,,
,,,,,,,,,,,,,KB,001,2020-08-25_16h59.58.799,S2.3ConstantTotalFinal,2020.1.3,MacIntel,60,,,,,,,,,,,,,,,,,,,,,,,,,,,,,,,,,,,,,,,,space,1.38001,1682.185,GRAND,ROSE,Identical,67.95499986,0,0,0,0,1,,,,,,,,,,,,,,,,,,,,,,,,,,,,,,,,,,,,,,,,,,,,,,,,
,,,,,,,,,,,,,KB,001,2020-08-25_16h59.58.799,S2.3ConstantTotalFinal,2020.1.3,MacIntel,60,,,,,,,,,,,,,,,,,,,,,,,,,,,,,,,,,,,,,,,,,,2000.22,LIGHT,WRITE,Identical,51.01499986,1,0,1,0,1,,,,,,,,,,,,,,,,,,,,,,,,,,,,,,,,,,,,,,,,,,,,,,,,
,,,,,,,,,,,,,KB,001,2020-08-25_16h59.58.799,S2.3ConstantTotalFinal,2020.1.3,MacIntel,60,,,,,,,,,,,,,,,,,,,,,,,,,,,,,,,,,,,,,,,,,,1166.95,ROSE,STREAM,Unrelated,49.92000014,2,0,2,0,1,,,,,,,,,,,,,,,,,,,,,,,,,,,,,,,,,,,,,,,,,,,,,,,,
,,,,,,,,,,,,,KB,001,2020-08-25_16h59.58.799,S2.3ConstantTotalFinal,2020.1.3,MacIntel,60,,,,,,,,,,,,,,,,,,,,,,,,,,,,,,,,,,,,,,,,,,2132.515,PROPER,CELL,Identical,65.69499988,3,0,3,0,1,,,,,,,,,,,,,,,,,,,,,,,,,,,,,,,,,,,,,,,,,,,,,,,,
,,,,,,,,,,,,,KB,001,2020-08-25_16h59.58.799,S2.3ConstantTotalFinal,2020.1.3,MacIntel,60,,,,,,,,,,,,,,,,,,,,,,,,,,,,,,,,,,,,,,,,,,1466.51,MATH,STORY,Unrelated,49.29999961,4,0,4,0,1,,,,,,,,,,,,,,,,,,,,,,,,,,,,,,,,,,,,,,,,,,,,,,,,
,,,,,,,,,,,,,KB,001,2020-08-25_16h59.58.799,S2.3ConstantTotalFinal,2020.1.3,MacIntel,60,,,,,,,,,,,,,,,,,,,,,,,,,,,,,,,,,,,,,,,,,,1567.88,DOCTOR,SHEEP,Identical,50.39000046,5,0,5,0,1,,,,,,,,,,,,,,,,,,,,,,,,,,,,,,,,,,,,,,,,,,,,,,,,
,,,,,,,,,,,,,KB,001,2020-08-25_16h59.58.799,S2.3ConstantTotalFinal,2020.1.3,MacIntel,60,,,,,,,,,,,,,,,,,,,,,,,,,,,,,,,,,,,,,,,,,,1817.27,SKIN,LENGTH,Unrelated,50.9850001,6,0,6,0,1,,,,,,,,,,,,,,,,,,,,,,,,,,,,,,,,,,,,,,,,,,,,,,,,
,,,,,,,,,,,,,KB,001,2020-08-25_16h59.58.799,S2.3ConstantTotalFinal,2020.1.3,MacIntel,60,,,,,,,,,,,,,,,,,,,,,,,,,,,,,,,,,,,,,,,,,,1350.98,BIKE,SHIFT,Related,49.76500012,7,0,7,0,1,,,,,,,,,,,,,,,,,,,,,,,,,,,,,,,,,,,,,,,,,,,,,,,,
,,,,,,,,,,,,,KB,001,2020-08-25_16h59.58.799,S2.3ConstantTotalFinal,2020.1.3,MacIntel,60,,,,,,,,,,,,,,,,,,,,,,,,,,,,,,,,,,,,,,,,,,1584.54,PENNY,CRACKER,Unrelated,48.38499986,8,0,8,0,1,,,,,,,,,,,,,,,,,,,,,,,,,,,,,,,,,,,,,,,,,,,,,,,,
,,,,,,,,,,,,,KB,001,2020-08-25_16h59.58.799,S2.3ConstantTotalFinal,2020.1.3,MacIntel,60,,,,,,,,,,,,,,,,,,,,,,,,,,,,,,,,,,,,,,,,,,1252,GUILT,LEGS,Related,50.42500002,9,0,9,0,1,,,,,,,,,,,,,,,,,,,,,,,,,,,,,,,,,,,,,,,,,,,,,,,,
,,,,,,,,,,,,,KB,001,2020-08-25_16h59.58.799,S2.3ConstantTotalFinal,2020.1.3,MacIntel,60,,,,,,,,,,,,,,,,,,,,,,,,,,,,,,,,,,,,,,,,,,1532.405,STRESS,CITY,Related,48.87000006,10,0,10,0,1,,,,,,,,,,,,,,,,,,,,,,,,,,,,,,,,,,,,,,,,,,,,,,,,
,,,,,,,,,,,,,KB,001,2020-08-25_16h59.58.799,S2.3ConstantTotalFinal,2020.1.3,MacIntel,60,,,,,,,,,,,,,,,,,,,,,,,,,,,,,,,,,,,,,,,,,,1265.83,TOOTH,SELF,Identical,48.7449998,11,0,11,0,1,,,,,,,,,,,,,,,,,,,,,,,,,,,,,,,,,,,,,,,,,,,,,,,,
,,,,,,,,,,,,,KB,001,2020-08-25_16h59.58.799,S2.3ConstantTotalFinal,2020.1.3,MacIntel,60,,,,,,,,,,,,,,,,,,,,,,,,,,,,,,,,,,,,,,,,,,1433.775,UNDER,EXPLODE,Identical,50.87499972,12,0,12,0,1,,,,,,,,,,,,,,,,,,,,,,,,,,,,,,,,,,,,,,,,,,,,,,,,
,,,,,,,,,,,,,KB,001,2020-08-25_16h59.58.799,S2.3ConstantTotalFinal,2020.1.3,MacIntel,60,,,,,,,,,,,,,,,,,,,,,,,,,,,,,,,,,,,,,,,,,,2283.055,BABY,NEPHEW,Unrelated,49.1200001,13,0,13,0,1,,,,,,,,,,,,,,,,,,,,,,,,,,,,,,,,,,,,,,,,,,,,,,,,
,,,,,,,,,,,,,KB,001,2020-08-25_16h59.58.799,S2.3ConstantTotalFinal,2020.1.3,MacIntel,60,,,,,,,,,,,,,,,,,,,,,,,,,,,,,,,,,,,,,,,,,,1367.35,BRAIN,CHEESE,Unrelated,50.22000009,14,0,14,0,1,,,,,,,,,,,,,,,,,,,,,,,,,,,,,,,,,,,,,,,,,,,,,,,,
,,,,,,,,,,,,,KB,001,2020-08-25_16h59.58.799,S2.3ConstantTotalFinal,2020.1.3,MacIntel,60,,,,,,,,,,,,,,,,,,,,,,,,,,,,,,,,,,,,,,,,,,1517.22,ARMS,TOUCH,Identical,51.17499968,15,0,15,0,1,,,,,,,,,,,,,,,,,,,,,,,,,,,,,,,,,,,,,,,,,,,,,,,,
,,,,,,,,,,,,,KB,001,2020-08-25_16h59.58.799,S2.3ConstantTotalFinal,2020.1.3,MacIntel,60,,,,,,,,,,,,,,,,,,,,,,,,,,,,,,,,,,,,,,,,,,1999.28,STEAL,FAKE,Identical,50.88,16,0,16,0,1,,,,,,,,,,,,,,,,,,,,,,,,,,,,,,,,,,,,,,,,,,,,,,,,
,,,,,,,,,,,,,KB,001,2020-08-25_16h59.58.799,S2.3ConstantTotalFinal,2020.1.3,MacIntel,60,,,,,,,,,,,,,,,,,,,,,,,,,,,,,,,,,,,,,,,,,,6017.615,RULE,SONG,Unrelated,48.24000038,17,0,17,0,1,,,,,,,,,,,,,,,,,,,,,,,,,,,,,,,,,,,,,,,,,,,,,,,,
,,,,,,,,,,,,,KB,001,2020-08-25_16h59.58.799,S2.3ConstantTotalFinal,2020.1.3,MacIntel,60,,,,,,,,,,,,,,,,,,,,,,,,,,,,,,,,,,,,,,,,,,8000.6,XXXXX,AGAIN,Related,48.99499984,18,0,18,0,1,,,,,,,,,,,,,,,,,,,,,,,,,,,,,,,,,,,,,,,,,,,,,,,,
,,,,,,,,,,,,,KB,001,2020-08-25_16h59.58.799,S2.3ConstantTotalFinal,2020.1.3,MacIntel,60,,,,,,,,,,,,,,,,,,,,,,,,,,,,,,,,,,,,,,,,,,8000.26,XXXXX,YARN,Related,49.21499966,19,0,19,0,1,,,,,,,,,,,,,,,,,,,,,,,,,,,,,,,,,,,,,,,,,,,,,,,,
,,,,,,,,,,,,,KB,001,2020-08-25_16h59.58.799,S2.3ConstantTotalFinal,2020.1.3,MacIntel,60,,,,,,,,,,,,,,,,,,,,,,,,,,,,,,,,,,,,,,,,,,7990.635,XXXXX,BIRD,Unrelated,50.18999986,20,0,20,0,1,,,,,,,,,,,,,,,,,,,,,,,,,,,,,,,,,,,,,,,,,,,,,,,,
,,,,,,,,,,,,,KB,001,2020-08-25_16h59.58.799,S2.3ConstantTotalFinal,2020.1.3,MacIntel,60,,,,,,,,,,,,,,,,,,,,,,,,,,,,,,,,,,,,,,,,,,8000.215,XXXXX,STUPID,Identical,48.97999996,21,0,21,0,1,,,,,,,,,,,,,,,,,,,,,,,,,,,,,,,,,,,,,,,,,,,,,,,,
,,,,,,,,,,,,,KB,001,2020-08-25_16h59.58.799,S2.3ConstantTotalFinal,2020.1.3,MacIntel,60,,,,,,,,,,,,,,,,,,,,,,,,,,,,,,,,,,,,,,,,,,2049.125,XPLODE,BLOUSE,Related,50.25499966,22,0,22,0,1,,,,,,,,,,,,,,,,,,,,,,,,,,,,,,,,,,,,,,,,,,,,,,,,
,,,,,,,,,,,,,KB,001,2020-08-25_16h59.58.799,S2.3ConstantTotalFinal,2020.1.3,MacIntel,60,,,,,,,,,,,,,,,,,,,,,,,,,,,,,,,,,,,,,,,,,,2085.905,XXXXX,SELLER,Unrelated,51.20499991,23,0,23,0,1,,,,,,,,,,,,,,,,,,,,,,,,,,,,,,,,,,,,,,,,,,,,,,,,
,,,,,,,,,,,,,KB,001,2020-08-25_16h59.58.799,S2.3ConstantTotalFinal,2020.1.3,MacIntel,60,,,,,,,,,,,,,,,,,,,,,,,,,,,,,,,,,,,,,,,,,,8000.185,XXXXX,TOMB,Related,49.27999992,24,0,24,0,1,,,,,,,,,,,,,,,,,,,,,,,,,,,,,,,,,,,,,,,,,,,,,,,,
,,,,,,,,,,,,,KB,001,2020-08-25_16h59.58.799,S2.3ConstantTotalFinal,2020.1.3,MacIntel,60,,,,,,,,,,,,,,,,,,,,,,,,,,,,,,,,,,,,,,,,,,5733.075,XXXXX,SKULL,Related,48.77500003,25,0,25,0,1,,,,,,,,,,,,,,,,,,,,,,,,,,,,,,,,,,,,,,,,,,,,,,,,
,,,,,,,,,,,,,KB,001,2020-08-25_16h59.58.799,S2.3ConstantTotalFinal,2020.1.3,MacIntel,60,,,,,,,,,,,,,,,,,,,,,,,,,,,,,,,,,,,,,,,,,,7999.155,XXXXX,NIGHTS,Identical,49.62999979,26,0,26,0,1,,,,,,,,,,,,,,,,,,,,,,,,,,,,,,,,,,,,,,,,,,,,,,,,
,,,,,,,,,,,,,KB,001,2020-08-25_16h59.58.799,S2.3ConstantTotalFinal,2020.1.3,MacIntel,60,,,,,,,,,,,,,,,,,,,,,,,,,,,,,,,,,,,,,,,,,,3499,XXXXX,WASP,Related,49.64999994,27,0,27,0,1,,,,,,,,,,,,,,,,,,,,,,,,,,,,,,,,,,,,,,,,,,,,,,,,
,,,,,,,,,,,,,KB,001,2020-08-25_16h59.58.799,S2.3ConstantTotalFinal,2020.1.3,MacIntel,60,,,,,,,,,,,,,,,,,,,,,,,,,,,,,,,,,,,,,,,,,,8001.685,XXXXX,JAIL,Unrelated,48.70499996,28,0,28,0,1,,,,,,,,,,,,,,,,,,,,,,,,,,,,,,,,,,,,,,,,,,,,,,,,
,,,,,,,,,,,,,KB,001,2020-08-25_16h59.58.799,S2.3ConstantTotalFinal,2020.1.3,MacIntel,60,,,,,,,,,,,,,,,,,,,,,,,,,,,,,,,,,,,,,,,,,,399.4399998,XXXXX,SUBJECT,Identical,49.28500019,29,0,29,0,1,,,,,,,,,,,,,,,,,,,,,,,,,,,,,,,,,,,,,,,,,,,,,,,,
,,,,,,,,,,,,,KB,001,2020-08-25_16h59.58.799,S2.3ConstantTotalFinal,2020.1.3,MacIntel,60,,,,,,,,,,,,,,,,,,,,,,,,,,,,,,,,,,,,,,,,,,7999.49,XXXXX,GALLON,Related,66.8250001,30,0,30,0,1,,,,,,,,,,,,,,,,,,,,,,,,,,,,,,,,,,,,,,,,,,,,,,,,
,,,,,,,,,,,,,KB,001,2020-08-25_16h59.58.799,S2.3ConstantTotalFinal,2020.1.3,MacIntel,60,,,,,,,,,,,,,,,,,,,,,,,,,,,,,,,,,,,,,,,,,,2115.24,XXXXX,TIMBER,Related,50.64000003,31,0,31,0,1,,,,,,,,,,,,,,,,,,,,,,,,,,,,,,,,,,,,,,,,,,,,,,,,
,,,,,,,,,,,,,KB,001,2020-08-25_16h59.58.799,S2.3ConstantTotalFinal,2020.1.3,MacIntel,60,,,,,,,,,,,,,,,,,,,,,,,,,,,,,,,,,,,,,,,,,,232.785,XXXXX,SESSION,Related,49.80000015,32,0,32,0,1,,,,,,,,,,,,,,,,,,,,,,,,,,,,,,,,,,,,,,,,,,,,,,,,
,,,,,,,,,,,,,KB,001,2020-08-25_16h59.58.799,S2.3ConstantTotalFinal,2020.1.3,MacIntel,60,,,,,,,,,,,,,,,,,,,,,,,,,,,,,,,,,,,,,,,,,,298.7199998,XXXXX,SPOTS,Identical,50.57499977,33,0,33,0,1,,,,,,,,,,,,,,,,,,,,,,,,,,,,,,,,,,,,,,,,,,,,,,,,
,,,,,,,,,,,,,KB,001,2020-08-25_16h59.58.799,S2.3ConstantTotalFinal,2020.1.3,MacIntel,60,,,,,,,,,,,,,,,,,,,,,,,,,,,,,,,,,,,,,,,,,,449.12,XXXXX,LOAF,Related,51.02499994,34,0,34,0,1,,,,,,,,,,,,,,,,,,,,,,,,,,,,,,,,,,,,,,,,,,,,,,,,
,,,,,,,,,,,,,KB,001,2020-08-25_16h59.58.799,S2.3ConstantTotalFinal,2020.1.3,MacIntel,60,,,,,,,,,,,,,,,,,,,,,,,,,,,,,,,,,,,,,,,,,,533.415,XXXXX,LADDER,Related,49.49499993,35,0,35,0,1,,,,,,,,,,,,,,,,,,,,,,,,,,,,,,,,,,,,,,,,,,,,,,,,
,,,,,,,,,,,,,KB,001,2020-08-25_16h59.58.799,S2.3ConstantTotalFinal,2020.1.3,MacIntel,60,,,,,,,,,,,,,,,,,,,,,,,,,,,,,,,,,,,,,,,,,,817.9549999,XXXXX,CHANGE,Unrelated,48.9099999,36,0,36,0,1,,,,,,,,,,,,,,,,,,,,,,,,,,,,,,,,,,,,,,,,,,,,,,,,
,,,,,,,,,,,,,KB,001,2020-08-25_16h59.58.799,S2.3ConstantTotalFinal,2020.1.3,MacIntel,60,,,,,,,,,,,,,,,,,,,,,,,,,,,,,,,,,,,,,,,,,,566.2400001,XXXXX,TWELVE,Unrelated,50.35499996,37,0,37,0,1,,,,,,,,,,,,,,,,,,,,,,,,,,,,,,,,,,,,,,,,,,,,,,,,
,,,,,,,,,,,,,KB,001,2020-08-25_16h59.58.799,S2.3ConstantTotalFinal,2020.1.3,MacIntel,60,,,,,,,,,,,,,,,,,,,,,,,,,,,,,,,,,,,,,,,,,,666.5750002,XXXXX,LAWYER,Unrelated,50.36500003,38,0,38,0,1,,,,,,,,,,,,,,,,,,,,,,,,,,,,,,,,,,,,,,,,,,,,,,,,
,,,,,,,,,,,,,KB,001,2020-08-25_16h59.58.799,S2.3ConstantTotalFinal,2020.1.3,MacIntel,60,,,,,,,,,,,,,,,,,,,,,,,,,,,,,,,,,,,,,,,,,,632.2750002,XXXXX,FISH,Unrelated,51.03999982,39,0,39,0,1,,,,,,,,,,,,,,,,,,,,,,,,,,,,,,,,,,,,,,,,,,,,,,,,
,,,,,,,,,,,,,KB,001,2020-08-25_16h59.58.799,S2.3ConstantTotalFinal,2020.1.3,MacIntel,60,,,,,,,,,,,,,,,,,,,,,,,,,,,,,,,,,,,,,,,,,,348.5599998,XXXXX,NICKEL,Unrelated,49.82500011,40,0,40,0,1,,,,,,,,,,,,,,,,,,,,,,,,,,,,,,,,,,,,,,,,,,,,,,,,
,,,,,,,,,,,,,KB,001,2020-08-25_16h59.58.799,S2.3ConstantTotalFinal,2020.1.3,MacIntel,60,,,,,,,,,,,,,,,,,,,,,,,,,,,,,,,,,,,,,,,,,,400.0949999,XXXXX,STAIRS,Unrelated,49.75000024,41,0,41,0,1,,,,,,,,,,,,,,,,,,,,,,,,,,,,,,,,,,,,,,,,,,,,,,,,
,,,,,,,,,,,0.504280494,,KB,001,2020-08-25_16h59.58.799,S2.3ConstantTotalFinal,2020.1.3,MacIntel,60,,,,,,,,,,,,,,,,,,,,EFFECT,,,,,,,,,,,,,,,,,,,,,,,,,,,,,,,,space,3.869695,0,0,0,29,1,,,,,,,,,,,,,,,,,,,,,,,,,,,,,,,,,,,,,,,,,
,,,,,,,,,,,0.009091516,,KB,001,2020-08-25_16h59.58.799,S2.3ConstantTotalFinal,2020.1.3,MacIntel,60,,,,,,,,,,,,,,,,,,,,SLEEP,,,,,,,,,,,,,,,,,,,,,,,,,,,,,,,,,,0,1,1,39,1,,,,,,,,,,,,,,,,,,,,,,,,,,,,,,,,,,,,,,,,,
,,,,,,,,,,,0.852698455,,KB,001,2020-08-25_16h59.58.799,S2.3ConstantTotalFinal,2020.1.3,MacIntel,60,,,,,,,,,,,,,,,,,,,,LETTER,,,,,,,,,,,,,,,,,,,,,,,,,,,,,,,,,,0,2,2,32,1,,,,,,,,,,,,,,,,,,,,,,,,,,,,,,,,,,,,,,,,,
,,,,,,,,,,,0.231890925,,KB,001,2020-08-25_16h59.58.799,S2.3ConstantTotalFinal,2020.1.3,MacIntel,60,,,,,,,,,,,,,,,,,,,,ALLOW,,,,,,,,,,,,,,,,,,,,,,,,,,,,,,,,,,0,3,3,25,1,,,,,,,,,,,,,,,,,,,,,,,,,,,,,,,,,,,,,,,,,
,,,,,,,,,,,0.530055224,,KB,001,2020-08-25_16h59.58.799,S2.3ConstantTotalFinal,2020.1.3,MacIntel,60,,,,,,,,,,,,,,,,,,,,COPY,,,,,,,,,,,,,,,,,,,,,,,,,,,,,,,,,,0,4,4,6,1,,,,,,,,,,,,,,,,,,,,,,,,,,,,,,,,,,,,,,,,,
,,,,,,,,,,,0.275472359,,KB,001,2020-08-25_16h59.58.799,S2.3ConstantTotalFinal,2020.1.3,MacIntel,60,,,,,,,,,,,,,,,,,,,,SMALL,,,,,,,,,,,,,,,,,,,,,,,,,,,,,,,,,,0,5,5,31,1,,,,,,,,,,,,,,,,,,,,,,,,,,,,,,,,,,,,,,,,,
,,,,,,,,,,,0.614395987,,KB,001,2020-08-25_16h59.58.799,S2.3ConstantTotalFinal,2020.1.3,MacIntel,60,,,,,,,,,,,,,,,,,,,,SURE,,,,,,,,,,,,,,,,,,,,,,,,,,,,,,,,,,0,6,6,16,1,,,,,,,,,,,,,,,,,,,,,,,,,,,,,,,,,,,,,,,,,
,,,,,,,,,,,0.518945186,,KB,001,2020-08-25_16h59.58.799,S2.3ConstantTotalFinal,2020.1.3,MacIntel,60,,,,,,,,,,,,,,,,,,,,PRIDE,,,,,,,,,,,,,,,,,,,,,,,,,,,,,,,,,,0,7,7,4,1,,,,,,,,,,,,,,,,,,,,,,,,,,,,,,,,,,,,,,,,,
,,,,,,,,,,,0.142959865,,KB,001,2020-08-25_16h59.58.799,S2.3ConstantTotalFinal,2020.1.3,MacIntel,60,,,,,,,,,,,,,,,,,,,,LARGE,,,,,,,,,,,,,,,,,,,,,,,,,,,,,,,,,,0,8,8,22,1,,,,,,,,,,,,,,,,,,,,,,,,,,,,,,,,,,,,,,,,,
,,,,,,,,,,,0.125365343,,KB,001,2020-08-25_16h59.58.799,S2.3ConstantTotalFinal,2020.1.3,MacIntel,60,,,,,,,,,,,,,,,,,,,,MAID,,,,,,,,,,,,,,,,,,,,,,,,,,,,,,,,,,0,9,9,40,1,,,,,,,,,,,,,,,,,,,,,,,,,,,,,,,,,,,,,,,,,
,,,,,,,,,,,0.353559054,,KB,001,2020-08-25_16h59.58.799,S2.3ConstantTotalFinal,2020.1.3,MacIntel,60,,,,,,,,,,,,,,,,,,,,FINISH,,,,,,,,,,,,,,,,,,,,,,,,,,,,,,,,,,0,10,10,11,1,,,,,,,,,,,,,,,,,,,,,,,,,,,,,,,,,,,,,,,,,
,,,,,,,,,,,0.265890367,,KB,001,2020-08-25_16h59.58.799,S2.3ConstantTotalFinal,2020.1.3,MacIntel,60,,,,,,,,,,,,,,,,,,,,MAD,,,,,,,,,,,,,,,,,,,,,,,,,,,,,,,,,,0,11,11,38,1,,,,,,,,,,,,,,,,,,,,,,,,,,,,,,,,,,,,,,,,,
,,,,,,,,,,,0.346700886,,KB,001,2020-08-25_16h59.58.799,S2.3ConstantTotalFinal,2020.1.3,MacIntel,60,,,,,,,,,,,,,,,,,,,,SPICE,,,,,,,,,,,,,,,,,,,,,,,,,,,,,,,,,,0,12,12,1,1,,,,,,,,,,,,,,,,,,,,,,,,,,,,,,,,,,,,,,,,,
,,,,,,,,,,,0.053049891,,KB,001,2020-08-25_16h59.58.799,S2.3ConstantTotalFinal,2020.1.3,MacIntel,60,,,,,,,,,,,,,,,,,,,,JEANS,,,,,,,,,,,,,,,,,,,,,,,,,,,,,,,,,,0,13,13,33,1,,,,,,,,,,,,,,,,,,,,,,,,,,,,,,,,,,,,,,,,,
,,,,,,,,,,,0.460028421,,KB,001,2020-08-25_16h59.58.799,S2.3ConstantTotalFinal,2020.1.3,MacIntel,60,,,,,,,,,,,,,,,,,,,,FRONT,,,,,,,,,,,,,,,,,,,,,,,,,,,,,,,,,,0,14,14,26,1,,,,,,,,,,,,,,,,,,,,,,,,,,,,,,,,,,,,,,,,,
,,,,,,,,,,,0.90780194,,KB,001,2020-08-25_16h59.58.799,S2.3ConstantTotalFinal,2020.1.3,MacIntel,60,,,,,,,,,,,,,,,,,,,,BANK,,,,,,,,,,,,,,,,,,,,,,,,,,,,,,,,,,0,15,15,13,1,,,,,,,,,,,,,,,,,,,,,,,,,,,,,,,,,,,,,,,,,
,,,,,,,,,,,0.30562292,,KB,001,2020-08-25_16h59.58.799,S2.3ConstantTotalFinal,2020.1.3,MacIntel,60,,,,,,,,,,,,,,,,,,,,ENGLISH,,,,,,,,,,,,,,,,,,,,,,,,,,,,,,,,,,0,16,16,19,1,,,,,,,,,,,,,,,,,,,,,,,,,,,,,,,,,,,,,,,,,
,,,,,,,,,,,0.249505713,,KB,001,2020-08-25_16h59.58.799,S2.3ConstantTotalFinal,2020.1.3,MacIntel,60,,,,,,,,,,,,,,,,,,,,CAKE,,,,,,,,,,,,,,,,,,,,,,,,,,,,,,,,,,0,17,17,37,1,,,,,,,,,,,,,,,,,,,,,,,,,,,,,,,,,,,,,,,,,
,,,,,,,,,,,0.830145741,,KB,001,2020-08-25_16h59.58.799,S2.3ConstantTotalFinal,2020.1.3,MacIntel,60,,,,,,,,,,,,,,,,,,,,PAPER,,,,,,,,,,,,,,,,,,,,,,,,,,,,,,,,,,0,18,18,3,1,,,,,,,,,,,,,,,,,,,,,,,,,,,,,,,,,,,,,,,,,
,,,,,,,,,,,0.052626334,,KB,001,2020-08-25_16h59.58.799,S2.3ConstantTotalFinal,2020.1.3,MacIntel,60,,,,,,,,,,,,,,,,,,,,OVEN,,,,,,,,,,,,,,,,,,,,,,,,,,,,,,,,,,0,19,19,21,1,,,,,,,,,,,,,,,,,,,,,,,,,,,,,,,,,,,,,,,,,
,,,,,,,,,,,0.583179989,,KB,001,2020-08-25_16h59.58.799,S2.3ConstantTotalFinal,2020.1.3,MacIntel,60,,,,,,,,,,,,,,,,,,,,WANT,,,,,,,,,,,,,,,,,,,,,,,,,,,,,,,,,,0,20,20,24,1,,,,,,,,,,,,,,,,,,,,,,,,,,,,,,,,,,,,,,,,,
,,,,,,,,,,,0.95322248,,KB,001,2020-08-25_16h59.58.799,S2.3ConstantTotalFinal,2020.1.3,MacIntel,60,,,,,,,,,,,,,,,,,,,,SMART,,,,,,,,,,,,,,,,,,,,,,,,,,,,,,,,,,0,21,21,10,1,,,,,,,,,,,,,,,,,,,,,,,,,,,,,,,,,,,,,,,,,
,,,,,,,,,,,0.471519675,,KB,001,2020-08-25_16h59.58.799,S2.3ConstantTotalFinal,2020.1.3,MacIntel,60,,,,,,,,,,,,,,,,,,,,ITCH,,,,,,,,,,,,,,,,,,,,,,,,,,,,,,,,,,0,22,22,7,1,,,,,,,,,,,,,,,,,,,,,,,,,,,,,,,,,,,,,,,,,
,,,,,,,,,,,0.30393761,,KB,001,2020-08-25_16h59.58.799,S2.3ConstantTotalFinal,2020.1.3,MacIntel,60,,,,,,,,,,,,,,,,,,,,SNEEZE,,,,,,,,,,,,,,,,,,,,,,,,,,,,,,,,,,0,23,23,14,1,,,,,,,,,,,,,,,,,,,,,,,,,,,,,,,,,,,,,,,,,
,,,,,,,,,,,0.75766918,,KB,001,2020-08-25_16h59.58.799,S2.3ConstantTotalFinal,2020.1.3,MacIntel,60,,,,,,,,,,,,,,,,,,,,GLASSES,,,,,,,,,,,,,,,,,,,,,,,,,,,,,,,,,,0,24,24,23,1,,,,,,,,,,,,,,,,,,,,,,,,,,,,,,,,,,,,,,,,,
,,,,,,,,,,,0.092068429,,KB,001,2020-08-25_16h59.58.799,S2.3ConstantTotalFinal,2020.1.3,MacIntel,60,,,,,,,,,,,,,,,,,,,,MINIMUM,,,,,,,,,,,,,,,,,,,,,,,,,,,,,,,,,,0,25,25,12,1,,,,,,,,,,,,,,,,,,,,,,,,,,,,,,,,,,,,,,,,,
,,,,,,,,,,,0.500096092,,KB,001,2020-08-25_16h59.58.799,S2.3ConstantTotalFinal,2020.1.3,MacIntel,60,,,,,,,,,,,,,,,,,,,,CASTLE,,,,,,,,,,,,,,,,,,,,,,,,,,,,,,,,,,0,26,26,36,1,,,,,,,,,,,,,,,,,,,,,,,,,,,,,,,,,,,,,,,,,
,,,,,,,,,,,0.889728402,,KB,001,2020-08-25_16h59.58.799,S2.3ConstantTotalFinal,2020.1.3,MacIntel,60,,,,,,,,,,,,,,,,,,,,BALL ,,,,,,,,,,,,,,,,,,,,,,,,,,,,,,,,,,0,27,27,35,1,,,,,,,,,,,,,,,,,,,,,,,,,,,,,,,,,,,,,,,,,
,,,,,,,,,,,0.825527518,,KB,001,2020-08-25_16h59.58.799,S2.3ConstantTotalFinal,2020.1.3,MacIntel,60,,,,,,,,,,,,,,,,,,,,HELLO,,,,,,,,,,,,,,,,,,,,,,,,,,,,,,,,,,0,28,28,9,1,,,,,,,,,,,,,,,,,,,,,,,,,,,,,,,,,,,,,,,,,
,,,,,,,,,,,0.5506354,,KB,001,2020-08-25_16h59.58.799,S2.3ConstantTotalFinal,2020.1.3,MacIntel,60,,,,,,,,,,,,,,,,,,,,PENCIL,,,,,,,,,,,,,,,,,,,,,,,,,,,,,,,,,,0,29,29,2,1,,,,,,,,,,,,,,,,,,,,,,,,,,,,,,,,,,,,,,,,,
,,,,,,,,,,,0.06987216,,KB,001,2020-08-25_16h59.58.799,S2.3ConstantTotalFinal,2020.1.3,MacIntel,60,,,,,,,,,,,,,,,,,,,,WATER,,,,,,,,,,,,,,,,,,,,,,,,,,,,,,,,,,0,30,30,8,1,,,,,,,,,,,,,,,,,,,,,,,,,,,,,,,,,,,,,,,,,
,,,,,,,,,,,0.471150226,,KB,001,2020-08-25_16h59.58.799,S2.3ConstantTotalFinal,2020.1.3,MacIntel,60,,,,,,,,,,,,,,,,,,,,ONCE,,,,,,,,,,,,,,,,,,,,,,,,,,,,,,,,,,0,31,31,20,1,,,,,,,,,,,,,,,,,,,,,,,,,,,,,,,,,,,,,,,,,
,,,,,,,,,,,0.856489522,,KB,001,2020-08-25_16h59.58.799,S2.3ConstantTotalFinal,2020.1.3,MacIntel,60,,,,,,,,,,,,,,,,,,,,MONKEY,,,,,,,,,,,,,,,,,,,,,,,,,,,,,,,,,,0,32,32,18,1,,,,,,,,,,,,,,,,,,,,,,,,,,,,,,,,,,,,,,,,,
,,,,,,,,,,,0.701446731,,KB,001,2020-08-25_16h59.58.799,S2.3ConstantTotalFinal,2020.1.3,MacIntel,60,,,,,,,,,,,,,,,,,,,,SOFT,,,,,,,,,,,,,,,,,,,,,,,,,,,,,,,,,,0,33,33,27,1,,,,,,,,,,,,,,,,,,,,,,,,,,,,,,,,,,,,,,,,,
,,,,,,,,,,,0.859560443,,KB,001,2020-08-25_16h59.58.799,S2.3ConstantTotalFinal,2020.1.3,MacIntel,60,,,,,,,,,,,,,,,,,,,,SILK,,,,,,,,,,,,,,,,,,,,,,,,,,,,,,,,,,0,34,34,0,1,,,,,,,,,,,,,,,,,,,,,,,,,,,,,,,,,,,,,,,,,
,,,,,,,,,,,0.906769191,,KB,001,2020-08-25_16h59.58.799,S2.3ConstantTotalFinal,2020.1.3,MacIntel,60,,,,,,,,,,,,,,,,,,,,TIRED,,,,,,,,,,,,,,,,,,,,,,,,,,,,,,,,,,0,35,35,30,1,,,,,,,,,,,,,,,,,,,,,,,,,,,,,,,,,,,,,,,,,
,,,,,,,,,,,0.663978029,,KB,001,2020-08-25_16h59.58.799,S2.3ConstantTotalFinal,2020.1.3,MacIntel,60,,,,,,,,,,,,,,,,,,,,FIRE,,,,,,,,,,,,,,,,,,,,,,,,,,,,,,,,,,0,36,36,34,1,,,,,,,,,,,,,,,,,,,,,,,,,,,,,,,,,,,,,,,,,
,,,,,,,,,,,0.944966868,,KB,001,2020-08-25_16h59.58.799,S2.3ConstantTotalFinal,2020.1.3,MacIntel,60,,,,,,,,,,,,,,,,,,,,PLAN,,,,,,,,,,,,,,,,,,,,,,,,,,,,,,,,,,0,37,37,17,1,,,,,,,,,,,,,,,,,,,,,,,,,,,,,,,,,,,,,,,,,
,,,,,,,,,,,0.142594526,,KB,001,2020-08-25_16h59.58.799,S2.3ConstantTotalFinal,2020.1.3,MacIntel,60,,,,,,,,,,,,,,,,,,,,UNCLEAR,,,,,,,,,,,,,,,,,,,,,,,,,,,,,,,,,,0,38,38,15,1,,,,,,,,,,,,,,,,,,,,,,,,,,,,,,,,,,,,,,,,,
,,,,,,,,,,,0.267512209,,KB,001,2020-08-25_16h59.58.799,S2.3ConstantTotalFinal,2020.1.3,MacIntel,60,,,,,,,,,,,,,,,,,,,,CARRY,,,,,,,,,,,,,,,,,,,,,,,,,,,,,,,,,,0,39,39,41,1,,,,,,,,,,,,,,,,,,,,,,,,,,,,,,,,,,,,,,,,,
,,,,,,,,,,,0.562751312,,KB,001,2020-08-25_16h59.58.799,S2.3ConstantTotalFinal,2020.1.3,MacIntel,60,,,,,,,,,,,,,,,,,,,,BOSS,,,,,,,,,,,,,,,,,,,,,,,,,,,,,,,,,,0,40,40,28,1,,,,,,,,,,,,,,,,,,,,,,,,,,,,,,,,,,,,,,,,,
,,,,,,,,,,,,,KB,001,2020-08-25_16h59.58.799,S2.3ConstantTotalFinal,2020.1.3,MacIntel,60,,,,,,,,,,,,,,,,,,,,,,,,,,,,,,,,,,,,,,,,,,,,,,,,,,,,,,,,,,,space,2.07747,1623.585,CARRY,VAGUE,Related,49.92000014,0,0,0,0,1,,,,,,,,,,,,,,,,,,,,,,,,,,,,,
,,,,,,,,,,,,,KB,001,2020-08-25_16h59.58.799,S2.3ConstantTotalFinal,2020.1.3,MacIntel,60,,,,,,,,,,,,,,,,,,,,,,,,,,,,,,,,,,,,,,,,,,,,,,,,,,,,,,,,,,,,,1849.73,BOSS,JEANS,Identical,48.9099999,1,0,1,0,1,,,,,,,,,,,,,,,,,,,,,,,,,,,,,
,,,,,,,,,,,,,KB,001,2020-08-25_16h59.58.799,S2.3ConstantTotalFinal,2020.1.3,MacIntel,60,,,,,,,,,,,,,,,,,,,,,,,,,,,,,,,,,,,,,,,,,,,,,,,,,,,,,,,,,,,,,3482.915,NINE,TRASH,Unrelated,48.44000004,2,0,2,0,1,,,,,,,,,,,,,,,,,,,,,,,,,,,,,
,,,,,,,,,,,,,KB,001,2020-08-25_16h59.58.799,S2.3ConstantTotalFinal,2020.1.3,MacIntel,60,,,,,,,,,,,,,,,,,,,,,,,,,,,,,,,,,,,,,,,,,,,,,,,,,,,,,,,,,,,,,1565.01,EFFECT,PAPER,Identical,49.1200001,3,0,3,0,1,,,,,,,,,,,,,,,,,,,,,,,,,,,,,
,,,,,,,,,,,,,KB,001,2020-08-25_16h59.58.799,S2.3ConstantTotalFinal,2020.1.3,MacIntel,60,,,,,,,,,,,,,,,,,,,,,,,,,,,,,,,,,,,,,,,,,,,,,,,,,,,,,,,,,,,,,1966.23,SLEEP,MONKEY,Identical,49.47499977,4,0,4,0,1,,,,,,,,,,,,,,,,,,,,,,,,,,,,,
,,,,,,,,,,,,,KB,001,2020-08-25_16h59.58.799,S2.3ConstantTotalFinal,2020.1.3,MacIntel,60,,,,,,,,,,,,,,,,,,,,,,,,,,,,,,,,,,,,,,,,,,,,,,,,,,,,,,,,,,,,,4799.985,SOFT,DIGNITY,Related,50.32499973,5,0,5,0,1,,,,,,,,,,,,,,,,,,,,,,,,,,,,,
,,,,,,,,,,,,,KB,001,2020-08-25_16h59.58.799,S2.3ConstantTotalFinal,2020.1.3,MacIntel,60,,,,,,,,,,,,,,,,,,,,,,,,,,,,,,,,,,,,,,,,,,,,,,,,,,,,,,,,,,,,,2142.9,MONKEY,DIRT,Unrelated,49.66000002,6,0,6,0,1,,,,,,,,,,,,,,,,,,,,,,,,,,,,,
,,,,,,,,,,,,,KB,001,2020-08-25_16h59.58.799,S2.3ConstantTotalFinal,2020.1.3,MacIntel,60,,,,,,,,,,,,,,,,,,,,,,,,,,,,,,,,,,,,,,,,,,,,,,,,,,,,,,,,,,,,,2299.715,PROPER,SPICE,Identical,50.63499976,7,0,7,0,1,,,,,,,,,,,,,,,,,,,,,,,,,,,,,
,,,,,,,,,,,,,KB,001,2020-08-25_16h59.58.799,S2.3ConstantTotalFinal,2020.1.3,MacIntel,60,,,,,,,,,,,,,,,,,,,,,,,,,,,,,,,,,,,,,,,,,,,,,,,,,,,,,,,,,,,,,2315.89,TEACH,SCHEME,Related,49.17499982,8,0,8,0,1,,,,,,,,,,,,,,,,,,,,,,,,,,,,,
,,,,,,,,,,,,,KB,001,2020-08-25_16h59.58.799,S2.3ConstantTotalFinal,2020.1.3,MacIntel,60,,,,,,,,,,,,,,,,,,,,,,,,,,,,,,,,,,,,,,,,,,,,,,,,,,,,,,,,,,,,,8012.325,XXXXX,DESIRE,Related,49.28499972,9,0,9,0,1,,,,,,,,,,,,,,,,,,,,,,,,,,,,,
,,,,,,,,,,,,,KB,001,2020-08-25_16h59.58.799,S2.3ConstantTotalFinal,2020.1.3,MacIntel,60,,,,,,,,,,,,,,,,,,,,,,,,,,,,,,,,,,,,,,,,,,,,,,,,,,,,,,,,,,,,,7999.14,XXXXX,SMILE,Unrelated,50.23499997,10,0,10,0,1,,,,,,,,,,,,,,,,,,,,,,,,,,,,,
,,,,,,,,,,,,,KB,001,2020-08-25_16h59.58.799,S2.3ConstantTotalFinal,2020.1.3,MacIntel,60,,,,,,,,,,,,,,,,,,,,,,,,,,,,,,,,,,,,,,,,,,,,,,,,,,,,,,,,,,,,,8000.05,XXXXX,ERASER,Related,49.53499977,11,0,11,0,1,,,,,,,,,,,,,,,,,,,,,,,,,,,,,
,,,,,,,,,,,,,KB,001,2020-08-25_16h59.58.799,S2.3ConstantTotalFinal,2020.1.3,MacIntel,60,,,,,,,,,,,,,,,,,,,,,,,,,,,,,,,,,,,,,,,,,,,,,,,,,,,,,,,,,,,,,8000.415,XXXXX,THIEF,Unrelated,50.605,12,0,12,0,1,,,,,,,,,,,,,,,,,,,,,,,,,,,,,
,,,,,,,,,,,,,KB,001,2020-08-25_16h59.58.799,S2.3ConstantTotalFinal,2020.1.3,MacIntel,60,,,,,,,,,,,,,,,,,,,,,,,,,,,,,,,,,,,,,,,,,,,,,,,,,,,,,,,,,,,,,8000.44,XXXXX,SMART,Identical,48.72999992,13,0,13,0,1,,,,,,,,,,,,,,,,,,,,,,,,,,,,,
,,,,,,,,,,,,,KB,001,2020-08-25_16h59.58.799,S2.3ConstantTotalFinal,2020.1.3,MacIntel,60,,,,,,,,,,,,,,,,,,,,,,,,,,,,,,,,,,,,,,,,,,,,,,,,,,,,,,,,,,,,,7999.18,XXXXX,TELLER,Related,49.98999974,14,0,14,0,1,,,,,,,,,,,,,,,,,,,,,,,,,,,,,
,,,,,,,,,,,,,KB,001,2020-08-25_16h59.58.799,S2.3ConstantTotalFinal,2020.1.3,MacIntel,60,,,,,,,,,,,,,,,,,,,,,,,,,,,,,,,,,,,,,,,,,,,,,,,,,,,,,,,,,,,,,8016.76,XXXXX,BORED,Related,50.055,15,0,15,0,1,,,,,,,,,,,,,,,,,,,,,,,,,,,,,
,,,,,,,,,,,,,KB,001,2020-08-25_16h59.58.799,S2.3ConstantTotalFinal,2020.1.3,MacIntel,60,,,,,,,,,,,,,,,,,,,,,,,,,,,,,,,,,,,,,,,,,,,,,,,,,,,,,,,,,,,,,2683.705,XXXXX,MEDIUM,Related,48.46000019,16,0,16,0,1,,,,,,,,,,,,,,,,,,,,,,,,,,,,,
,,,,,,,,,,,,,KB,001,2020-08-25_16h59.58.799,S2.3ConstantTotalFinal,2020.1.3,MacIntel,60,,,,,,,,,,,,,,,,,,,,,,,,,,,,,,,,,,,,,,,,,,,,,,,,,,,,,,,,,,,,,1098.505,XXXXX,PICTURE,Unrelated,49.52500015,17,0,17,0,1,,,,,,,,,,,,,,,,,,,,,,,,,,,,,
,,,,,,,,,,,,,KB,001,2020-08-25_16h59.58.799,S2.3ConstantTotalFinal,2020.1.3,MacIntel,60,,,,,,,,,,,,,,,,,,,,,,,,,,,,,,,,,,,,,,,,,,,,,,,,,,,,,,,,,,,,,66.81500003,XXXXX,ANGER,Related,50.93999999,18,0,18,0,1,,,,,,,,,,,,,,,,,,,,,,,,,,,,,
,,,,,,,,,,,,,KB,001,2020-08-25_16h59.58.799,S2.3ConstantTotalFinal,2020.1.3,MacIntel,60,,,,,,,,,,,,,,,,,,,,,,,,,,,,,,,,,,,,,,,,,,,,,,,,,,,,,,,,,,,,,499.2749998,XXXXX,BLACK,Unrelated,50.02499977,19,0,19,0,1,,,,,,,,,,,,,,,,,,,,,,,,,,,,,
,,,,,,,,,,,,,KB,001,2020-08-25_16h59.58.799,S2.3ConstantTotalFinal,2020.1.3,MacIntel,60,,,,,,,,,,,,,,,,,,,,,,,,,,,,,,,,,,,,,,,,,,,,,,,,,,,,,,,,,,,,,994.2700001,XXXXX,GREET,Related,49.78499981,20,0,20,0,1,,,,,,,,,,,,,,,,,,,,,,,,,,,,,
,,,,,,,,,,,,,KB,001,2020-08-25_16h59.58.799,S2.3ConstantTotalFinal,2020.1.3,MacIntel,60,,,,,,,,,,,,,,,,,,,,,,,,,,,,,,,,,,,,,,,,,,,,,,,,,,,,,,,,,,,,,148.8650003,XXXXX,BELOW,Unrelated,48.95500001,21,0,21,0,1,,,,,,,,,,,,,,,,,,,,,,,,,,,,,
,,,,,,,,,,,,,KB,001,2020-08-25_16h59.58.799,S2.3ConstantTotalFinal,2020.1.3,MacIntel,60,,,,,,,,,,,,,,,,,,,,,,,,,,,,,,,,,,,,,,,,,,,,,,,,,,,,,,,,,,,,,1015.555,XXXXX,SHRINK,Related,49.74999977,22,0,22,0,1,,,,,,,,,,,,,,,,,,,,,,,,,,,,,
,,,,,,,,,,,,,KB,001,2020-08-25_16h59.58.799,S2.3ConstantTotalFinal,2020.1.3,MacIntel,60,,,,,,,,,,,,,,,,,,,,,,,,,,,,,,,,,,,,,,,,,,,,,,,,,,,,,,,,,,,,,8004.605,XXXXX,TIGHT,Unrelated,66.43000012,23,0,23,0,1,,,,,,,,,,,,,,,,,,,,,,,,,,,,,
,,,,,,,,,,,,,KB,001,2020-08-25_16h59.58.799,S2.3ConstantTotalFinal,2020.1.3,MacIntel,60,,,,,,,,,,,,,,,,,,,,,,,,,,,,,,,,,,,,,,,,,,,,,,,,,,,,,,,,,,,,,1350.145,SMART,OVEN,Identical,49.54000004,24,0,24,0,1,,,,,,,,,,,,,,,,,,,,,,,,,,,,,
,,,,,,,,,,,,,KB,001,2020-08-25_16h59.58.799,S2.3ConstantTotalFinal,2020.1.3,MacIntel,60,,,,,,,,,,,,,,,,,,,,,,,,,,,,,,,,,,,,,,,,,,,,,,,,,,,,,,,,,,,,,7999.505,XXXXX,BOAT,Related,50.76499982,25,0,25,0,1,,,,,,,,,,,,,,,,,,,,,,,,,,,,,
,,,,,,,,,,,,,KB,001,2020-08-25_16h59.58.799,S2.3ConstantTotalFinal,2020.1.3,MacIntel,60,,,,,,,,,,,,,,,,,,,,,,,,,,,,,,,,,,,,,,,,,,,,,,,,,,,,,,,,,,,,,7432.645,XXXXX,FRONT,Identical,49.26999984,26,0,26,0,1,,,,,,,,,,,,,,,,,,,,,,,,,,,,,
,,,,,,,,,,,,,KB,001,2020-08-25_16h59.58.799,S2.3ConstantTotalFinal,2020.1.3,MacIntel,60,,,,,,,,,,,,,,,,,,,,,,,,,,,,,,,,,,,,,,,,,,,,,,,,,,,,,,,,,,,,,4634.12,XXXXX,ONCE,Identical,48.99000004,27,0,27,0,1,,,,,,,,,,,,,,,,,,,,,,,,,,,,,
,,,,,,,,,,,,,KB,001,2020-08-25_16h59.58.799,S2.3ConstantTotalFinal,2020.1.3,MacIntel,60,,,,,,,,,,,,,,,,,,,,,,,,,,,,,,,,,,,,,,,,,,,,,,,,,,,,,,,,,,,,,949.9650002,XXXXX,ALLOW,Identical,50.31000031,28,0,28,0,1,,,,,,,,,,,,,,,,,,,,,,,,,,,,,
,,,,,,,,,,,,,KB,001,2020-08-25_16h59.58.799,S2.3ConstantTotalFinal,2020.1.3,MacIntel,60,,,,,,,,,,,,,,,,,,,,,,,,,,,,,,,,,,,,,,,,,,,,,,,,,,,,,,,,,,,,,8000.32,XXXXX,LEARN,Unrelated,46.41000042,29,0,29,0,1,,,,,,,,,,,,,,,,,,,,,,,,,,,,,
,,,,,,,,,,,,,KB,001,2020-08-25_16h59.58.799,S2.3ConstantTotalFinal,2020.1.3,MacIntel,60,,,,,,,,,,,,,,,,,,,,,,,,,,,,,,,,,,,,,,,,,,,,,,,,,,,,,,,,,,,,,1565.78,XXXXX,MOAT,Related,50.21000002,30,0,30,0,1,,,,,,,,,,,,,,,,,,,,,,,,,,,,,
,,,,,,,,,,,,,KB,001,2020-08-25_16h59.58.799,S2.3ConstantTotalFinal,2020.1.3,MacIntel,60,,,,,,,,,,,,,,,,,,,,,,,,,,,,,,,,,,,,,,,,,,,,,,,,,,,,,,,,,,,,,8000.77,XXXXX,CARBON,Related,49.51999988,31,0,31,0,1,,,,,,,,,,,,,,,,,,,,,,,,,,,,,
,,,,,,,,,,,,,KB,001,2020-08-25_16h59.58.799,S2.3ConstantTotalFinal,2020.1.3,MacIntel,60,,,,,,,,,,,,,,,,,,,,,,,,,,,,,,,,,,,,,,,,,,,,,,,,,,,,,,,,,,,,,932.7449999,XXXXX,SCRATCH,Related,50.34499988,32,0,32,0,1,,,,,,,,,,,,,,,,,,,,,,,,,,,,,
,,,,,,,,,,,,,KB,001,2020-08-25_16h59.58.799,S2.3ConstantTotalFinal,2020.1.3,MacIntel,60,,,,,,,,,,,,,,,,,,,,,,,,,,,,,,,,,,,,,,,,,,,,,,,,,,,,,,,,,,,,,248.7599999,XXXXX,FROG,Unrelated,48.19499981,33,0,33,0,1,,,,,,,,,,,,,,,,,,,,,,,,,,,,,
,,,,,,,,,,,,,KB,001,2020-08-25_16h59.58.799,S2.3ConstantTotalFinal,2020.1.3,MacIntel,60,,,,,,,,,,,,,,,,,,,,,,,,,,,,,,,,,,,,,,,,,,,,,,,,,,,,,,,,,,,,,100.7400001,XXXXX,MAXIMUM,Related,50.4399999,34,0,34,0,1,,,,,,,,,,,,,,,,,,,,,,,,,,,,,
,,,,,,,,,,,,,KB,001,2020-08-25_16h59.58.799,S2.3ConstantTotalFinal,2020.1.3,MacIntel,60,,,,,,,,,,,,,,,,,,,,,,,,,,,,,,,,,,,,,,,,,,,,,,,,,,,,,,,,,,,,,934.8849999,XXXXX,BAKE,Related,49.97000005,35,0,35,0,1,,,,,,,,,,,,,,,,,,,,,,,,,,,,,
,,,,,,,,,,,,,KB,001,2020-08-25_16h59.58.799,S2.3ConstantTotalFinal,2020.1.3,MacIntel,60,,,,,,,,,,,,,,,,,,,,,,,,,,,,,,,,,,,,,,,,,,,,,,,,,,,,,,,,,,,,,2783.51,XXXXX,MINOR,Unrelated,50.31000031,36,0,36,0,1,,,,,,,,,,,,,,,,,,,,,,,,,,,,,
,,,,,,,,,,,,,KB,001,2020-08-25_16h59.58.799,S2.3ConstantTotalFinal,2020.1.3,MacIntel,60,,,,,,,,,,,,,,,,,,,,,,,,,,,,,,,,,,,,,,,,,,,,,,,,,,,,,,,,,,,,,483.765,XXXXX,FIRE,Identical,48.06500021,37,0,37,0,1,,,,,,,,,,,,,,,,,,,,,,,,,,,,,
,,,,,,,,,,,,,KB,001,2020-08-25_16h59.58.799,S2.3ConstantTotalFinal,2020.1.3,MacIntel,60,,,,,,,,,,,,,,,,,,,,,,,,,,,,,,,,,,,,,,,,,,,,,,,,,,,,,,,,,,,,,8000.53,XXXXX,GLASSES,Identical,49.45999989,38,0,38,0,1,,,,,,,,,,,,,,,,,,,,,,,,,,,,,
,,,,,,,,,,,,,KB,001,2020-08-25_16h59.58.799,S2.3ConstantTotalFinal,2020.1.3,MacIntel,60,,,,,,,,,,,,,,,,,,,,,,,,,,,,,,,,,,,,,,,,,,,,,,,,,,,,,,,,,,,,,584.785,XXXXX,LAKE,Unrelated,50.69500022,39,0,39,0,1,,,,,,,,,,,,,,,,,,,,,,,,,,,,,
,,,,,,,,,,,,,KB,001,2020-08-25_16h59.58.799,S2.3ConstantTotalFinal,2020.1.3,MacIntel,60,,,,,,,,,,,,,,,,,,,,,,,,,,,,,,,,,,,,,,,,,,,,,,,,,,,,,,,,,,,,,8000.295,XXXXX,MAIL,Related,48.04500006,40,0,40,0,1,,,,,,,,,,,,,,,,,,,,,,,,,,,,,
,,,,,,,,,,,,,KB,001,2020-08-25_16h59.58.799,S2.3ConstantTotalFinal,2020.1.3,MacIntel,60,,,,,,,,,,,,,,,,,,,,,,,,,,,,,,,,,,,,,,,,,,,,,,,,,,,,,,,,,,,,,8044.735,XXXXX,JUMP,Unrelated,50.37500011,41,0,41,0,1,,,,,,,,,,,,,,,,,,,,,,,,,,,,,
,,,,,,,,,,,0.933721223,,KB,001,2020-08-25_16h59.58.799,S2.3ConstantTotalFinal,2020.1.3,MacIntel,60,,,,,,,,,,,,,,,,,,,,TREE,,,,,,,,,,,,,,,,,,,,,,,,,,,,,,,,,,,,,,,,,,,,,,,,,,,space,13.85974,0,0,0,5,1,,,,,,,,,,,,,,,,,,,,,,
,,,,,,,,,,,0.434541075,,KB,001,2020-08-25_16h59.58.799,S2.3ConstantTotalFinal,2020.1.3,MacIntel,60,,,,,,,,,,,,,,,,,,,,HAPPY,,,,,,,,,,,,,,,,,,,,,,,,,,,,,,,,,,,,,,,,,,,,,,,,,,,,,0,1,1,28,1,,,,,,,,,,,,,,,,,,,,,,
,,,,,,,,,,,0.003039165,,KB,001,2020-08-25_16h59.58.799,S2.3ConstantTotalFinal,2020.1.3,MacIntel,60,,,,,,,,,,,,,,,,,,,,TAKE,,,,,,,,,,,,,,,,,,,,,,,,,,,,,,,,,,,,,,,,,,,,,,,,,,,,,0,2,2,22,1,,,,,,,,,,,,,,,,,,,,,,
,,,,,,,,,,,0.297672067,,KB,001,2020-08-25_16h59.58.799,S2.3ConstantTotalFinal,2020.1.3,MacIntel,60,,,,,,,,,,,,,,,,,,,,FIND,,,,,,,,,,,,,,,,,,,,,,,,,,,,,,,,,,,,,,,,,,,,,,,,,,,,,0,3,3,2,1,,,,,,,,,,,,,,,,,,,,,,
,,,,,,,,,,,0.432792504,,KB,001,2020-08-25_16h59.58.799,S2.3ConstantTotalFinal,2020.1.3,MacIntel,60,,,,,,,,,,,,,,,,,,,,DRESS,,,,,,,,,,,,,,,,,,,,,,,,,,,,,,,,,,,,,,,,,,,,,,,,,,,,,0,4,4,14,1,,,,,,,,,,,,,,,,,,,,,,
,,,,,,,,,,,0.47192944,,KB,001,2020-08-25_16h59.58.799,S2.3ConstantTotalFinal,2020.1.3,MacIntel,60,,,,,,,,,,,,,,,,,,,,ROOF,,,,,,,,,,,,,,,,,,,,,,,,,,,,,,,,,,,,,,,,,,,,,,,,,,,,,0,5,5,30,1,,,,,,,,,,,,,,,,,,,,,,
,,,,,,,,,,,0.485151791,,KB,001,2020-08-25_16h59.58.799,S2.3ConstantTotalFinal,2020.1.3,MacIntel,60,,,,,,,,,,,,,,,,,,,,TALK,,,,,,,,,,,,,,,,,,,,,,,,,,,,,,,,,,,,,,,,,,,,,,,,,,,,,0,6,6,10,1,,,,,,,,,,,,,,,,,,,,,,
,,,,,,,,,,,0.227844251,,KB,001,2020-08-25_16h59.58.799,S2.3ConstantTotalFinal,2020.1.3,MacIntel,60,,,,,,,,,,,,,,,,,,,,LOVE,,,,,,,,,,,,,,,,,,,,,,,,,,,,,,,,,,,,,,,,,,,,,,,,,,,,,0,7,7,29,1,,,,,,,,,,,,,,,,,,,,,,
,,,,,,,,,,,0.902442749,,KB,001,2020-08-25_16h59.58.799,S2.3ConstantTotalFinal,2020.1.3,MacIntel,60,,,,,,,,,,,,,,,,,,,,LETTUCE,,,,,,,,,,,,,,,,,,,,,,,,,,,,,,,,,,,,,,,,,,,,,,,,,,,,,0,8,8,6,1,,,,,,,,,,,,,,,,,,,,,,
,,,,,,,,,,,0.101708807,,KB,001,2020-08-25_16h59.58.799,S2.3ConstantTotalFinal,2020.1.3,MacIntel,60,,,,,,,,,,,,,,,,,,,,SOUR,,,,,,,,,,,,,,,,,,,,,,,,,,,,,,,,,,,,,,,,,,,,,,,,,,,,,0,9,9,39,1,,,,,,,,,,,,,,,,,,,,,,
,,,,,,,,,,,0.654474379,,KB,001,2020-08-25_16h59.58.799,S2.3ConstantTotalFinal,2020.1.3,MacIntel,60,,,,,,,,,,,,,,,,,,,,MUSIC ,,,,,,,,,,,,,,,,,,,,,,,,,,,,,,,,,,,,,,,,,,,,,,,,,,,,,0,10,10,9,1,,,,,,,,,,,,,,,,,,,,,,
,,,,,,,,,,,0.114415713,,KB,001,2020-08-25_16h59.58.799,S2.3ConstantTotalFinal,2020.1.3,MacIntel,60,,,,,,,,,,,,,,,,,,,,YEAR,,,,,,,,,,,,,,,,,,,,,,,,,,,,,,,,,,,,,,,,,,,,,,,,,,,,,0,11,11,16,1,,,,,,,,,,,,,,,,,,,,,,
,,,,,,,,,,,0.353332029,,KB,001,2020-08-25_16h59.58.799,S2.3ConstantTotalFinal,2020.1.3,MacIntel,60,,,,,,,,,,,,,,,,,,,,HAIR,,,,,,,,,,,,,,,,,,,,,,,,,,,,,,,,,,,,,,,,,,,,,,,,,,,,,0,12,12,20,1,,,,,,,,,,,,,,,,,,,,,,
,,,,,,,,,,,0.975156126,,KB,001,2020-08-25_16h59.58.799,S2.3ConstantTotalFinal,2020.1.3,MacIntel,60,,,,,,,,,,,,,,,,,,,,HEAR,,,,,,,,,,,,,,,,,,,,,,,,,,,,,,,,,,,,,,,,,,,,,,,,,,,,,0,13,13,25,1,,,,,,,,,,,,,,,,,,,,,,
,,,,,,,,,,,0.177228627,,KB,001,2020-08-25_16h59.58.799,S2.3ConstantTotalFinal,2020.1.3,MacIntel,60,,,,,,,,,,,,,,,,,,,,JACKET,,,,,,,,,,,,,,,,,,,,,,,,,,,,,,,,,,,,,,,,,,,,,,,,,,,,,0,14,14,1,1,,,,,,,,,,,,,,,,,,,,,,
,,,,,,,,,,,0.321435501,,KB,001,2020-08-25_16h59.58.799,S2.3ConstantTotalFinal,2020.1.3,MacIntel,60,,,,,,,,,,,,,,,,,,,,NONE,,,,,,,,,,,,,,,,,,,,,,,,,,,,,,,,,,,,,,,,,,,,,,,,,,,,,0,15,15,36,1,,,,,,,,,,,,,,,,,,,,,,
,,,,,,,,,,,0.203057337,,KB,001,2020-08-25_16h59.58.799,S2.3ConstantTotalFinal,2020.1.3,MacIntel,60,,,,,,,,,,,,,,,,,,,,MAYBE,,,,,,,,,,,,,,,,,,,,,,,,,,,,,,,,,,,,,,,,,,,,,,,,,,,,,0,16,16,8,1,,,,,,,,,,,,,,,,,,,,,,
,,,,,,,,,,,0.500576357,,KB,001,2020-08-25_16h59.58.799,S2.3ConstantTotalFinal,2020.1.3,MacIntel,60,,,,,,,,,,,,,,,,,,,,CHURCH,,,,,,,,,,,,,,,,,,,,,,,,,,,,,,,,,,,,,,,,,,,,,,,,,,,,,0,17,17,13,1,,,,,,,,,,,,,,,,,,,,,,
,,,,,,,,,,,0.741360008,,KB,001,2020-08-25_16h59.58.799,S2.3ConstantTotalFinal,2020.1.3,MacIntel,60,,,,,,,,,,,,,,,,,,,,VOLCANO,,,,,,,,,,,,,,,,,,,,,,,,,,,,,,,,,,,,,,,,,,,,,,,,,,,,,0,18,18,32,1,,,,,,,,,,,,,,,,,,,,,,
,,,,,,,,,,,0.561006176,,KB,001,2020-08-25_16h59.58.799,S2.3ConstantTotalFinal,2020.1.3,MacIntel,60,,,,,,,,,,,,,,,,,,,,STICKY,,,,,,,,,,,,,,,,,,,,,,,,,,,,,,,,,,,,,,,,,,,,,,,,,,,,,0,19,19,21,1,,,,,,,,,,,,,,,,,,,,,,
,,,,,,,,,,,0.273215507,,KB,001,2020-08-25_16h59.58.799,S2.3ConstantTotalFinal,2020.1.3,MacIntel,60,,,,,,,,,,,,,,,,,,,,SHIP,,,,,,,,,,,,,,,,,,,,,,,,,,,,,,,,,,,,,,,,,,,,,,,,,,,,,0,20,20,35,1,,,,,,,,,,,,,,,,,,,,,,
,,,,,,,,,,,0.078306855,,KB,001,2020-08-25_16h59.58.799,S2.3ConstantTotalFinal,2020.1.3,MacIntel,60,,,,,,,,,,,,,,,,,,,,BELL,,,,,,,,,,,,,,,,,,,,,,,,,,,,,,,,,,,,,,,,,,,,,,,,,,,,,0,21,21,24,1,,,,,,,,,,,,,,,,,,,,,,
,,,,,,,,,,,0.689456123,,KB,001,2020-08-25_16h59.58.799,S2.3ConstantTotalFinal,2020.1.3,MacIntel,60,,,,,,,,,,,,,,,,,,,,WARM,,,,,,,,,,,,,,,,,,,,,,,,,,,,,,,,,,,,,,,,,,,,,,,,,,,,,0,22,22,33,1,,,,,,,,,,,,,,,,,,,,,,
,,,,,,,,,,,0.633262363,,KB,001,2020-08-25_16h59.58.799,S2.3ConstantTotalFinal,2020.1.3,MacIntel,60,,,,,,,,,,,,,,,,,,,,PROBLEM,,,,,,,,,,,,,,,,,,,,,,,,,,,,,,,,,,,,,,,,,,,,,,,,,,,,,0,23,23,38,1,,,,,,,,,,,,,,,,,,,,,,
,,,,,,,,,,,0.585507627,,KB,001,2020-08-25_16h59.58.799,S2.3ConstantTotalFinal,2020.1.3,MacIntel,60,,,,,,,,,,,,,,,,,,,,SICK,,,,,,,,,,,,,,,,,,,,,,,,,,,,,,,,,,,,,,,,,,,,,,,,,,,,,0,24,24,3,1,,,,,,,,,,,,,,,,,,,,,,
,,,,,,,,,,,0.051418158,,KB,001,2020-08-25_16h59.58.799,S2.3ConstantTotalFinal,2020.1.3,MacIntel,60,,,,,,,,,,,,,,,,,,,,SMELL,,,,,,,,,,,,,,,,,,,,,,,,,,,,,,,,,,,,,,,,,,,,,,,,,,,,,0,25,25,41,1,,,,,,,,,,,,,,,,,,,,,,
,,,,,,,,,,,0.161148142,,KB,001,2020-08-25_16h59.58.799,S2.3ConstantTotalFinal,2020.1.3,MacIntel,60,,,,,,,,,,,,,,,,,,,,STREET,,,,,,,,,,,,,,,,,,,,,,,,,,,,,,,,,,,,,,,,,,,,,,,,,,,,,0,26,26,19,1,,,,,,,,,,,,,,,,,,,,,,
,,,,,,,,,,,0.01289595,,KB,001,2020-08-25_16h59.58.799,S2.3ConstantTotalFinal,2020.1.3,MacIntel,60,,,,,,,,,,,,,,,,,,,,STORE,,,,,,,,,,,,,,,,,,,,,,,,,,,,,,,,,,,,,,,,,,,,,,,,,,,,,0,27,27,37,1,,,,,,,,,,,,,,,,,,,,,,
,,,,,,,,,,,0.38947274,,KB,001,2020-08-25_16h59.58.799,S2.3ConstantTotalFinal,2020.1.3,MacIntel,60,,,,,,,,,,,,,,,,,,,,MAGIC,,,,,,,,,,,,,,,,,,,,,,,,,,,,,,,,,,,,,,,,,,,,,,,,,,,,,0,28,28,27,1,,,,,,,,,,,,,,,,,,,,,,
,,,,,,,,,,,0.298883922,,KB,001,2020-08-25_16h59.58.799,S2.3ConstantTotalFinal,2020.1.3,MacIntel,60,,,,,,,,,,,,,,,,,,,,CHOOSE,,,,,,,,,,,,,,,,,,,,,,,,,,,,,,,,,,,,,,,,,,,,,,,,,,,,,0,29,29,31,1,,,,,,,,,,,,,,,,,,,,,,
,,,,,,,,,,,0.1044825,,KB,001,2020-08-25_16h59.58.799,S2.3ConstantTotalFinal,2020.1.3,MacIntel,60,,,,,,,,,,,,,,,,,,,,STRANGE,,,,,,,,,,,,,,,,,,,,,,,,,,,,,,,,,,,,,,,,,,,,,,,,,,,,,0,30,30,4,1,,,,,,,,,,,,,,,,,,,,,,
,,,,,,,,,,,0.982636792,,KB,001,2020-08-25_16h59.58.799,S2.3ConstantTotalFinal,2020.1.3,MacIntel,60,,,,,,,,,,,,,,,,,,,,SWORD,,,,,,,,,,,,,,,,,,,,,,,,,,,,,,,,,,,,,,,,,,,,,,,,,,,,,0,31,31,17,1,,,,,,,,,,,,,,,,,,,,,,
,,,,,,,,,,,0.920186203,,KB,001,2020-08-25_16h59.58.799,S2.3ConstantTotalFinal,2020.1.3,MacIntel,60,,,,,,,,,,,,,,,,,,,,BOARD,,,,,,,,,,,,,,,,,,,,,,,,,,,,,,,,,,,,,,,,,,,,,,,,,,,,,0,32,32,18,1,,,,,,,,,,,,,,,,,,,,,,
,,,,,,,,,,,0.163602798,,KB,001,2020-08-25_16h59.58.799,S2.3ConstantTotalFinal,2020.1.3,MacIntel,60,,,,,,,,,,,,,,,,,,,,LAUGH,,,,,,,,,,,,,,,,,,,,,,,,,,,,,,,,,,,,,,,,,,,,,,,,,,,,,0,33,33,15,1,,,,,,,,,,,,,,,,,,,,,,
,,,,,,,,,,,0.512473355,,KB,001,2020-08-25_16h59.58.799,S2.3ConstantTotalFinal,2020.1.3,MacIntel,60,,,,,,,,,,,,,,,,,,,,BREAK,,,,,,,,,,,,,,,,,,,,,,,,,,,,,,,,,,,,,,,,,,,,,,,,,,,,,0,34,34,34,1,,,,,,,,,,,,,,,,,,,,,,
,,,,,,,,,,,0.348487237,,KB,001,2020-08-25_16h59.58.799,S2.3ConstantTotalFinal,2020.1.3,MacIntel,60,,,,,,,,,,,,,,,,,,,,GAME,,,,,,,,,,,,,,,,,,,,,,,,,,,,,,,,,,,,,,,,,,,,,,,,,,,,,0,35,35,7,1,,,,,,,,,,,,,,,,,,,,,,
,,,,,,,,,,,0.053444124,,KB,001,2020-08-25_16h59.58.799,S2.3ConstantTotalFinal,2020.1.3,MacIntel,60,,,,,,,,,,,,,,,,,,,,DESERT,,,,,,,,,,,,,,,,,,,,,,,,,,,,,,,,,,,,,,,,,,,,,,,,,,,,,0,36,36,26,1,,,,,,,,,,,,,,,,,,,,,,
,,,,,,,,,,,0.419721065,,KB,001,2020-08-25_16h59.58.799,S2.3ConstantTotalFinal,2020.1.3,MacIntel,60,,,,,,,,,,,,,,,,,,,,SING,,,,,,,,,,,,,,,,,,,,,,,,,,,,,,,,,,,,,,,,,,,,,,,,,,,,,0,37,37,40,1,,,,,,,,,,,,,,,,,,,,,,
,,,,,,,,,,,0.758553203,,KB,001,2020-08-25_16h59.58.799,S2.3ConstantTotalFinal,2020.1.3,MacIntel,60,,,,,,,,,,,,,,,,,,,,FOOD,,,,,,,,,,,,,,,,,,,,,,,,,,,,,,,,,,,,,,,,,,,,,,,,,,,,,0,38,38,11,1,,,,,,,,,,,,,,,,,,,,,,
,,,,,,,,,,,0.171478947,,KB,001,2020-08-25_16h59.58.799,S2.3ConstantTotalFinal,2020.1.3,MacIntel,60,,,,,,,,,,,,,,,,,,,,CLEAR,,,,,,,,,,,,,,,,,,,,,,,,,,,,,,,,,,,,,,,,,,,,,,,,,,,,,0,39,39,12,1,,,,,,,,,,,,,,,,,,,,,,
,,,,,,,,,,,0.044961175,,KB,001,2020-08-25_16h59.58.799,S2.3ConstantTotalFinal,2020.1.3,MacIntel,60,,,,,,,,,,,,,,,,,,,,COLLECT,,,,,,,,,,,,,,,,,,,,,,,,,,,,,,,,,,,,,,,,,,,,,,,,,,,,,0,40,40,0,1,,,,,,,,,,,,,,,,,,,,,,
,,,,,,,,,,,,,KB,001,2020-08-25_16h59.58.799,S2.3ConstantTotalFinal,2020.1.3,MacIntel,60,,,,,,,,,,,,,,,,,,,,,,,,,,,,,,,,,,,,,,,,,,,,,,,,,,,,,,,,,,,,,,,,,,,,,,,,,,,,,,space,1.16975,3013.66,COLLECT ,SHIP,Identical,48.72499965,0,0,0,0,1,,,,,,,,,,
,,,,,,,,,,,,,KB,001,2020-08-25_16h59.58.799,S2.3ConstantTotalFinal,2020.1.3,MacIntel,60,,,,,,,,,,,,,,,,,,,,,,,,,,,,,,,,,,,,,,,,,,,,,,,,,,,,,,,,,,,,,,,,,,,,,,,,,,,,,,,,2411.385,LOSE,CANDLE,Unrelated,48.85500018,1,0,1,0,1,,,,,,,,,,
,,,,,,,,,,,,,KB,001,2020-08-25_16h59.58.799,S2.3ConstantTotalFinal,2020.1.3,MacIntel,60,,,,,,,,,,,,,,,,,,,,,,,,,,,,,,,,,,,,,,,,,,,,,,,,,,,,,,,,,,,,,,,,,,,,,,,,,,,,,,,,1720.265,DESERT,STRANGE,Identical,48.98500023,2,0,2,0,1,,,,,,,,,,
,,,,,,,,,,,,,KB,001,2020-08-25_16h59.58.799,S2.3ConstantTotalFinal,2020.1.3,MacIntel,60,,,,,,,,,,,,,,,,,,,,,,,,,,,,,,,,,,,,,,,,,,,,,,,,,,,,,,,,,,,,,,,,,,,,,,,,,,,,,,,,1982.675,BREAK,GOURMET,Related,50.15999964,3,0,3,0,1,,,,,,,,,,
,,,,,,,,,,,,,KB,001,2020-08-25_16h59.58.799,S2.3ConstantTotalFinal,2020.1.3,MacIntel,60,,,,,,,,,,,,,,,,,,,,,,,,,,,,,,,,,,,,,,,,,,,,,,,,,,,,,,,,,,,,,,,,,,,,,,,,,,,,,,,,1567.7,GAME,SOUR,Identical,48.77500003,4,0,4,0,1,,,,,,,,,,
,,,,,,,,,,,,,KB,001,2020-08-25_16h59.58.799,S2.3ConstantTotalFinal,2020.1.3,MacIntel,60,,,,,,,,,,,,,,,,,,,,,,,,,,,,,,,,,,,,,,,,,,,,,,,,,,,,,,,,,,,,,,,,,,,,,,,,,,,,,,,,1851.645,LAUGH,STORE,Identical,51.91499973,5,0,5,0,1,,,,,,,,,,
,,,,,,,,,,,,,KB,001,2020-08-25_16h59.58.799,S2.3ConstantTotalFinal,2020.1.3,MacIntel,60,,,,,,,,,,,,,,,,,,,,,,,,,,,,,,,,,,,,,,,,,,,,,,,,,,,,,,,,,,,,,,,,,,,,,,,,,,,,,,,,1067.025,TREE,MIGHT,Related,50.38999999,6,0,6,0,1,,,,,,,,,,
,,,,,,,,,,,,,KB,001,2020-08-25_16h59.58.799,S2.3ConstantTotalFinal,2020.1.3,MacIntel,60,,,,,,,,,,,,,,,,,,,,,,,,,,,,,,,,,,,,,,,,,,,,,,,,,,,,,,,,,,,,,,,,,,,,,,,,,,,,,,,,1849.65,HAPPY,WARM,Identical,49.59500022,7,0,7,0,1,,,,,,,,,,
,,,,,,,,,,,,,KB,001,2020-08-25_16h59.58.799,S2.3ConstantTotalFinal,2020.1.3,MacIntel,60,,,,,,,,,,,,,,,,,,,,,,,,,,,,,,,,,,,,,,,,,,,,,,,,,,,,,,,,,,,,,,,,,,,,,,,,,,,,,,,,1349.01,ROOF,VERB,Unrelated,49.40999998,8,0,8,0,1,,,,,,,,,,
,,,,,,,,,,,,,KB,001,2020-08-25_16h59.58.799,S2.3ConstantTotalFinal,2020.1.3,MacIntel,60,,,,,,,,,,,,,,,,,,,,,,,,,,,,,,,,,,,,,,,,,,,,,,,,,,,,,,,,,,,,,,,,,,,,,,,,,,,,,,,,1567.205,LOVE,SICK,Identical,49.59500022,9,0,9,0,1,,,,,,,,,,
,,,,,,,,,,,,,KB,001,2020-08-25_16h59.58.799,S2.3ConstantTotalFinal,2020.1.3,MacIntel,60,,,,,,,,,,,,,,,,,,,,,,,,,,,,,,,,,,,,,,,,,,,,,,,,,,,,,,,,,,,,,,,,,,,,,,,,,,,,,,,,2099.18,LETTUCE,STICKY,Identical,49.31500042,10,0,10,0,1,,,,,,,,,,
,,,,,,,,,,,,,KB,001,2020-08-25_16h59.58.799,S2.3ConstantTotalFinal,2020.1.3,MacIntel,60,,,,,,,,,,,,,,,,,,,,,,,,,,,,,,,,,,,,,,,,,,,,,,,,,,,,,,,,,,,,,,,,,,,,,,,,,,,,,,,,1118.895,DRESS,LESS,Unrelated,49.9900002,11,0,11,0,1,,,,,,,,,,
,,,,,,,,,,,,,KB,001,2020-08-25_16h59.58.799,S2.3ConstantTotalFinal,2020.1.3,MacIntel,60,,,,,,,,,,,,,,,,,,,,,,,,,,,,,,,,,,,,,,,,,,,,,,,,,,,,,,,,,,,,,,,,,,,,,,,,,,,,,,,,7999.69,XXXXX,VOLCANO,Identical,49.75500004,12,0,12,0,1,,,,,,,,,,
,,,,,,,,,,,,,KB,001,2020-08-25_16h59.58.799,S2.3ConstantTotalFinal,2020.1.3,MacIntel,60,,,,,,,,,,,,,,,,,,,,,,,,,,,,,,,,,,,,,,,,,,,,,,,,,,,,,,,,,,,,,,,,,,,,,,,,,,,,,,,,1383.71,ACKET,BAND,Related,49.9549997,13,0,13,0,1,,,,,,,,,,
,,,,,,,,,,,,,KB,001,2020-08-25_16h59.58.799,S2.3ConstantTotalFinal,2020.1.3,MacIntel,60,,,,,,,,,,,,,,,,,,,,,,,,,,,,,,,,,,,,,,,,,,,,,,,,,,,,,,,,,,,,,,,,,,,,,,,,,,,,,,,,792.9349998,CKET,CHIME,Related,50.93500018,14,0,14,0,1,,,,,,,,,,
,,,,,,,,,,,,,KB,001,2020-08-25_16h59.58.799,S2.3ConstantTotalFinal,2020.1.3,MacIntel,60,,,,,,,,,,,,,,,,,,,,,,,,,,,,,,,,,,,,,,,,,,,,,,,,,,,,,,,,,,,,,,,,,,,,,,,,,,,,,,,,332.2300003,E,MOTHER,Unrelated,51.59500008,15,0,15,0,1,,,,,,,,,,
,,,,,,,,,,,,,KB,001,2020-08-25_16h59.58.799,S2.3ConstantTotalFinal,2020.1.3,MacIntel,60,,,,,,,,,,,,,,,,,,,,,,,,,,,,,,,,,,,,,,,,,,,,,,,,,,,,,,,,,,,,,,,,,,,,,,,,,,,,,,,,7996.91,XXXXX,CLUE,Unrelated,49.37000014,16,0,16,0,1,,,,,,,,,,
,,,,,,,,,,,,,KB,001,2020-08-25_16h59.58.799,S2.3ConstantTotalFinal,2020.1.3,MacIntel,60,,,,,,,,,,,,,,,,,,,,,,,,,,,,,,,,,,,,,,,,,,,,,,,,,,,,,,,,,,,,,,,,,,,,,,,,,,,,,,,,8003.45,XXXXX,MAGIC,Identical,49.03000034,17,0,17,0,1,,,,,,,,,,
,,,,,,,,,,,,,KB,001,2020-08-25_16h59.58.799,S2.3ConstantTotalFinal,2020.1.3,MacIntel,60,,,,,,,,,,,,,,,,,,,,,,,,,,,,,,,,,,,,,,,,,,,,,,,,,,,,,,,,,,,,,,,,,,,,,,,,,,,,,,,,7999.47,XXXXX,NAVY,Unrelated,49.32999983,18,0,18,0,1,,,,,,,,,,
,,,,,,,,,,,,,KB,001,2020-08-25_16h59.58.799,S2.3ConstantTotalFinal,2020.1.3,MacIntel,60,,,,,,,,,,,,,,,,,,,,,,,,,,,,,,,,,,,,,,,,,,,,,,,,,,,,,,,,,,,,,,,,,,,,,,,,,,,,,,,,8000.835,XXXXX,BOARD,Identical,50.99499971,19,0,19,0,1,,,,,,,,,,
,,,,,,,,,,,,,KB,001,2020-08-25_16h59.58.799,S2.3ConstantTotalFinal,2020.1.3,MacIntel,60,,,,,,,,,,,,,,,,,,,,,,,,,,,,,,,,,,,,,,,,,,,,,,,,,,,,,,,,,,,,,,,,,,,,,,,,,,,,,,,,8001.725,XXXXX,SPIDER,Unrelated,50.1600001,20,0,20,0,1,,,,,,,,,,
,,,,,,,,,,,,,KB,001,2020-08-25_16h59.58.799,S2.3ConstantTotalFinal,2020.1.3,MacIntel,60,,,,,,,,,,,,,,,,,,,,,,,,,,,,,,,,,,,,,,,,,,,,,,,,,,,,,,,,,,,,,,,,,,,,,,,,,,,,,,,,1099.83,AIR,CLEAR,Identical,48.80500026,21,0,21,0,1,,,,,,,,,,
,,,,,,,,,,,,,KB,001,2020-08-25_16h59.58.799,S2.3ConstantTotalFinal,2020.1.3,MacIntel,60,,,,,,,,,,,,,,,,,,,,,,,,,,,,,,,,,,,,,,,,,,,,,,,,,,,,,,,,,,,,,,,,,,,,,,,,,,,,,,,,1100.445,EAR,LISTEN,Related,49.72499982,22,0,22,0,1,,,,,,,,,,
,,,,,,,,,,,,,KB,001,2020-08-25_16h59.58.799,S2.3ConstantTotalFinal,2020.1.3,MacIntel,60,,,,,,,,,,,,,,,,,,,,,,,,,,,,,,,,,,,,,,,,,,,,,,,,,,,,,,,,,,,,,,,,,,,,,,,,,,,,,,,,5217.15,BOARD,KIDNAP,Unrelated,50.74999994,23,0,23,0,1,,,,,,,,,,
,,,,,,,,,,,,,KB,001,2020-08-25_16h59.58.799,S2.3ConstantTotalFinal,2020.1.3,MacIntel,60,,,,,,,,,,,,,,,,,,,,,,,,,,,,,,,,,,,,,,,,,,,,,,,,,,,,,,,,,,,,,,,,,,,,,,,,,,,,,,,,7999.45,XXXXX,NONE,Identical,50.46499986,24,0,24,0,1,,,,,,,,,,
,,,,,,,,,,,,,KB,001,2020-08-25_16h59.58.799,S2.3ConstantTotalFinal,2020.1.3,MacIntel,60,,,,,,,,,,,,,,,,,,,,,,,,,,,,,,,,,,,,,,,,,,,,,,,,,,,,,,,,,,,,,,,,,,,,,,,,,,,,,,,,3034.22,XXXXX,MOST,Unrelated,50.59499992,25,0,25,0,1,,,,,,,,,,
,,,,,,,,,,,,,KB,001,2020-08-25_16h59.58.799,S2.3ConstantTotalFinal,2020.1.3,MacIntel,60,,,,,,,,,,,,,,,,,,,,,,,,,,,,,,,,,,,,,,,,,,,,,,,,,,,,,,,,,,,,,,,,,,,,,,,,,,,,,,,,4237.79,XXXXX,STREET,Identical,50.73500006,26,0,26,0,1,,,,,,,,,,
,,,,,,,,,,,,,KB,001,2020-08-25_16h59.58.799,S2.3ConstantTotalFinal,2020.1.3,MacIntel,60,,,,,,,,,,,,,,,,,,,,,,,,,,,,,,,,,,,,,,,,,,,,,,,,,,,,,,,,,,,,,,,,,,,,,,,,,,,,,,,,482.2450001,XXXXX,CHURCH,Identical,49.56499999,27,0,27,0,1,,,,,,,,,,
,,,,,,,,,,,,,KB,001,2020-08-25_16h59.58.799,S2.3ConstantTotalFinal,2020.1.3,MacIntel,60,,,,,,,,,,,,,,,,,,,,,,,,,,,,,,,,,,,,,,,,,,,,,,,,,,,,,,,,,,,,,,,,,,,,,,,,,,,,,,,,849.8900002,XXXXX,MIDDLE,Unrelated,49.27999992,28,0,28,0,1,,,,,,,,,,
,,,,,,,,,,,,,KB,001,2020-08-25_16h59.58.799,S2.3ConstantTotalFinal,2020.1.3,MacIntel,60,,,,,,,,,,,,,,,,,,,,,,,,,,,,,,,,,,,,,,,,,,,,,,,,,,,,,,,,,,,,,,,,,,,,,,,,,,,,,,,,1066.35,XXXXX,SEEK,Unrelated,49.62499999,29,0,29,0,1,,,,,,,,,,
,,,,,,,,,,,,,KB,001,2020-08-25_16h59.58.799,S2.3ConstantTotalFinal,2020.1.3,MacIntel,60,,,,,,,,,,,,,,,,,,,,,,,,,,,,,,,,,,,,,,,,,,,,,,,,,,,,,,,,,,,,,,,,,,,,,,,,,,,,,,,,3699.845,XXXXX,SWORD,Identical,49.70500013,30,0,30,0,1,,,,,,,,,,
,,,,,,,,,,,,,KB,001,2020-08-25_16h59.58.799,S2.3ConstantTotalFinal,2020.1.3,MacIntel,60,,,,,,,,,,,,,,,,,,,,,,,,,,,,,,,,,,,,,,,,,,,,,,,,,,,,,,,,,,,,,,,,,,,,,,,,,,,,,,,,666.04,XXXXX,DECADE,Related,49.5000002,31,0,31,0,1,,,,,,,,,,
,,,,,,,,,,,,,KB,001,2020-08-25_16h59.58.799,S2.3ConstantTotalFinal,2020.1.3,MacIntel,60,,,,,,,,,,,,,,,,,,,,,,,,,,,,,,,,,,,,,,,,,,,,,,,,,,,,,,,,,,,,,,,,,,,,,,,,,,,,,,,,6367.145,XXXXX,SEARCH,Related,50.5049997,32,0,32,0,1,,,,,,,,,,
,,,,,,,,,,,,,KB,001,2020-08-25_16h59.58.799,S2.3ConstantTotalFinal,2020.1.3,MacIntel,60,,,,,,,,,,,,,,,,,,,,,,,,,,,,,,,,,,,,,,,,,,,,,,,,,,,,,,,,,,,,,,,,,,,,,,,,,,,,,,,,6931.635,XXXXX,SING,Identical,48.42999997,33,0,33,0,1,,,,,,,,,,
,,,,,,,,,,,,,KB,001,2020-08-25_16h59.58.799,S2.3ConstantTotalFinal,2020.1.3,MacIntel,60,,,,,,,,,,,,,,,,,,,,,,,,,,,,,,,,,,,,,,,,,,,,,,,,,,,,,,,,,,,,,,,,,,,,,,,,,,,,,,,,2949.865,XXXXX,BRANCH,Unrelated,50.44999998,34,0,34,0,1,,,,,,,,,,
,,,,,,,,,,,,,KB,001,2020-08-25_16h59.58.799,S2.3ConstantTotalFinal,2020.1.3,MacIntel,60,,,,,,,,,,,,,,,,,,,,,,,,,,,,,,,,,,,,,,,,,,,,,,,,,,,,,,,,,,,,,,,,,,,,,,,,,,,,,,,,3583.47,XXXXX,TALK,Identical,49.62000018,35,0,35,0,1,,,,,,,,,,
,,,,,,,,,,,,,KB,001,2020-08-25_16h59.58.799,S2.3ConstantTotalFinal,2020.1.3,MacIntel,60,,,,,,,,,,,,,,,,,,,,,,,,,,,,,,,,,,,,,,,,,,,,,,,,,,,,,,,,,,,,,,,,,,,,,,,,,,,,,,,,1415.7,XXXXX,SMELL,Identical,49.505,36,0,36,0,1,,,,,,,,,,
,,,,,,,,,,,,,KB,001,2020-08-25_16h59.58.799,S2.3ConstantTotalFinal,2020.1.3,MacIntel,60,,,,,,,,,,,,,,,,,,,,,,,,,,,,,,,,,,,,,,,,,,,,,,,,,,,,,,,,,,,,,,,,,,,,,,,,,,,,,,,,8000.825,XXXXX,LICE,Related,48.5650003,37,0,37,0,1,,,,,,,,,,
,,,,,,,,,,,,,KB,001,2020-08-25_16h59.58.799,S2.3ConstantTotalFinal,2020.1.3,MacIntel,60,,,,,,,,,,,,,,,,,,,,,,,,,,,,,,,,,,,,,,,,,,,,,,,,,,,,,,,,,,,,,,,,,,,,,,,,,,,,,,,,416.2900001,XXXXX,GATHER,Related,49.82000031,38,0,38,0,1,,,,,,,,,,
,,,,,,,,,,,,,KB,001,2020-08-25_16h59.58.799,S2.3ConstantTotalFinal,2020.1.3,MacIntel,60,,,,,,,,,,,,,,,,,,,,,,,,,,,,,,,,,,,,,,,,,,,,,,,,,,,,,,,,,,,,,,,,,,,,,,,,,,,,,,,,433.0100003,XXXXX,NOSE,Unrelated,48.49500023,39,0,39,0,1,,,,,,,,,,
,,,,,,,,,,,,,KB,001,2020-08-25_16h59.58.799,S2.3ConstantTotalFinal,2020.1.3,MacIntel,60,,,,,,,,,,,,,,,,,,,,,,,,,,,,,,,,,,,,,,,,,,,,,,,,,,,,,,,,,,,,,,,,,,,,,,,,,,,,,,,,2869.375,XXXXX,READ,Unrelated,49.57500007,40,0,40,0,1,,,,,,,,,,
,,,,,,,,,,,,,KB,001,2020-08-25_16h59.58.799,S2.3ConstantTotalFinal,2020.1.3,MacIntel,60,,,,,,,,,,,,,,,,,,,,,,,,,,,,,,,,,,,,,,,,,,,,,,,,,,,,,,,,,,,,,,,,,,,,,,,,,,,,,,,,3635.605,XXXXX,PAIN,Unrelated,49.11000002,41,0,41,0,1,,,,,,,,,,
,,,,,,,,,,,,,KB,001,2020-08-25_16h59.58.799,S2.3ConstantTotalFinal,2020.1.3,MacIntel,60,,,,,,,,,,,,,,,,,,,,,,,,,,,,,,,,,,,,,,,,,,,,,,,,,,,,,,,,,,,,,,,,,,,,,,,,,,,,,,,,,,,,,,,,,,space,9.3514,d,15.84965,e,5.93884,e,5.7538,e,10.11222
