StudID,StudID_RT,keyWelcome.keys,keyWelcome.rt,key_resp.keys,key_resp.rt,BackupWord,practiceblockstudy.thisRepN,practiceblockstudy.thisTrialN,practiceblockstudy.thisN,practiceblockstudy.thisIndex,practiceblockstudy.ran,Rand,PracWord,participant,session,date,expName,psychopyVersion,OS,frameRate,key_resp_2.keys,key_resp_2.rt,Text20_RT,captured_string_prac,selectedPrimeprac,pracPrimeCondition,pracPrimeduration,pracBlock.thisRepN,pracBlock.thisTrialN,pracBlock.thisN,pracBlock.thisIndex,pracBlock.ran,keyNextInstruct.keys,keyNextInstruct.rt,trialsStudy.thisRepN,trialsStudy.thisTrialN,trialsStudy.thisN,trialsStudy.thisIndex,trialsStudy.ran,WordItem,keyInstructAgain.keys,keyInstructAgain.rt,Text4_RT,captured_string,selectedPrimeblock1,PrimeConditionblock1,block1Primeduration,trials.thisRepN,trials.thisTrialN,trials.thisN,trials.thisIndex,trials.ran,key_resp_4.keys,key_resp_4.rt,Block2.thisRepN,Block2.thisTrialN,Block2.thisN,Block2.thisIndex,Block2.ran,key_resp_5.keys,key_resp_5.rt,text32_RT,captured_string_block2,selectedPrimeblock2,primeConditionblock2,block2primeduration,trialsBlock2.thisRepN,trialsBlock2.thisTrialN,trialsBlock2.thisN,trialsBlock2.thisIndex,trialsBlock2.ran,key_resp_6.keys,key_resp_6.rt,studyBlock3.thisRepN,studyBlock3.thisTrialN,studyBlock3.thisN,studyBlock3.thisIndex,studyBlock3.ran,key_resp_7.keys,key_resp_7.rt,text47_RT,captured_string_block3,selectedPrimeblock3,primeConditionblock3,block3primeduration,trialsBlock3.thisRepN,trialsBlock3.thisTrialN,trialsBlock3.thisN,trialsBlock3.thisIndex,trialsBlock3.ran,key_resp_8.keys,key_resp_8.rt,trials_2.thisRepN,trials_2.thisTrialN,trials_2.thisN,trials_2.thisIndex,trials_2.ran,key_resp_9.keys,key_resp_9.rt,text60_RT,captured_string_block4,selectedPrimeblock4,primeConditionblock4,block4primeduration,trialsBlock4.thisRepN,trialsBlock4.thisTrialN,trialsBlock4.thisN,trialsBlock4.thisIndex,trialsBlock4.ran,keyQuestion.keys,keyQuestion.rt,key_resp_11.keys,key_resp_11.rt,key_resp_12.keys,key_resp_12.rt,key_resp_13.keys,key_resp_13.rt,key_resp_14.keys,key_resp_14.rt
455595,6608.985,space,35.468335,space,16.981365,EXTENT,0,0,0,6,1,0.253163584,EXTENT,KS,001,2020-07-26_14h00.03.154,S2.1ConstantTotalFinal,2020.1.3,Win32,60,,,,,,,,,,,,,,,,,,,,,,,,,,,,,,,,,,,,,,,,,,,,,,,,,,,,,,,,,,,,,,,,,,,,,,,,,,,,,,,,,,,,,,,,,,,,,,,,,,,
,,,,,,PLEAD,0,1,1,3,1,0.7174644,PLEAD,KS,001,2020-07-26_14h00.03.154,S2.1ConstantTotalFinal,2020.1.3,Win32,60,,,,,,,,,,,,,,,,,,,,,,,,,,,,,,,,,,,,,,,,,,,,,,,,,,,,,,,,,,,,,,,,,,,,,,,,,,,,,,,,,,,,,,,,,,,,,,,,,,,
,,,,,,WRECK,0,2,2,2,1,0.087125307,WRECK,KS,001,2020-07-26_14h00.03.154,S2.1ConstantTotalFinal,2020.1.3,Win32,60,,,,,,,,,,,,,,,,,,,,,,,,,,,,,,,,,,,,,,,,,,,,,,,,,,,,,,,,,,,,,,,,,,,,,,,,,,,,,,,,,,,,,,,,,,,,,,,,,,,
,,,,,,FLASH,0,3,3,4,1,0.150527021,FLASH,KS,001,2020-07-26_14h00.03.154,S2.1ConstantTotalFinal,2020.1.3,Win32,60,,,,,,,,,,,,,,,,,,,,,,,,,,,,,,,,,,,,,,,,,,,,,,,,,,,,,,,,,,,,,,,,,,,,,,,,,,,,,,,,,,,,,,,,,,,,,,,,,,,
,,,,,,MONARCH,0,4,4,9,1,0.901881239,MONARCH,KS,001,2020-07-26_14h00.03.154,S2.1ConstantTotalFinal,2020.1.3,Win32,60,,,,,,,,,,,,,,,,,,,,,,,,,,,,,,,,,,,,,,,,,,,,,,,,,,,,,,,,,,,,,,,,,,,,,,,,,,,,,,,,,,,,,,,,,,,,,,,,,,,
,,,,,,FUNERAL,0,5,5,8,1,0.733948602,FUNERAL,KS,001,2020-07-26_14h00.03.154,S2.1ConstantTotalFinal,2020.1.3,Win32,60,,,,,,,,,,,,,,,,,,,,,,,,,,,,,,,,,,,,,,,,,,,,,,,,,,,,,,,,,,,,,,,,,,,,,,,,,,,,,,,,,,,,,,,,,,,,,,,,,,,
,,,,,,TRIBE,0,6,6,5,1,0.442732606,TRIBE,KS,001,2020-07-26_14h00.03.154,S2.1ConstantTotalFinal,2020.1.3,Win32,60,,,,,,,,,,,,,,,,,,,,,,,,,,,,,,,,,,,,,,,,,,,,,,,,,,,,,,,,,,,,,,,,,,,,,,,,,,,,,,,,,,,,,,,,,,,,,,,,,,,
,,,,,,SOUL,0,7,7,0,1,0.499539348,SOUL,KS,001,2020-07-26_14h00.03.154,S2.1ConstantTotalFinal,2020.1.3,Win32,60,,,,,,,,,,,,,,,,,,,,,,,,,,,,,,,,,,,,,,,,,,,,,,,,,,,,,,,,,,,,,,,,,,,,,,,,,,,,,,,,,,,,,,,,,,,,,,,,,,,
,,,,,,COLONY,0,8,8,7,1,0.307508932,COLONY,KS,001,2020-07-26_14h00.03.154,S2.1ConstantTotalFinal,2020.1.3,Win32,60,,,,,,,,,,,,,,,,,,,,,,,,,,,,,,,,,,,,,,,,,,,,,,,,,,,,,,,,,,,,,,,,,,,,,,,,,,,,,,,,,,,,,,,,,,,,,,,,,,,
,,,,,,PILE,0,9,9,1,1,0.979390724,PILE,KS,001,2020-07-26_14h00.03.154,S2.1ConstantTotalFinal,2020.1.3,Win32,60,,,,,,,,,,,,,,,,,,,,,,,,,,,,,,,,,,,,,,,,,,,,,,,,,,,,,,,,,,,,,,,,,,,,,,,,,,,,,,,,,,,,,,,,,,,,,,,,,,,
,,,,,,,,,,,,,,KS,001,2020-07-26_14h00.03.154,S2.1ConstantTotalFinal,2020.1.3,Win32,60,space,11.473435,4728.755,MONARCH,WRECK,Identical,49.70000009,0,0,0,0,1,,,,,,,,,,,,,,,,,,,,,,,,,,,,,,,,,,,,,,,,,,,,,,,,,,,,,,,,,,,,,,,,,,,,,,,,,,,,,,,,,,,,,,,
,,,,,,,,,,,,,,KS,001,2020-07-26_14h00.03.154,S2.1ConstantTotalFinal,2020.1.3,Win32,60,,,3121.375,COLONY,CONTEXT,Unrelated,49.98499993,1,0,1,0,1,,,,,,,,,,,,,,,,,,,,,,,,,,,,,,,,,,,,,,,,,,,,,,,,,,,,,,,,,,,,,,,,,,,,,,,,,,,,,,,,,,,,,,,
,,,,,,,,,,,,,,KS,001,2020-07-26_14h00.03.154,S2.1ConstantTotalFinal,2020.1.3,Win32,60,,,2379.065,EXTENT,TRIBE,Identical,50.39500003,2,0,2,0,1,,,,,,,,,,,,,,,,,,,,,,,,,,,,,,,,,,,,,,,,,,,,,,,,,,,,,,,,,,,,,,,,,,,,,,,,,,,,,,,,,,,,,,,
,,,,,,,,,,,,,,KS,001,2020-07-26_14h00.03.154,S2.1ConstantTotalFinal,2020.1.3,Win32,60,,,2230.095,PLEAD,ARCADE,Related,50.01999997,3,0,3,0,1,,,,,,,,,,,,,,,,,,,,,,,,,,,,,,,,,,,,,,,,,,,,,,,,,,,,,,,,,,,,,,,,,,,,,,,,,,,,,,,,,,,,,,,
,,,,,,,,,,,,,,KS,001,2020-07-26_14h00.03.154,S2.1ConstantTotalFinal,2020.1.3,Win32,60,,,2069.13,TRIBE,FLASH,Identical,36.51000001,4,0,4,0,1,,,,,,,,,,,,,,,,,,,,,,,,,,,,,,,,,,,,,,,,,,,,,,,,,,,,,,,,,,,,,,,,,,,,,,,,,,,,,,,,,,,,,,,
,,,,,,,,,,,,,,KS,001,2020-07-26_14h00.03.154,S2.1ConstantTotalFinal,2020.1.3,Win32,60,,,8005.95,XXXXX,GARDEN,Unrelated,52.33999994,5,0,5,0,1,,,,,,,,,,,,,,,,,,,,,,,,,,,,,,,,,,,,,,,,,,,,,,,,,,,,,,,,,,,,,,,,,,,,,,,,,,,,,,,,,,,,,,,
,,,,,,,,,,,,,,KS,001,2020-07-26_14h00.03.154,S2.1ConstantTotalFinal,2020.1.3,Win32,60,,,8003.335,XXXXX,DIVE,Unrelated,35.64999998,6,0,6,0,1,,,,,,,,,,,,,,,,,,,,,,,,,,,,,,,,,,,,,,,,,,,,,,,,,,,,,,,,,,,,,,,,,,,,,,,,,,,,,,,,,,,,,,,
,,,,,,,,,,,,,,KS,001,2020-07-26_14h00.03.154,S2.1ConstantTotalFinal,2020.1.3,Win32,60,,,7997.3,XXXXX,PILE,Identical,52.41499993,7,0,7,0,1,,,,,,,,,,,,,,,,,,,,,,,,,,,,,,,,,,,,,,,,,,,,,,,,,,,,,,,,,,,,,,,,,,,,,,,,,,,,,,,,,,,,,,,
,,,,,,,,,,,,,,KS,001,2020-07-26_14h00.03.154,S2.1ConstantTotalFinal,2020.1.3,Win32,60,,,7999.07,XXXXX,SPIRIT,Related,52.25499999,8,0,8,0,1,,,,,,,,,,,,,,,,,,,,,,,,,,,,,,,,,,,,,,,,,,,,,,,,,,,,,,,,,,,,,,,,,,,,,,,,,,,,,,,,,,,,,,,
,,,,,,,,,,,,,,KS,001,2020-07-26_14h00.03.154,S2.1ConstantTotalFinal,2020.1.3,Win32,60,,,8004.22,XXXXX,HOLLOW,Unrelated,50.75500009,9,0,9,0,1,,,,,,,,,,,,,,,,,,,,,,,,,,,,,,,,,,,,,,,,,,,,,,,,,,,,,,,,,,,,,,,,,,,,,,,,,,,,,,,,,,,,,,,
,,,,,,FIRE,,,,,,0.663978029,,KS,001,2020-07-26_14h00.03.154,S2.1ConstantTotalFinal,2020.1.3,Win32,60,,,,,,,,,,,,,space,25.766435,0,0,0,34,1,FIRE,,,,,,,,,,,,,,,,,,,,,,,,,,,,,,,,,,,,,,,,,,,,,,,,,,,,,,,,,,,,,,,,,,,,,,,,,,,,,,,
,,,,,,BANK,,,,,,0.90780194,,KS,001,2020-07-26_14h00.03.154,S2.1ConstantTotalFinal,2020.1.3,Win32,60,,,,,,,,,,,,,,,0,1,1,13,1,BANK,,,,,,,,,,,,,,,,,,,,,,,,,,,,,,,,,,,,,,,,,,,,,,,,,,,,,,,,,,,,,,,,,,,,,,,,,,,,,,,
,,,,,,ALLOW,,,,,,0.231890925,,KS,001,2020-07-26_14h00.03.154,S2.1ConstantTotalFinal,2020.1.3,Win32,60,,,,,,,,,,,,,,,0,2,2,25,1,ALLOW,,,,,,,,,,,,,,,,,,,,,,,,,,,,,,,,,,,,,,,,,,,,,,,,,,,,,,,,,,,,,,,,,,,,,,,,,,,,,,,
,,,,,,MONKEY,,,,,,0.856489522,,KS,001,2020-07-26_14h00.03.154,S2.1ConstantTotalFinal,2020.1.3,Win32,60,,,,,,,,,,,,,,,0,3,3,18,1,MONKEY,,,,,,,,,,,,,,,,,,,,,,,,,,,,,,,,,,,,,,,,,,,,,,,,,,,,,,,,,,,,,,,,,,,,,,,,,,,,,,,
,,,,,,MAD,,,,,,0.265890367,,KS,001,2020-07-26_14h00.03.154,S2.1ConstantTotalFinal,2020.1.3,Win32,60,,,,,,,,,,,,,,,0,4,4,38,1,MAD,,,,,,,,,,,,,,,,,,,,,,,,,,,,,,,,,,,,,,,,,,,,,,,,,,,,,,,,,,,,,,,,,,,,,,,,,,,,,,,
,,,,,,JEANS,,,,,,0.053049891,,KS,001,2020-07-26_14h00.03.154,S2.1ConstantTotalFinal,2020.1.3,Win32,60,,,,,,,,,,,,,,,0,5,5,33,1,JEANS,,,,,,,,,,,,,,,,,,,,,,,,,,,,,,,,,,,,,,,,,,,,,,,,,,,,,,,,,,,,,,,,,,,,,,,,,,,,,,,
,,,,,,PAPER,,,,,,0.830145741,,KS,001,2020-07-26_14h00.03.154,S2.1ConstantTotalFinal,2020.1.3,Win32,60,,,,,,,,,,,,,,,0,6,6,3,1,PAPER,,,,,,,,,,,,,,,,,,,,,,,,,,,,,,,,,,,,,,,,,,,,,,,,,,,,,,,,,,,,,,,,,,,,,,,,,,,,,,,
,,,,,,SLEEP,,,,,,0.009091516,,KS,001,2020-07-26_14h00.03.154,S2.1ConstantTotalFinal,2020.1.3,Win32,60,,,,,,,,,,,,,,,0,7,7,39,1,SLEEP,,,,,,,,,,,,,,,,,,,,,,,,,,,,,,,,,,,,,,,,,,,,,,,,,,,,,,,,,,,,,,,,,,,,,,,,,,,,,,,
,,,,,,PENCIL,,,,,,0.5506354,,KS,001,2020-07-26_14h00.03.154,S2.1ConstantTotalFinal,2020.1.3,Win32,60,,,,,,,,,,,,,,,0,8,8,2,1,PENCIL,,,,,,,,,,,,,,,,,,,,,,,,,,,,,,,,,,,,,,,,,,,,,,,,,,,,,,,,,,,,,,,,,,,,,,,,,,,,,,,
,,,,,,FINISH,,,,,,0.353559054,,KS,001,2020-07-26_14h00.03.154,S2.1ConstantTotalFinal,2020.1.3,Win32,60,,,,,,,,,,,,,,,0,9,9,11,1,FINISH,,,,,,,,,,,,,,,,,,,,,,,,,,,,,,,,,,,,,,,,,,,,,,,,,,,,,,,,,,,,,,,,,,,,,,,,,,,,,,,
,,,,,,CASTLE,,,,,,0.500096092,,KS,001,2020-07-26_14h00.03.154,S2.1ConstantTotalFinal,2020.1.3,Win32,60,,,,,,,,,,,,,,,0,10,10,36,1,CASTLE,,,,,,,,,,,,,,,,,,,,,,,,,,,,,,,,,,,,,,,,,,,,,,,,,,,,,,,,,,,,,,,,,,,,,,,,,,,,,,,
,,,,,,UNCLEAR,,,,,,0.142594526,,KS,001,2020-07-26_14h00.03.154,S2.1ConstantTotalFinal,2020.1.3,Win32,60,,,,,,,,,,,,,,,0,11,11,15,1,UNCLEAR,,,,,,,,,,,,,,,,,,,,,,,,,,,,,,,,,,,,,,,,,,,,,,,,,,,,,,,,,,,,,,,,,,,,,,,,,,,,,,,
,,,,,,PRIDE,,,,,,0.518945186,,KS,001,2020-07-26_14h00.03.154,S2.1ConstantTotalFinal,2020.1.3,Win32,60,,,,,,,,,,,,,,,0,12,12,4,1,PRIDE,,,,,,,,,,,,,,,,,,,,,,,,,,,,,,,,,,,,,,,,,,,,,,,,,,,,,,,,,,,,,,,,,,,,,,,,,,,,,,,
,,,,,,FRONT,,,,,,0.460028421,,KS,001,2020-07-26_14h00.03.154,S2.1ConstantTotalFinal,2020.1.3,Win32,60,,,,,,,,,,,,,,,0,13,13,26,1,FRONT,,,,,,,,,,,,,,,,,,,,,,,,,,,,,,,,,,,,,,,,,,,,,,,,,,,,,,,,,,,,,,,,,,,,,,,,,,,,,,,
,,,,,,OVEN,,,,,,0.052626334,,KS,001,2020-07-26_14h00.03.154,S2.1ConstantTotalFinal,2020.1.3,Win32,60,,,,,,,,,,,,,,,0,14,14,21,1,OVEN,,,,,,,,,,,,,,,,,,,,,,,,,,,,,,,,,,,,,,,,,,,,,,,,,,,,,,,,,,,,,,,,,,,,,,,,,,,,,,,
,,,,,,BALL ,,,,,,0.889728402,,KS,001,2020-07-26_14h00.03.154,S2.1ConstantTotalFinal,2020.1.3,Win32,60,,,,,,,,,,,,,,,0,15,15,35,1,BALL ,,,,,,,,,,,,,,,,,,,,,,,,,,,,,,,,,,,,,,,,,,,,,,,,,,,,,,,,,,,,,,,,,,,,,,,,,,,,,,,
,,,,,,EFFECT,,,,,,0.504280494,,KS,001,2020-07-26_14h00.03.154,S2.1ConstantTotalFinal,2020.1.3,Win32,60,,,,,,,,,,,,,,,0,16,16,29,1,EFFECT,,,,,,,,,,,,,,,,,,,,,,,,,,,,,,,,,,,,,,,,,,,,,,,,,,,,,,,,,,,,,,,,,,,,,,,,,,,,,,,
,,,,,,TIRED,,,,,,0.906769191,,KS,001,2020-07-26_14h00.03.154,S2.1ConstantTotalFinal,2020.1.3,Win32,60,,,,,,,,,,,,,,,0,17,17,30,1,TIRED,,,,,,,,,,,,,,,,,,,,,,,,,,,,,,,,,,,,,,,,,,,,,,,,,,,,,,,,,,,,,,,,,,,,,,,,,,,,,,,
,,,,,,CAKE,,,,,,0.249505713,,KS,001,2020-07-26_14h00.03.154,S2.1ConstantTotalFinal,2020.1.3,Win32,60,,,,,,,,,,,,,,,0,18,18,37,1,CAKE,,,,,,,,,,,,,,,,,,,,,,,,,,,,,,,,,,,,,,,,,,,,,,,,,,,,,,,,,,,,,,,,,,,,,,,,,,,,,,,
,,,,,,WANT,,,,,,0.583179989,,KS,001,2020-07-26_14h00.03.154,S2.1ConstantTotalFinal,2020.1.3,Win32,60,,,,,,,,,,,,,,,0,19,19,24,1,WANT,,,,,,,,,,,,,,,,,,,,,,,,,,,,,,,,,,,,,,,,,,,,,,,,,,,,,,,,,,,,,,,,,,,,,,,,,,,,,,,
,,,,,,NINE,,,,,,0.494052798,,KS,001,2020-07-26_14h00.03.154,S2.1ConstantTotalFinal,2020.1.3,Win32,60,,,,,,,,,,,,,,,0,20,20,5,1,NINE,,,,,,,,,,,,,,,,,,,,,,,,,,,,,,,,,,,,,,,,,,,,,,,,,,,,,,,,,,,,,,,,,,,,,,,,,,,,,,,
,,,,,,SILK,,,,,,0.859560443,,KS,001,2020-07-26_14h00.03.154,S2.1ConstantTotalFinal,2020.1.3,Win32,60,,,,,,,,,,,,,,,0,21,21,0,1,SILK,,,,,,,,,,,,,,,,,,,,,,,,,,,,,,,,,,,,,,,,,,,,,,,,,,,,,,,,,,,,,,,,,,,,,,,,,,,,,,,
,,,,,,SURE,,,,,,0.614395987,,KS,001,2020-07-26_14h00.03.154,S2.1ConstantTotalFinal,2020.1.3,Win32,60,,,,,,,,,,,,,,,0,22,22,16,1,SURE,,,,,,,,,,,,,,,,,,,,,,,,,,,,,,,,,,,,,,,,,,,,,,,,,,,,,,,,,,,,,,,,,,,,,,,,,,,,,,,
,,,,,,LARGE,,,,,,0.142959865,,KS,001,2020-07-26_14h00.03.154,S2.1ConstantTotalFinal,2020.1.3,Win32,60,,,,,,,,,,,,,,,0,23,23,22,1,LARGE,,,,,,,,,,,,,,,,,,,,,,,,,,,,,,,,,,,,,,,,,,,,,,,,,,,,,,,,,,,,,,,,,,,,,,,,,,,,,,,
,,,,,,SPICE,,,,,,0.346700886,,KS,001,2020-07-26_14h00.03.154,S2.1ConstantTotalFinal,2020.1.3,Win32,60,,,,,,,,,,,,,,,0,24,24,1,1,SPICE,,,,,,,,,,,,,,,,,,,,,,,,,,,,,,,,,,,,,,,,,,,,,,,,,,,,,,,,,,,,,,,,,,,,,,,,,,,,,,,
,,,,,,ITCH,,,,,,0.471519675,,KS,001,2020-07-26_14h00.03.154,S2.1ConstantTotalFinal,2020.1.3,Win32,60,,,,,,,,,,,,,,,0,25,25,7,1,ITCH,,,,,,,,,,,,,,,,,,,,,,,,,,,,,,,,,,,,,,,,,,,,,,,,,,,,,,,,,,,,,,,,,,,,,,,,,,,,,,,
,,,,,,SMART,,,,,,0.95322248,,KS,001,2020-07-26_14h00.03.154,S2.1ConstantTotalFinal,2020.1.3,Win32,60,,,,,,,,,,,,,,,0,26,26,10,1,SMART,,,,,,,,,,,,,,,,,,,,,,,,,,,,,,,,,,,,,,,,,,,,,,,,,,,,,,,,,,,,,,,,,,,,,,,,,,,,,,,
,,,,,,ONCE,,,,,,0.471150226,,KS,001,2020-07-26_14h00.03.154,S2.1ConstantTotalFinal,2020.1.3,Win32,60,,,,,,,,,,,,,,,0,27,27,20,1,ONCE,,,,,,,,,,,,,,,,,,,,,,,,,,,,,,,,,,,,,,,,,,,,,,,,,,,,,,,,,,,,,,,,,,,,,,,,,,,,,,,
,,,,,,SOFT,,,,,,0.701446731,,KS,001,2020-07-26_14h00.03.154,S2.1ConstantTotalFinal,2020.1.3,Win32,60,,,,,,,,,,,,,,,0,28,28,27,1,SOFT,,,,,,,,,,,,,,,,,,,,,,,,,,,,,,,,,,,,,,,,,,,,,,,,,,,,,,,,,,,,,,,,,,,,,,,,,,,,,,,
,,,,,,HELLO,,,,,,0.825527518,,KS,001,2020-07-26_14h00.03.154,S2.1ConstantTotalFinal,2020.1.3,Win32,60,,,,,,,,,,,,,,,0,29,29,9,1,HELLO,,,,,,,,,,,,,,,,,,,,,,,,,,,,,,,,,,,,,,,,,,,,,,,,,,,,,,,,,,,,,,,,,,,,,,,,,,,,,,,
,,,,,,LETTER,,,,,,0.852698455,,KS,001,2020-07-26_14h00.03.154,S2.1ConstantTotalFinal,2020.1.3,Win32,60,,,,,,,,,,,,,,,0,30,30,32,1,LETTER,,,,,,,,,,,,,,,,,,,,,,,,,,,,,,,,,,,,,,,,,,,,,,,,,,,,,,,,,,,,,,,,,,,,,,,,,,,,,,,
,,,,,,MINIMUM,,,,,,0.092068429,,KS,001,2020-07-26_14h00.03.154,S2.1ConstantTotalFinal,2020.1.3,Win32,60,,,,,,,,,,,,,,,0,31,31,12,1,MINIMUM,,,,,,,,,,,,,,,,,,,,,,,,,,,,,,,,,,,,,,,,,,,,,,,,,,,,,,,,,,,,,,,,,,,,,,,,,,,,,,,
,,,,,,SMALL,,,,,,0.275472359,,KS,001,2020-07-26_14h00.03.154,S2.1ConstantTotalFinal,2020.1.3,Win32,60,,,,,,,,,,,,,,,0,32,32,31,1,SMALL,,,,,,,,,,,,,,,,,,,,,,,,,,,,,,,,,,,,,,,,,,,,,,,,,,,,,,,,,,,,,,,,,,,,,,,,,,,,,,,
,,,,,,CARRY,,,,,,0.267512209,,KS,001,2020-07-26_14h00.03.154,S2.1ConstantTotalFinal,2020.1.3,Win32,60,,,,,,,,,,,,,,,0,33,33,41,1,CARRY,,,,,,,,,,,,,,,,,,,,,,,,,,,,,,,,,,,,,,,,,,,,,,,,,,,,,,,,,,,,,,,,,,,,,,,,,,,,,,,
,,,,,,GLASSES,,,,,,0.75766918,,KS,001,2020-07-26_14h00.03.154,S2.1ConstantTotalFinal,2020.1.3,Win32,60,,,,,,,,,,,,,,,0,34,34,23,1,GLASSES,,,,,,,,,,,,,,,,,,,,,,,,,,,,,,,,,,,,,,,,,,,,,,,,,,,,,,,,,,,,,,,,,,,,,,,,,,,,,,,
,,,,,,COPY,,,,,,0.530055224,,KS,001,2020-07-26_14h00.03.154,S2.1ConstantTotalFinal,2020.1.3,Win32,60,,,,,,,,,,,,,,,0,35,35,6,1,COPY,,,,,,,,,,,,,,,,,,,,,,,,,,,,,,,,,,,,,,,,,,,,,,,,,,,,,,,,,,,,,,,,,,,,,,,,,,,,,,,
,,,,,,ENGLISH,,,,,,0.30562292,,KS,001,2020-07-26_14h00.03.154,S2.1ConstantTotalFinal,2020.1.3,Win32,60,,,,,,,,,,,,,,,0,36,36,19,1,ENGLISH,,,,,,,,,,,,,,,,,,,,,,,,,,,,,,,,,,,,,,,,,,,,,,,,,,,,,,,,,,,,,,,,,,,,,,,,,,,,,,,
,,,,,,WATER,,,,,,0.06987216,,KS,001,2020-07-26_14h00.03.154,S2.1ConstantTotalFinal,2020.1.3,Win32,60,,,,,,,,,,,,,,,0,37,37,8,1,WATER,,,,,,,,,,,,,,,,,,,,,,,,,,,,,,,,,,,,,,,,,,,,,,,,,,,,,,,,,,,,,,,,,,,,,,,,,,,,,,,
,,,,,,PLAN,,,,,,0.944966868,,KS,001,2020-07-26_14h00.03.154,S2.1ConstantTotalFinal,2020.1.3,Win32,60,,,,,,,,,,,,,,,0,38,38,17,1,PLAN,,,,,,,,,,,,,,,,,,,,,,,,,,,,,,,,,,,,,,,,,,,,,,,,,,,,,,,,,,,,,,,,,,,,,,,,,,,,,,,
,,,,,,SNEEZE,,,,,,0.30393761,,KS,001,2020-07-26_14h00.03.154,S2.1ConstantTotalFinal,2020.1.3,Win32,60,,,,,,,,,,,,,,,0,39,39,14,1,SNEEZE,,,,,,,,,,,,,,,,,,,,,,,,,,,,,,,,,,,,,,,,,,,,,,,,,,,,,,,,,,,,,,,,,,,,,,,,,,,,,,,
,,,,,,MAID,,,,,,0.125365343,,KS,001,2020-07-26_14h00.03.154,S2.1ConstantTotalFinal,2020.1.3,Win32,60,,,,,,,,,,,,,,,0,40,40,40,1,MAID,,,,,,,,,,,,,,,,,,,,,,,,,,,,,,,,,,,,,,,,,,,,,,,,,,,,,,,,,,,,,,,,,,,,,,,,,,,,,,,
,,,,,,BOSS,,,,,,0.562751312,,KS,001,2020-07-26_14h00.03.154,S2.1ConstantTotalFinal,2020.1.3,Win32,60,,,,,,,,,,,,,,,0,41,41,28,1,BOSS,,,,,,,,,,,,,,,,,,,,,,,,,,,,,,,,,,,,,,,,,,,,,,,,,,,,,,,,,,,,,,,,,,,,,,,,,,,,,,,
,,,,,,,,,,,,,,KS,001,2020-07-26_14h00.03.154,S2.1ConstantTotalFinal,2020.1.3,Win32,60,,,,,,,,,,,,,,,,,,,,,space,9.48412,1529.965,ANGRY,CLEVER,Related,51.88000004,0,0,0,0,1,,,,,,,,,,,,,,,,,,,,,,,,,,,,,,,,,,,,,,,,,,,,,,,,,,,,,,,,,,,,,,,,,,,
,,,,,,,,,,,,,,KS,001,2020-07-26_14h00.03.154,S2.1ConstantTotalFinal,2020.1.3,Win32,60,,,,,,,,,,,,,,,,,,,,,,,2445.225,MONKEY,NINE,Identical,49.795,1,0,1,0,1,,,,,,,,,,,,,,,,,,,,,,,,,,,,,,,,,,,,,,,,,,,,,,,,,,,,,,,,,,,,,,,,,,,
,,,,,,,,,,,,,,KS,001,2020-07-26_14h00.03.154,S2.1ConstantTotalFinal,2020.1.3,Win32,60,,,,,,,,,,,,,,,,,,,,,,,1497.215,BANK,ALLERGY,Related,52.44,2,0,2,0,1,,,,,,,,,,,,,,,,,,,,,,,,,,,,,,,,,,,,,,,,,,,,,,,,,,,,,,,,,,,,,,,,,,,
,,,,,,,,,,,,,,KS,001,2020-07-26_14h00.03.154,S2.1ConstantTotalFinal,2020.1.3,Win32,60,,,,,,,,,,,,,,,,,,,,,,,1886.835,FIRE,MINOR,Unrelated,53.02500003,3,0,3,0,1,,,,,,,,,,,,,,,,,,,,,,,,,,,,,,,,,,,,,,,,,,,,,,,,,,,,,,,,,,,,,,,,,,,
,,,,,,,,,,,,,,KS,001,2020-07-26_14h00.03.154,S2.1ConstantTotalFinal,2020.1.3,Win32,60,,,,,,,,,,,,,,,,,,,,,,,1423.44,ALLOW,UNCLEAR,Identical,51.34000001,4,0,4,0,1,,,,,,,,,,,,,,,,,,,,,,,,,,,,,,,,,,,,,,,,,,,,,,,,,,,,,,,,,,,,,,,,,,,
,,,,,,,,,,,,,,KS,001,2020-07-26_14h00.03.154,S2.1ConstantTotalFinal,2020.1.3,Win32,60,,,,,,,,,,,,,,,,,,,,,,,2624.025,SLEEP,HOTEL,Unrelated,52.17500008,5,0,5,0,1,,,,,,,,,,,,,,,,,,,,,,,,,,,,,,,,,,,,,,,,,,,,,,,,,,,,,,,,,,,,,,,,,,,
,,,,,,,,,,,,,,KS,001,2020-07-26_14h00.03.154,S2.1ConstantTotalFinal,2020.1.3,Win32,60,,,,,,,,,,,,,,,,,,,,,,,2118.35,PAPER,BACK,Related,52.46499996,6,0,6,0,1,,,,,,,,,,,,,,,,,,,,,,,,,,,,,,,,,,,,,,,,,,,,,,,,,,,,,,,,,,,,,,,,,,,
,,,,,,,,,,,,,,KS,001,2020-07-26_14h00.03.154,S2.1ConstantTotalFinal,2020.1.3,Win32,60,,,,,,,,,,,,,,,,,,,,,,,4045.625,TIRED,CASTLE,Identical,50.33499992,7,0,7,0,1,,,,,,,,,,,,,,,,,,,,,,,,,,,,,,,,,,,,,,,,,,,,,,,,,,,,,,,,,,,,,,,,,,,
,,,,,,,,,,,,,,KS,001,2020-07-26_14h00.03.154,S2.1ConstantTotalFinal,2020.1.3,Win32,60,,,,,,,,,,,,,,,,,,,,,,,2614.17,CASTLE,DUSK,Unrelated,51.09999992,8,0,8,0,1,,,,,,,,,,,,,,,,,,,,,,,,,,,,,,,,,,,,,,,,,,,,,,,,,,,,,,,,,,,,,,,,,,,
,,,,,,,,,,,,,,KS,001,2020-07-26_14h00.03.154,S2.1ConstantTotalFinal,2020.1.3,Win32,60,,,,,,,,,,,,,,,,,,,,,,,1905.03,UNCLEAR,WANT,Identical,51.36499996,9,0,9,0,1,,,,,,,,,,,,,,,,,,,,,,,,,,,,,,,,,,,,,,,,,,,,,,,,,,,,,,,,,,,,,,,,,,,
,,,,,,,,,,,,,,KS,001,2020-07-26_14h00.03.154,S2.1ConstantTotalFinal,2020.1.3,Win32,60,,,,,,,,,,,,,,,,,,,,,,,1284.64,PRIDE,SHOES,Unrelated,52.00000003,10,0,10,0,1,,,,,,,,,,,,,,,,,,,,,,,,,,,,,,,,,,,,,,,,,,,,,,,,,,,,,,,,,,,,,,,,,,,
,,,,,,,,,,,,,,KS,001,2020-07-26_14h00.03.154,S2.1ConstantTotalFinal,2020.1.3,Win32,60,,,,,,,,,,,,,,,,,,,,,,,1568.915,SILK,NOISE,Unrelated,52.66500008,11,0,11,0,1,,,,,,,,,,,,,,,,,,,,,,,,,,,,,,,,,,,,,,,,,,,,,,,,,,,,,,,,,,,,,,,,,,,
,,,,,,,,,,,,,,KS,001,2020-07-26_14h00.03.154,S2.1ConstantTotalFinal,2020.1.3,Win32,60,,,,,,,,,,,,,,,,,,,,,,,1199.845,CAKE,ITCH,Identical,49.69499994,12,0,12,0,1,,,,,,,,,,,,,,,,,,,,,,,,,,,,,,,,,,,,,,,,,,,,,,,,,,,,,,,,,,,,,,,,,,,
,,,,,,,,,,,,,,KS,001,2020-07-26_14h00.03.154,S2.1ConstantTotalFinal,2020.1.3,Win32,60,,,,,,,,,,,,,,,,,,,,,,,3634.495,SPICE,PENCIL,Identical,51.74999998,13,0,13,0,1,,,,,,,,,,,,,,,,,,,,,,,,,,,,,,,,,,,,,,,,,,,,,,,,,,,,,,,,,,,,,,,,,,,
,,,,,,,,,,,,,,KS,001,2020-07-26_14h00.03.154,S2.1ConstantTotalFinal,2020.1.3,Win32,60,,,,,,,,,,,,,,,,,,,,,,,3214.61,TIRED,DONE,Related,36.04500007,14,0,14,0,1,,,,,,,,,,,,,,,,,,,,,,,,,,,,,,,,,,,,,,,,,,,,,,,,,,,,,,,,,,,,,,,,,,,
,,,,,,,,,,,,,,KS,001,2020-07-26_14h00.03.154,S2.1ConstantTotalFinal,2020.1.3,Win32,60,,,,,,,,,,,,,,,,,,,,,,,2350.41,SMART,MAD,Identical,50.01999997,15,0,15,0,1,,,,,,,,,,,,,,,,,,,,,,,,,,,,,,,,,,,,,,,,,,,,,,,,,,,,,,,,,,,,,,,,,,,
,,,,,,,,,,,,,,KS,001,2020-07-26_14h00.03.154,S2.1ConstantTotalFinal,2020.1.3,Win32,60,,,,,,,,,,,,,,,,,,,,,,,1331.165,NINE,PICTURE,Unrelated,50.15499995,16,0,16,0,1,,,,,,,,,,,,,,,,,,,,,,,,,,,,,,,,,,,,,,,,,,,,,,,,,,,,,,,,,,,,,,,,,,,
,,,,,,,,,,,,,,KS,001,2020-07-26_14h00.03.154,S2.1ConstantTotalFinal,2020.1.3,Win32,60,,,,,,,,,,,,,,,,,,,,,,,1499.155,LARGE,WATER,Identical,50.40499999,17,0,17,0,1,,,,,,,,,,,,,,,,,,,,,,,,,,,,,,,,,,,,,,,,,,,,,,,,,,,,,,,,,,,,,,,,,,,
,,,,,,,,,,,,,,KS,001,2020-07-26_14h00.03.154,S2.1ConstantTotalFinal,2020.1.3,Win32,60,,,,,,,,,,,,,,,,,,,,,,,7993.88,XXXXX,TRASH,Unrelated,51.44499999,18,0,18,0,1,,,,,,,,,,,,,,,,,,,,,,,,,,,,,,,,,,,,,,,,,,,,,,,,,,,,,,,,,,,,,,,,,,,
,,,,,,,,,,,,,,KS,001,2020-07-26_14h00.03.154,S2.1ConstantTotalFinal,2020.1.3,Win32,60,,,,,,,,,,,,,,,,,,,,,,,1298.38,ONCE,TOASTER,Related,35.93999997,19,0,19,0,1,,,,,,,,,,,,,,,,,,,,,,,,,,,,,,,,,,,,,,,,,,,,,,,,,,,,,,,,,,,,,,,,,,,
,,,,,,,,,,,,,,KS,001,2020-07-26_14h00.03.154,S2.1ConstantTotalFinal,2020.1.3,Win32,60,,,,,,,,,,,,,,,,,,,,,,,1444.925,SURE,SMOKE,Unrelated,50.68500002,20,0,20,0,1,,,,,,,,,,,,,,,,,,,,,,,,,,,,,,,,,,,,,,,,,,,,,,,,,,,,,,,,,,,,,,,,,,,
,,,,,,,,,,,,,,KS,001,2020-07-26_14h00.03.154,S2.1ConstantTotalFinal,2020.1.3,Win32,60,,,,,,,,,,,,,,,,,,,,,,,1805.58,SOFT,COPY,Identical,52.5150001,21,0,21,0,1,,,,,,,,,,,,,,,,,,,,,,,,,,,,,,,,,,,,,,,,,,,,,,,,,,,,,,,,,,,,,,,,,,,
,,,,,,,,,,,,,,KS,001,2020-07-26_14h00.03.154,S2.1ConstantTotalFinal,2020.1.3,Win32,60,,,,,,,,,,,,,,,,,,,,,,,1712.98,HELLO,LETTER,Identical,51.10499996,22,0,22,0,1,,,,,,,,,,,,,,,,,,,,,,,,,,,,,,,,,,,,,,,,,,,,,,,,,,,,,,,,,,,,,,,,,,,
,,,,,,,,,,,,,,KS,001,2020-07-26_14h00.03.154,S2.1ConstantTotalFinal,2020.1.3,Win32,60,,,,,,,,,,,,,,,,,,,,,,,1434.965,LETTER,LAKE,Unrelated,36.64499999,23,0,23,0,1,,,,,,,,,,,,,,,,,,,,,,,,,,,,,,,,,,,,,,,,,,,,,,,,,,,,,,,,,,,,,,,,,,,
,,,,,,,,,,,,,,KS,001,2020-07-26_14h00.03.154,S2.1ConstantTotalFinal,2020.1.3,Win32,60,,,,,,,,,,,,,,,,,,,,,,,2539.885,MINIMUM,HAUL,Related,50.15499995,24,0,24,0,1,,,,,,,,,,,,,,,,,,,,,,,,,,,,,,,,,,,,,,,,,,,,,,,,,,,,,,,,,,,,,,,,,,,
,,,,,,,,,,,,,,KS,001,2020-07-26_14h00.03.154,S2.1ConstantTotalFinal,2020.1.3,Win32,60,,,,,,,,,,,,,,,,,,,,,,,4051.45,ENGLISH,DIRT,Unrelated,52.78999999,25,0,25,0,1,,,,,,,,,,,,,,,,,,,,,,,,,,,,,,,,,,,,,,,,,,,,,,,,,,,,,,,,,,,,,,,,,,,
,,,,,,,,,,,,,,KS,001,2020-07-26_14h00.03.154,S2.1ConstantTotalFinal,2020.1.3,Win32,60,,,,,,,,,,,,,,,,,,,,,,,1295.66,MAID,FIVE,Unrelated,40.41500005,26,0,26,0,1,,,,,,,,,,,,,,,,,,,,,,,,,,,,,,,,,,,,,,,,,,,,,,,,,,,,,,,,,,,,,,,,,,,
,,,,,,,,,,,,,,KS,001,2020-07-26_14h00.03.154,S2.1ConstantTotalFinal,2020.1.3,Win32,60,,,,,,,,,,,,,,,,,,,,,,,1436.885,BOSS,CAUSE,Related,37.42499999,27,0,27,0,1,,,,,,,,,,,,,,,,,,,,,,,,,,,,,,,,,,,,,,,,,,,,,,,,,,,,,,,,,,,,,,,,,,,
,,,,,,,,,,,,,,KS,001,2020-07-26_14h00.03.154,S2.1ConstantTotalFinal,2020.1.3,Win32,60,,,,,,,,,,,,,,,,,,,,,,,7989.46,XXXXX,BOUNCE,Related,52.00500006,28,0,28,0,1,,,,,,,,,,,,,,,,,,,,,,,,,,,,,,,,,,,,,,,,,,,,,,,,,,,,,,,,,,,,,,,,,,,
,,,,,,,,,,,,,,KS,001,2020-07-26_14h00.03.154,S2.1ConstantTotalFinal,2020.1.3,Win32,60,,,,,,,,,,,,,,,,,,,,,,,8001.37,XXXXX,TRAIN,Unrelated,49.72000001,29,0,29,0,1,,,,,,,,,,,,,,,,,,,,,,,,,,,,,,,,,,,,,,,,,,,,,,,,,,,,,,,,,,,,,,,,,,,
,,,,,,,,,,,,,,KS,001,2020-07-26_14h00.03.154,S2.1ConstantTotalFinal,2020.1.3,Win32,60,,,,,,,,,,,,,,,,,,,,,,,7998.26,XXXXX,SCHEME,Related,49.59000007,30,0,30,0,1,,,,,,,,,,,,,,,,,,,,,,,,,,,,,,,,,,,,,,,,,,,,,,,,,,,,,,,,,,,,,,,,,,,
,,,,,,,,,,,,,,KS,001,2020-07-26_14h00.03.154,S2.1ConstantTotalFinal,2020.1.3,Win32,60,,,,,,,,,,,,,,,,,,,,,,,8003.06,XXXXX,GLASSES,Identical,51.95500003,31,0,31,0,1,,,,,,,,,,,,,,,,,,,,,,,,,,,,,,,,,,,,,,,,,,,,,,,,,,,,,,,,,,,,,,,,,,,
,,,,,,,,,,,,,,KS,001,2020-07-26_14h00.03.154,S2.1ConstantTotalFinal,2020.1.3,Win32,60,,,,,,,,,,,,,,,,,,,,,,,3535.85,TRANSLATE,SMALL,Identical,36.28500004,32,0,32,0,1,,,,,,,,,,,,,,,,,,,,,,,,,,,,,,,,,,,,,,,,,,,,,,,,,,,,,,,,,,,,,,,,,,,
,,,,,,,,,,,,,,KS,001,2020-07-26_14h00.03.154,S2.1ConstantTotalFinal,2020.1.3,Win32,60,,,,,,,,,,,,,,,,,,,,,,,7995.445,XXXXX,JEANS,Identical,50.65500003,33,0,33,0,1,,,,,,,,,,,,,,,,,,,,,,,,,,,,,,,,,,,,,,,,,,,,,,,,,,,,,,,,,,,,,,,,,,,
,,,,,,,,,,,,,,KS,001,2020-07-26_14h00.03.154,S2.1ConstantTotalFinal,2020.1.3,Win32,60,,,,,,,,,,,,,,,,,,,,,,,4364.11,JEANS,DOOR,Unrelated,50.03499996,34,0,34,0,1,,,,,,,,,,,,,,,,,,,,,,,,,,,,,,,,,,,,,,,,,,,,,,,,,,,,,,,,,,,,,,,,,,,
,,,,,,,,,,,,,,KS,001,2020-07-26_14h00.03.154,S2.1ConstantTotalFinal,2020.1.3,Win32,60,,,,,,,,,,,,,,,,,,,,,,,7999.24,XXXXX,SWEET,Unrelated,50.3,35,0,35,0,1,,,,,,,,,,,,,,,,,,,,,,,,,,,,,,,,,,,,,,,,,,,,,,,,,,,,,,,,,,,,,,,,,,,
,,,,,,,,,,,,,,KS,001,2020-07-26_14h00.03.154,S2.1ConstantTotalFinal,2020.1.3,Win32,60,,,,,,,,,,,,,,,,,,,,,,,7999.4,XXXXX,BRIDE,Unrelated,50.94500002,36,0,36,0,1,,,,,,,,,,,,,,,,,,,,,,,,,,,,,,,,,,,,,,,,,,,,,,,,,,,,,,,,,,,,,,,,,,,
,,,,,,,,,,,,,,KS,001,2020-07-26_14h00.03.154,S2.1ConstantTotalFinal,2020.1.3,Win32,60,,,,,,,,,,,,,,,,,,,,,,,8009.695,XXXXX,ROAD,Unrelated,52.57499998,37,0,37,0,1,,,,,,,,,,,,,,,,,,,,,,,,,,,,,,,,,,,,,,,,,,,,,,,,,,,,,,,,,,,,,,,,,,,
,,,,,,,,,,,,,,KS,001,2020-07-26_14h00.03.154,S2.1ConstantTotalFinal,2020.1.3,Win32,60,,,,,,,,,,,,,,,,,,,,,,,8013.86,XXXXX,GEEK,Unrelated,50.89000007,38,0,38,0,1,,,,,,,,,,,,,,,,,,,,,,,,,,,,,,,,,,,,,,,,,,,,,,,,,,,,,,,,,,,,,,,,,,,
,,,,,,,,,,,,,,KS,001,2020-07-26_14h00.03.154,S2.1ConstantTotalFinal,2020.1.3,Win32,60,,,,,,,,,,,,,,,,,,,,,,,1553.35,FRONT,BELOW,Unrelated,52.15499992,39,0,39,0,1,,,,,,,,,,,,,,,,,,,,,,,,,,,,,,,,,,,,,,,,,,,,,,,,,,,,,,,,,,,,,,,,,,,
,,,,,,,,,,,,,,KS,001,2020-07-26_14h00.03.154,S2.1ConstantTotalFinal,2020.1.3,Win32,60,,,,,,,,,,,,,,,,,,,,,,,8013.095,XXXXX,POUND,Unrelated,52.67,40,0,40,0,1,,,,,,,,,,,,,,,,,,,,,,,,,,,,,,,,,,,,,,,,,,,,,,,,,,,,,,,,,,,,,,,,,,,
,,,,,,,,,,,,,,KS,001,2020-07-26_14h00.03.154,S2.1ConstantTotalFinal,2020.1.3,Win32,60,,,,,,,,,,,,,,,,,,,,,,,8000.355,XXXXX,FROG,Unrelated,36.62999999,41,0,41,0,1,,,,,,,,,,,,,,,,,,,,,,,,,,,,,,,,,,,,,,,,,,,,,,,,,,,,,,,,,,,,,,,,,,,
,,,,,,LOSE,,,,,,0.655912622,,KS,001,2020-07-26_14h00.03.154,S2.1ConstantTotalFinal,2020.1.3,Win32,60,,,,,,,,,,,,,,,,,,,,LOSE,,,,,,,,,,,,,space,5.70912,0,0,0,23,1,,,,,,,,,,,,,,,,,,,,,,,,,,,,,,,,,,,,,,,,,,,,,,,,,,,,,,,,,,,,
,,,,,,TAKE,,,,,,0.003039165,,KS,001,2020-07-26_14h00.03.154,S2.1ConstantTotalFinal,2020.1.3,Win32,60,,,,,,,,,,,,,,,,,,,,TAKE,,,,,,,,,,,,,,,0,1,1,22,1,,,,,,,,,,,,,,,,,,,,,,,,,,,,,,,,,,,,,,,,,,,,,,,,,,,,,,,,,,,,
,,,,,,TALK,,,,,,0.485151791,,KS,001,2020-07-26_14h00.03.154,S2.1ConstantTotalFinal,2020.1.3,Win32,60,,,,,,,,,,,,,,,,,,,,TALK,,,,,,,,,,,,,,,0,2,2,10,1,,,,,,,,,,,,,,,,,,,,,,,,,,,,,,,,,,,,,,,,,,,,,,,,,,,,,,,,,,,,
,,,,,,WARM,,,,,,0.689456123,,KS,001,2020-07-26_14h00.03.154,S2.1ConstantTotalFinal,2020.1.3,Win32,60,,,,,,,,,,,,,,,,,,,,WARM,,,,,,,,,,,,,,,0,3,3,33,1,,,,,,,,,,,,,,,,,,,,,,,,,,,,,,,,,,,,,,,,,,,,,,,,,,,,,,,,,,,,
,,,,,,VOLCANO,,,,,,0.741360008,,KS,001,2020-07-26_14h00.03.154,S2.1ConstantTotalFinal,2020.1.3,Win32,60,,,,,,,,,,,,,,,,,,,,VOLCANO,,,,,,,,,,,,,,,0,4,4,32,1,,,,,,,,,,,,,,,,,,,,,,,,,,,,,,,,,,,,,,,,,,,,,,,,,,,,,,,,,,,,
,,,,,,STREET,,,,,,0.161148142,,KS,001,2020-07-26_14h00.03.154,S2.1ConstantTotalFinal,2020.1.3,Win32,60,,,,,,,,,,,,,,,,,,,,STREET,,,,,,,,,,,,,,,0,5,5,19,1,,,,,,,,,,,,,,,,,,,,,,,,,,,,,,,,,,,,,,,,,,,,,,,,,,,,,,,,,,,,
,,,,,,SING,,,,,,0.419721065,,KS,001,2020-07-26_14h00.03.154,S2.1ConstantTotalFinal,2020.1.3,Win32,60,,,,,,,,,,,,,,,,,,,,SING,,,,,,,,,,,,,,,0,6,6,40,1,,,,,,,,,,,,,,,,,,,,,,,,,,,,,,,,,,,,,,,,,,,,,,,,,,,,,,,,,,,,
,,,,,,TREE,,,,,,0.933721223,,KS,001,2020-07-26_14h00.03.154,S2.1ConstantTotalFinal,2020.1.3,Win32,60,,,,,,,,,,,,,,,,,,,,TREE,,,,,,,,,,,,,,,0,7,7,5,1,,,,,,,,,,,,,,,,,,,,,,,,,,,,,,,,,,,,,,,,,,,,,,,,,,,,,,,,,,,,
,,,,,,MAGIC,,,,,,0.38947274,,KS,001,2020-07-26_14h00.03.154,S2.1ConstantTotalFinal,2020.1.3,Win32,60,,,,,,,,,,,,,,,,,,,,MAGIC,,,,,,,,,,,,,,,0,8,8,27,1,,,,,,,,,,,,,,,,,,,,,,,,,,,,,,,,,,,,,,,,,,,,,,,,,,,,,,,,,,,,
,,,,,,JACKET,,,,,,0.177228627,,KS,001,2020-07-26_14h00.03.154,S2.1ConstantTotalFinal,2020.1.3,Win32,60,,,,,,,,,,,,,,,,,,,,JACKET,,,,,,,,,,,,,,,0,9,9,1,1,,,,,,,,,,,,,,,,,,,,,,,,,,,,,,,,,,,,,,,,,,,,,,,,,,,,,,,,,,,,
,,,,,,SHIP,,,,,,0.273215507,,KS,001,2020-07-26_14h00.03.154,S2.1ConstantTotalFinal,2020.1.3,Win32,60,,,,,,,,,,,,,,,,,,,,SHIP,,,,,,,,,,,,,,,0,10,10,35,1,,,,,,,,,,,,,,,,,,,,,,,,,,,,,,,,,,,,,,,,,,,,,,,,,,,,,,,,,,,,
,,,,,,CLEAR,,,,,,0.171478947,,KS,001,2020-07-26_14h00.03.154,S2.1ConstantTotalFinal,2020.1.3,Win32,60,,,,,,,,,,,,,,,,,,,,CLEAR,,,,,,,,,,,,,,,0,11,11,12,1,,,,,,,,,,,,,,,,,,,,,,,,,,,,,,,,,,,,,,,,,,,,,,,,,,,,,,,,,,,,
,,,,,,HEAR,,,,,,0.975156126,,KS,001,2020-07-26_14h00.03.154,S2.1ConstantTotalFinal,2020.1.3,Win32,60,,,,,,,,,,,,,,,,,,,,HEAR,,,,,,,,,,,,,,,0,12,12,25,1,,,,,,,,,,,,,,,,,,,,,,,,,,,,,,,,,,,,,,,,,,,,,,,,,,,,,,,,,,,,
,,,,,,LAUGH,,,,,,0.163602798,,KS,001,2020-07-26_14h00.03.154,S2.1ConstantTotalFinal,2020.1.3,Win32,60,,,,,,,,,,,,,,,,,,,,LAUGH,,,,,,,,,,,,,,,0,13,13,15,1,,,,,,,,,,,,,,,,,,,,,,,,,,,,,,,,,,,,,,,,,,,,,,,,,,,,,,,,,,,,
,,,,,,STRANGE,,,,,,0.1044825,,KS,001,2020-07-26_14h00.03.154,S2.1ConstantTotalFinal,2020.1.3,Win32,60,,,,,,,,,,,,,,,,,,,,STRANGE,,,,,,,,,,,,,,,0,14,14,4,1,,,,,,,,,,,,,,,,,,,,,,,,,,,,,,,,,,,,,,,,,,,,,,,,,,,,,,,,,,,,
,,,,,,FOOD,,,,,,0.758553203,,KS,001,2020-07-26_14h00.03.154,S2.1ConstantTotalFinal,2020.1.3,Win32,60,,,,,,,,,,,,,,,,,,,,FOOD,,,,,,,,,,,,,,,0,15,15,11,1,,,,,,,,,,,,,,,,,,,,,,,,,,,,,,,,,,,,,,,,,,,,,,,,,,,,,,,,,,,,
,,,,,,MAYBE,,,,,,0.203057337,,KS,001,2020-07-26_14h00.03.154,S2.1ConstantTotalFinal,2020.1.3,Win32,60,,,,,,,,,,,,,,,,,,,,MAYBE,,,,,,,,,,,,,,,0,16,16,8,1,,,,,,,,,,,,,,,,,,,,,,,,,,,,,,,,,,,,,,,,,,,,,,,,,,,,,,,,,,,,
,,,,,,BOARD,,,,,,0.920186203,,KS,001,2020-07-26_14h00.03.154,S2.1ConstantTotalFinal,2020.1.3,Win32,60,,,,,,,,,,,,,,,,,,,,BOARD,,,,,,,,,,,,,,,0,17,17,18,1,,,,,,,,,,,,,,,,,,,,,,,,,,,,,,,,,,,,,,,,,,,,,,,,,,,,,,,,,,,,
,,,,,,STORE,,,,,,0.01289595,,KS,001,2020-07-26_14h00.03.154,S2.1ConstantTotalFinal,2020.1.3,Win32,60,,,,,,,,,,,,,,,,,,,,STORE,,,,,,,,,,,,,,,0,18,18,37,1,,,,,,,,,,,,,,,,,,,,,,,,,,,,,,,,,,,,,,,,,,,,,,,,,,,,,,,,,,,,
,,,,,,MUSIC ,,,,,,0.654474379,,KS,001,2020-07-26_14h00.03.154,S2.1ConstantTotalFinal,2020.1.3,Win32,60,,,,,,,,,,,,,,,,,,,,MUSIC ,,,,,,,,,,,,,,,0,19,19,9,1,,,,,,,,,,,,,,,,,,,,,,,,,,,,,,,,,,,,,,,,,,,,,,,,,,,,,,,,,,,,
,,,,,,CHURCH,,,,,,0.500576357,,KS,001,2020-07-26_14h00.03.154,S2.1ConstantTotalFinal,2020.1.3,Win32,60,,,,,,,,,,,,,,,,,,,,CHURCH,,,,,,,,,,,,,,,0,20,20,13,1,,,,,,,,,,,,,,,,,,,,,,,,,,,,,,,,,,,,,,,,,,,,,,,,,,,,,,,,,,,,
,,,,,,LOVE,,,,,,0.227844251,,KS,001,2020-07-26_14h00.03.154,S2.1ConstantTotalFinal,2020.1.3,Win32,60,,,,,,,,,,,,,,,,,,,,LOVE,,,,,,,,,,,,,,,0,21,21,29,1,,,,,,,,,,,,,,,,,,,,,,,,,,,,,,,,,,,,,,,,,,,,,,,,,,,,,,,,,,,,
,,,,,,CHOOSE,,,,,,0.298883922,,KS,001,2020-07-26_14h00.03.154,S2.1ConstantTotalFinal,2020.1.3,Win32,60,,,,,,,,,,,,,,,,,,,,CHOOSE,,,,,,,,,,,,,,,0,22,22,31,1,,,,,,,,,,,,,,,,,,,,,,,,,,,,,,,,,,,,,,,,,,,,,,,,,,,,,,,,,,,,
,,,,,,FIND,,,,,,0.297672067,,KS,001,2020-07-26_14h00.03.154,S2.1ConstantTotalFinal,2020.1.3,Win32,60,,,,,,,,,,,,,,,,,,,,FIND,,,,,,,,,,,,,,,0,23,23,2,1,,,,,,,,,,,,,,,,,,,,,,,,,,,,,,,,,,,,,,,,,,,,,,,,,,,,,,,,,,,,
,,,,,,ROOF,,,,,,0.47192944,,KS,001,2020-07-26_14h00.03.154,S2.1ConstantTotalFinal,2020.1.3,Win32,60,,,,,,,,,,,,,,,,,,,,ROOF,,,,,,,,,,,,,,,0,24,24,30,1,,,,,,,,,,,,,,,,,,,,,,,,,,,,,,,,,,,,,,,,,,,,,,,,,,,,,,,,,,,,
,,,,,,SWORD,,,,,,0.982636792,,KS,001,2020-07-26_14h00.03.154,S2.1ConstantTotalFinal,2020.1.3,Win32,60,,,,,,,,,,,,,,,,,,,,SWORD,,,,,,,,,,,,,,,0,25,25,17,1,,,,,,,,,,,,,,,,,,,,,,,,,,,,,,,,,,,,,,,,,,,,,,,,,,,,,,,,,,,,
,,,,,,NONE,,,,,,0.321435501,,KS,001,2020-07-26_14h00.03.154,S2.1ConstantTotalFinal,2020.1.3,Win32,60,,,,,,,,,,,,,,,,,,,,NONE,,,,,,,,,,,,,,,0,26,26,36,1,,,,,,,,,,,,,,,,,,,,,,,,,,,,,,,,,,,,,,,,,,,,,,,,,,,,,,,,,,,,
,,,,,,SOUR,,,,,,0.101708807,,KS,001,2020-07-26_14h00.03.154,S2.1ConstantTotalFinal,2020.1.3,Win32,60,,,,,,,,,,,,,,,,,,,,SOUR,,,,,,,,,,,,,,,0,27,27,39,1,,,,,,,,,,,,,,,,,,,,,,,,,,,,,,,,,,,,,,,,,,,,,,,,,,,,,,,,,,,,
,,,,,,HAPPY,,,,,,0.434541075,,KS,001,2020-07-26_14h00.03.154,S2.1ConstantTotalFinal,2020.1.3,Win32,60,,,,,,,,,,,,,,,,,,,,HAPPY,,,,,,,,,,,,,,,0,28,28,28,1,,,,,,,,,,,,,,,,,,,,,,,,,,,,,,,,,,,,,,,,,,,,,,,,,,,,,,,,,,,,
,,,,,,STICKY,,,,,,0.561006176,,KS,001,2020-07-26_14h00.03.154,S2.1ConstantTotalFinal,2020.1.3,Win32,60,,,,,,,,,,,,,,,,,,,,STICKY,,,,,,,,,,,,,,,0,29,29,21,1,,,,,,,,,,,,,,,,,,,,,,,,,,,,,,,,,,,,,,,,,,,,,,,,,,,,,,,,,,,,
,,,,,,SMELL,,,,,,0.051418158,,KS,001,2020-07-26_14h00.03.154,S2.1ConstantTotalFinal,2020.1.3,Win32,60,,,,,,,,,,,,,,,,,,,,SMELL,,,,,,,,,,,,,,,0,30,30,41,1,,,,,,,,,,,,,,,,,,,,,,,,,,,,,,,,,,,,,,,,,,,,,,,,,,,,,,,,,,,,
,,,,,,BELL,,,,,,0.078306855,,KS,001,2020-07-26_14h00.03.154,S2.1ConstantTotalFinal,2020.1.3,Win32,60,,,,,,,,,,,,,,,,,,,,BELL,,,,,,,,,,,,,,,0,31,31,24,1,,,,,,,,,,,,,,,,,,,,,,,,,,,,,,,,,,,,,,,,,,,,,,,,,,,,,,,,,,,,
,,,,,,GAME,,,,,,0.348487237,,KS,001,2020-07-26_14h00.03.154,S2.1ConstantTotalFinal,2020.1.3,Win32,60,,,,,,,,,,,,,,,,,,,,GAME,,,,,,,,,,,,,,,0,32,32,7,1,,,,,,,,,,,,,,,,,,,,,,,,,,,,,,,,,,,,,,,,,,,,,,,,,,,,,,,,,,,,
,,,,,,HAIR,,,,,,0.353332029,,KS,001,2020-07-26_14h00.03.154,S2.1ConstantTotalFinal,2020.1.3,Win32,60,,,,,,,,,,,,,,,,,,,,HAIR,,,,,,,,,,,,,,,0,33,33,20,1,,,,,,,,,,,,,,,,,,,,,,,,,,,,,,,,,,,,,,,,,,,,,,,,,,,,,,,,,,,,
,,,,,,COLLECT,,,,,,0.044961175,,KS,001,2020-07-26_14h00.03.154,S2.1ConstantTotalFinal,2020.1.3,Win32,60,,,,,,,,,,,,,,,,,,,,COLLECT,,,,,,,,,,,,,,,0,34,34,0,1,,,,,,,,,,,,,,,,,,,,,,,,,,,,,,,,,,,,,,,,,,,,,,,,,,,,,,,,,,,,
,,,,,,PROBLEM,,,,,,0.633262363,,KS,001,2020-07-26_14h00.03.154,S2.1ConstantTotalFinal,2020.1.3,Win32,60,,,,,,,,,,,,,,,,,,,,PROBLEM,,,,,,,,,,,,,,,0,35,35,38,1,,,,,,,,,,,,,,,,,,,,,,,,,,,,,,,,,,,,,,,,,,,,,,,,,,,,,,,,,,,,
,,,,,,SICK,,,,,,0.585507627,,KS,001,2020-07-26_14h00.03.154,S2.1ConstantTotalFinal,2020.1.3,Win32,60,,,,,,,,,,,,,,,,,,,,SICK,,,,,,,,,,,,,,,0,36,36,3,1,,,,,,,,,,,,,,,,,,,,,,,,,,,,,,,,,,,,,,,,,,,,,,,,,,,,,,,,,,,,
,,,,,,DRESS,,,,,,0.432792504,,KS,001,2020-07-26_14h00.03.154,S2.1ConstantTotalFinal,2020.1.3,Win32,60,,,,,,,,,,,,,,,,,,,,DRESS,,,,,,,,,,,,,,,0,37,37,14,1,,,,,,,,,,,,,,,,,,,,,,,,,,,,,,,,,,,,,,,,,,,,,,,,,,,,,,,,,,,,
,,,,,,BREAK,,,,,,0.512473355,,KS,001,2020-07-26_14h00.03.154,S2.1ConstantTotalFinal,2020.1.3,Win32,60,,,,,,,,,,,,,,,,,,,,BREAK,,,,,,,,,,,,,,,0,38,38,34,1,,,,,,,,,,,,,,,,,,,,,,,,,,,,,,,,,,,,,,,,,,,,,,,,,,,,,,,,,,,,
,,,,,,YEAR,,,,,,0.114415713,,KS,001,2020-07-26_14h00.03.154,S2.1ConstantTotalFinal,2020.1.3,Win32,60,,,,,,,,,,,,,,,,,,,,YEAR,,,,,,,,,,,,,,,0,39,39,16,1,,,,,,,,,,,,,,,,,,,,,,,,,,,,,,,,,,,,,,,,,,,,,,,,,,,,,,,,,,,,
,,,,,,DESERT,,,,,,0.053444124,,KS,001,2020-07-26_14h00.03.154,S2.1ConstantTotalFinal,2020.1.3,Win32,60,,,,,,,,,,,,,,,,,,,,DESERT,,,,,,,,,,,,,,,0,40,40,26,1,,,,,,,,,,,,,,,,,,,,,,,,,,,,,,,,,,,,,,,,,,,,,,,,,,,,,,,,,,,,
,,,,,,LETTUCE,,,,,,0.902442749,,KS,001,2020-07-26_14h00.03.154,S2.1ConstantTotalFinal,2020.1.3,Win32,60,,,,,,,,,,,,,,,,,,,,LETTUCE,,,,,,,,,,,,,,,0,41,41,6,1,,,,,,,,,,,,,,,,,,,,,,,,,,,,,,,,,,,,,,,,,,,,,,,,,,,,,,,,,,,,
,,,,,,,,,,,,,,KS,001,2020-07-26_14h00.03.154,S2.1ConstantTotalFinal,2020.1.3,Win32,60,,,,,,,,,,,,,,,,,,,,,,,,,,,,,,,,,,,,,,,,space,4.97398,2002.335,LOSE,SOUR,Identical,49.82499999,0,0,0,0,1,,,,,,,,,,,,,,,,,,,,,,,,,,,,,,,,,,,,,,,,,,,,,,,,
,,,,,,,,,,,,,,KS,001,2020-07-26_14h00.03.154,S2.1ConstantTotalFinal,2020.1.3,Win32,60,,,,,,,,,,,,,,,,,,,,,,,,,,,,,,,,,,,,,,,,,,1416.365,TAKE,LOVE,Identical,43.38499997,1,0,1,0,1,,,,,,,,,,,,,,,,,,,,,,,,,,,,,,,,,,,,,,,,,,,,,,,,
,,,,,,,,,,,,,,KS,001,2020-07-26_14h00.03.154,S2.1ConstantTotalFinal,2020.1.3,Win32,60,,,,,,,,,,,,,,,,,,,,,,,,,,,,,,,,,,,,,,,,,,1670.3,TALK,WAND,Related,35.86499998,2,0,2,0,1,,,,,,,,,,,,,,,,,,,,,,,,,,,,,,,,,,,,,,,,,,,,,,,,
,,,,,,,,,,,,,,KS,001,2020-07-26_14h00.03.154,S2.1ConstantTotalFinal,2020.1.3,Win32,60,,,,,,,,,,,,,,,,,,,,,,,,,,,,,,,,,,,,,,,,,,2174.105,VOLCANO,BAND,Related,51.45000003,3,0,3,0,1,,,,,,,,,,,,,,,,,,,,,,,,,,,,,,,,,,,,,,,,,,,,,,,,
,,,,,,,,,,,,,,KS,001,2020-07-26_14h00.03.154,S2.1ConstantTotalFinal,2020.1.3,Win32,60,,,,,,,,,,,,,,,,,,,,,,,,,,,,,,,,,,,,,,,,,,5215.135,TREE,BIZZARE,Related,51.42999999,4,0,4,0,1,,,,,,,,,,,,,,,,,,,,,,,,,,,,,,,,,,,,,,,,,,,,,,,,
,,,,,,,,,,,,,,KS,001,2020-07-26_14h00.03.154,S2.1ConstantTotalFinal,2020.1.3,Win32,60,,,,,,,,,,,,,,,,,,,,,,,,,,,,,,,,,,,,,,,,,,1553.24,CLEAR,WAITER,Unrelated,50.50999997,5,0,5,0,1,,,,,,,,,,,,,,,,,,,,,,,,,,,,,,,,,,,,,,,,,,,,,,,,
,,,,,,,,,,,,,,KS,001,2020-07-26_14h00.03.154,S2.1ConstantTotalFinal,2020.1.3,Win32,60,,,,,,,,,,,,,,,,,,,,,,,,,,,,,,,,,,,,,,,,,,4293.735,STREET,HEATER,Related,36.75500001,6,0,6,0,1,,,,,,,,,,,,,,,,,,,,,,,,,,,,,,,,,,,,,,,,,,,,,,,,
,,,,,,,,,,,,,,KS,001,2020-07-26_14h00.03.154,S2.1ConstantTotalFinal,2020.1.3,Win32,60,,,,,,,,,,,,,,,,,,,,,,,,,,,,,,,,,,,,,,,,,,1717.4,SHIP,TOUR,Unrelated,35.72500008,7,0,7,0,1,,,,,,,,,,,,,,,,,,,,,,,,,,,,,,,,,,,,,,,,,,,,,,,,
,,,,,,,,,,,,,,KS,001,2020-07-26_14h00.03.154,S2.1ConstantTotalFinal,2020.1.3,Win32,60,,,,,,,,,,,,,,,,,,,,,,,,,,,,,,,,,,,,,,,,,,6106.81,LAUGH,MOTHER,Unrelated,50.10500003,8,0,8,0,1,,,,,,,,,,,,,,,,,,,,,,,,,,,,,,,,,,,,,,,,,,,,,,,,
,,,,,,,,,,,,,,KS,001,2020-07-26_14h00.03.154,S2.1ConstantTotalFinal,2020.1.3,Win32,60,,,,,,,,,,,,,,,,,,,,,,,,,,,,,,,,,,,,,,,,,,4466.43,FOOD,LISTEN,Related,51.2949999,9,0,9,0,1,,,,,,,,,,,,,,,,,,,,,,,,,,,,,,,,,,,,,,,,,,,,,,,,
,,,,,,,,,,,,,,KS,001,2020-07-26_14h00.03.154,S2.1ConstantTotalFinal,2020.1.3,Win32,60,,,,,,,,,,,,,,,,,,,,,,,,,,,,,,,,,,,,,,,,,,2454.87,BOARD,SWORD,Identical,52.25000007,10,0,10,0,1,,,,,,,,,,,,,,,,,,,,,,,,,,,,,,,,,,,,,,,,,,,,,,,,
,,,,,,,,,,,,,,KS,001,2020-07-26_14h00.03.154,S2.1ConstantTotalFinal,2020.1.3,Win32,60,,,,,,,,,,,,,,,,,,,,,,,,,,,,,,,,,,,,,,,,,,1763.59,STORE,SUPPER,Unrelated,36.06499999,11,0,11,0,1,,,,,,,,,,,,,,,,,,,,,,,,,,,,,,,,,,,,,,,,,,,,,,,,
,,,,,,,,,,,,,,KS,001,2020-07-26_14h00.03.154,S2.1ConstantTotalFinal,2020.1.3,Win32,60,,,,,,,,,,,,,,,,,,,,,,,,,,,,,,,,,,,,,,,,,,3517.565,MUSIC,NEWS,Unrelated,50.18499994,12,0,12,0,1,,,,,,,,,,,,,,,,,,,,,,,,,,,,,,,,,,,,,,,,,,,,,,,,
,,,,,,,,,,,,,,KS,001,2020-07-26_14h00.03.154,S2.1ConstantTotalFinal,2020.1.3,Win32,60,,,,,,,,,,,,,,,,,,,,,,,,,,,,,,,,,,,,,,,,,,2018.805,CHURCH,GAME,Identical,50.96999998,13,0,13,0,1,,,,,,,,,,,,,,,,,,,,,,,,,,,,,,,,,,,,,,,,,,,,,,,,
,,,,,,,,,,,,,,KS,001,2020-07-26_14h00.03.154,S2.1ConstantTotalFinal,2020.1.3,Win32,60,,,,,,,,,,,,,,,,,,,,,,,,,,,,,,,,,,,,,,,,,,1472.195,LOVE,PICK,Related,35.76500004,14,0,14,0,1,,,,,,,,,,,,,,,,,,,,,,,,,,,,,,,,,,,,,,,,,,,,,,,,
,,,,,,,,,,,,,,KS,001,2020-07-26_14h00.03.154,S2.1ConstantTotalFinal,2020.1.3,Win32,60,,,,,,,,,,,,,,,,,,,,,,,,,,,,,,,,,,,,,,,,,,2310.19,CHOOSE,PURPLE,Unrelated,50.56999996,15,0,15,0,1,,,,,,,,,,,,,,,,,,,,,,,,,,,,,,,,,,,,,,,,,,,,,,,,
,,,,,,,,,,,,,,KS,001,2020-07-26_14h00.03.154,S2.1ConstantTotalFinal,2020.1.3,Win32,60,,,,,,,,,,,,,,,,,,,,,,,,,,,,,,,,,,,,,,,,,,3437.18,ROOF,CANDLE,Unrelated,50.07999996,16,0,16,0,1,,,,,,,,,,,,,,,,,,,,,,,,,,,,,,,,,,,,,,,,,,,,,,,,
,,,,,,,,,,,,,,KS,001,2020-07-26_14h00.03.154,S2.1ConstantTotalFinal,2020.1.3,Win32,60,,,,,,,,,,,,,,,,,,,,,,,,,,,,,,,,,,,,,,,,,,1997.98,SWORD,SEARCH,Related,50.62500003,17,0,17,0,1,,,,,,,,,,,,,,,,,,,,,,,,,,,,,,,,,,,,,,,,,,,,,,,,
,,,,,,,,,,,,,,KS,001,2020-07-26_14h00.03.154,S2.1ConstantTotalFinal,2020.1.3,Win32,60,,,,,,,,,,,,,,,,,,,,,,,,,,,,,,,,,,,,,,,,,,1351.9,FIND,SMELL,Identical,36.15499998,18,0,18,0,1,,,,,,,,,,,,,,,,,,,,,,,,,,,,,,,,,,,,,,,,,,,,,,,,
,,,,,,,,,,,,,,KS,001,2020-07-26_14h00.03.154,S2.1ConstantTotalFinal,2020.1.3,Win32,60,,,,,,,,,,,,,,,,,,,,,,,,,,,,,,,,,,,,,,,,,,2000.045,SOUR,DECADE,Related,51.97000003,19,0,19,0,1,,,,,,,,,,,,,,,,,,,,,,,,,,,,,,,,,,,,,,,,,,,,,,,,
,,,,,,,,,,,,,,KS,001,2020-07-26_14h00.03.154,S2.1ConstantTotalFinal,2020.1.3,Win32,60,,,,,,,,,,,,,,,,,,,,,,,,,,,,,,,,,,,,,,,,,,5515.625,GAME,STATES,Unrelated,53.00000007,20,0,20,0,1,,,,,,,,,,,,,,,,,,,,,,,,,,,,,,,,,,,,,,,,,,,,,,,,
,,,,,,,,,,,,,,KS,001,2020-07-26_14h00.03.154,S2.1ConstantTotalFinal,2020.1.3,Win32,60,,,,,,,,,,,,,,,,,,,,,,,,,,,,,,,,,,,,,,,,,,1983.035,HAIR,CLUE,Unrelated,53.04500007,21,0,21,0,1,,,,,,,,,,,,,,,,,,,,,,,,,,,,,,,,,,,,,,,,,,,,,,,,
,,,,,,,,,,,,,,KS,001,2020-07-26_14h00.03.154,S2.1ConstantTotalFinal,2020.1.3,Win32,60,,,,,,,,,,,,,,,,,,,,,,,,,,,,,,,,,,,,,,,,,,2146.36,COLLECT,BORROW,Unrelated,51.14,22,0,22,0,1,,,,,,,,,,,,,,,,,,,,,,,,,,,,,,,,,,,,,,,,,,,,,,,,
,,,,,,,,,,,,,,KS,001,2020-07-26_14h00.03.154,S2.1ConstantTotalFinal,2020.1.3,Win32,60,,,,,,,,,,,,,,,,,,,,,,,,,,,,,,,,,,,,,,,,,,2688.335,SICK,LESS,Unrelated,51.97499995,23,0,23,0,1,,,,,,,,,,,,,,,,,,,,,,,,,,,,,,,,,,,,,,,,,,,,,,,,
,,,,,,,,,,,,,,KS,001,2020-07-26_14h00.03.154,S2.1ConstantTotalFinal,2020.1.3,Win32,60,,,,,,,,,,,,,,,,,,,,,,,,,,,,,,,,,,,,,,,,,,2068.915,BREAK,HUNGER,Unrelated,51.74500006,24,0,24,0,1,,,,,,,,,,,,,,,,,,,,,,,,,,,,,,,,,,,,,,,,,,,,,,,,
,,,,,,,,,,,,,,KS,001,2020-07-26_14h00.03.154,S2.1ConstantTotalFinal,2020.1.3,Win32,60,,,,,,,,,,,,,,,,,,,,,,,,,,,,,,,,,,,,,,,,,,1778.38,YEAR,SALAD,Related,50.13500003,25,0,25,0,1,,,,,,,,,,,,,,,,,,,,,,,,,,,,,,,,,,,,,,,,,,,,,,,,
,,,,,,,,,,,,,,KS,001,2020-07-26_14h00.03.154,S2.1ConstantTotalFinal,2020.1.3,Win32,60,,,,,,,,,,,,,,,,,,,,,,,,,,,,,,,,,,,,,,,,,,2242.405,DRESS,DESERT,Identical,36.17500002,26,0,26,0,1,,,,,,,,,,,,,,,,,,,,,,,,,,,,,,,,,,,,,,,,,,,,,,,,
,,,,,,,,,,,,,,KS,001,2020-07-26_14h00.03.154,S2.1ConstantTotalFinal,2020.1.3,Win32,60,,,,,,,,,,,,,,,,,,,,,,,,,,,,,,,,,,,,,,,,,,4047.82,DESSERT,JACKET,Identical,37.22499998,27,0,27,0,1,,,,,,,,,,,,,,,,,,,,,,,,,,,,,,,,,,,,,,,,,,,,,,,,
,,,,,,,,,,,,,,KS,001,2020-07-26_14h00.03.154,S2.1ConstantTotalFinal,2020.1.3,Win32,60,,,,,,,,,,,,,,,,,,,,,,,,,,,,,,,,,,,,,,,,,,3280.645,LETTUCE,SEEK,Unrelated,35.76499992,28,0,28,0,1,,,,,,,,,,,,,,,,,,,,,,,,,,,,,,,,,,,,,,,,,,,,,,,,
,,,,,,,,,,,,,,KS,001,2020-07-26_14h00.03.154,S2.1ConstantTotalFinal,2020.1.3,Win32,60,,,,,,,,,,,,,,,,,,,,,,,,,,,,,,,,,,,,,,,,,,8002.82,XXXXX,STICKY,Identical,52.88500001,29,0,29,0,1,,,,,,,,,,,,,,,,,,,,,,,,,,,,,,,,,,,,,,,,,,,,,,,,
,,,,,,,,,,,,,,KS,001,2020-07-26_14h00.03.154,S2.1ConstantTotalFinal,2020.1.3,Win32,60,,,,,,,,,,,,,,,,,,,,,,,,,,,,,,,,,,,,,,,,,,1561.75,SMELL,ZERO,Related,35.76,30,0,30,0,1,,,,,,,,,,,,,,,,,,,,,,,,,,,,,,,,,,,,,,,,,,,,,,,,
,,,,,,,,,,,,,,KS,001,2020-07-26_14h00.03.154,S2.1ConstantTotalFinal,2020.1.3,Win32,60,,,,,,,,,,,,,,,,,,,,,,,,,,,,,,,,,,,,,,,,,,1469.575,BELL,CHOIR,Related,49.86500007,31,0,31,0,1,,,,,,,,,,,,,,,,,,,,,,,,,,,,,,,,,,,,,,,,,,,,,,,,
,,,,,,,,,,,,,,KS,001,2020-07-26_14h00.03.154,S2.1ConstantTotalFinal,2020.1.3,Win32,60,,,,,,,,,,,,,,,,,,,,,,,,,,,,,,,,,,,,,,,,,,8000.21,XXXXX,MIGHT,Related,51.05000001,32,0,32,0,1,,,,,,,,,,,,,,,,,,,,,,,,,,,,,,,,,,,,,,,,,,,,,,,,
,,,,,,,,,,,,,,KS,001,2020-07-26_14h00.03.154,S2.1ConstantTotalFinal,2020.1.3,Win32,60,,,,,,,,,,,,,,,,,,,,,,,,,,,,,,,,,,,,,,,,,,7990.585,XXXXX,HAPPY,Identical,50.11499999,33,0,33,0,1,,,,,,,,,,,,,,,,,,,,,,,,,,,,,,,,,,,,,,,,,,,,,,,,
,,,,,,,,,,,,,,KS,001,2020-07-26_14h00.03.154,S2.1ConstantTotalFinal,2020.1.3,Win32,60,,,,,,,,,,,,,,,,,,,,,,,,,,,,,,,,,,,,,,,,,,8001.815,XXXXX,DILEMMA,Related,52.75499995,34,0,34,0,1,,,,,,,,,,,,,,,,,,,,,,,,,,,,,,,,,,,,,,,,,,,,,,,,
,,,,,,,,,,,,,,KS,001,2020-07-26_14h00.03.154,S2.1ConstantTotalFinal,2020.1.3,Win32,60,,,,,,,,,,,,,,,,,,,,,,,,,,,,,,,,,,,,,,,,,,7999.72,XXXXX,WILD,Unrelated,49.81999996,35,0,35,0,1,,,,,,,,,,,,,,,,,,,,,,,,,,,,,,,,,,,,,,,,,,,,,,,,
,,,,,,,,,,,,,,KS,001,2020-07-26_14h00.03.154,S2.1ConstantTotalFinal,2020.1.3,Win32,60,,,,,,,,,,,,,,,,,,,,,,,,,,,,,,,,,,,,,,,,,,8011.15,XXXXX,BALLET,Unrelated,44.91500009,36,0,36,0,1,,,,,,,,,,,,,,,,,,,,,,,,,,,,,,,,,,,,,,,,,,,,,,,,
,,,,,,,,,,,,,,KS,001,2020-07-26_14h00.03.154,S2.1ConstantTotalFinal,2020.1.3,Win32,60,,,,,,,,,,,,,,,,,,,,,,,,,,,,,,,,,,,,,,,,,,7996.945,XXXXX,BUCKET,Unrelated,51.675,37,0,37,0,1,,,,,,,,,,,,,,,,,,,,,,,,,,,,,,,,,,,,,,,,,,,,,,,,
,,,,,,,,,,,,,,KS,001,2020-07-26_14h00.03.154,S2.1ConstantTotalFinal,2020.1.3,Win32,60,,,,,,,,,,,,,,,,,,,,,,,,,,,,,,,,,,,,,,,,,,7989.11,XXXXX,VERB,Unrelated,50.42499991,38,0,38,0,1,,,,,,,,,,,,,,,,,,,,,,,,,,,,,,,,,,,,,,,,,,,,,,,,
,,,,,,,,,,,,,,KS,001,2020-07-26_14h00.03.154,S2.1ConstantTotalFinal,2020.1.3,Win32,60,,,,,,,,,,,,,,,,,,,,,,,,,,,,,,,,,,,,,,,,,,7998.925,XXXXX,BRANCH,Unrelated,53.02499991,39,0,39,0,1,,,,,,,,,,,,,,,,,,,,,,,,,,,,,,,,,,,,,,,,,,,,,,,,
,,,,,,,,,,,,,,KS,001,2020-07-26_14h00.03.154,S2.1ConstantTotalFinal,2020.1.3,Win32,60,,,,,,,,,,,,,,,,,,,,,,,,,,,,,,,,,,,,,,,,,,8000.325,XXXXX,FIRST,Unrelated,51.37,40,0,40,0,1,,,,,,,,,,,,,,,,,,,,,,,,,,,,,,,,,,,,,,,,,,,,,,,,
,,,,,,,,,,,,,,KS,001,2020-07-26_14h00.03.154,S2.1ConstantTotalFinal,2020.1.3,Win32,60,,,,,,,,,,,,,,,,,,,,,,,,,,,,,,,,,,,,,,,,,,7996.345,XXXXX,ARGUE,Unrelated,55.54999993,41,0,41,0,1,,,,,,,,,,,,,,,,,,,,,,,,,,,,,,,,,,,,,,,,,,,,,,,,
,,,,,,POTATO,,,,,,0.766094772,,KS,001,2020-07-26_14h00.03.154,S2.1ConstantTotalFinal,2020.1.3,Win32,60,,,,,,,,,,,,,,,,,,,,POTATO,,,,,,,,,,,,,,,,,,,,,,,,,,,,,,,,space,5.25151,0,0,0,10,1,,,,,,,,,,,,,,,,,,,,,,,,,,,,,,,,,,,,,,,,,
,,,,,,VOTE,,,,,,0.391384644,,KS,001,2020-07-26_14h00.03.154,S2.1ConstantTotalFinal,2020.1.3,Win32,60,,,,,,,,,,,,,,,,,,,,VOTE,,,,,,,,,,,,,,,,,,,,,,,,,,,,,,,,,,0,1,1,4,1,,,,,,,,,,,,,,,,,,,,,,,,,,,,,,,,,,,,,,,,,
,,,,,,SCISSORS,,,,,,0.548396267,,KS,001,2020-07-26_14h00.03.154,S2.1ConstantTotalFinal,2020.1.3,Win32,60,,,,,,,,,,,,,,,,,,,,SCISSORS,,,,,,,,,,,,,,,,,,,,,,,,,,,,,,,,,,0,2,2,31,1,,,,,,,,,,,,,,,,,,,,,,,,,,,,,,,,,,,,,,,,,
,,,,,,SHERIFF,,,,,,0.318647864,,KS,001,2020-07-26_14h00.03.154,S2.1ConstantTotalFinal,2020.1.3,Win32,60,,,,,,,,,,,,,,,,,,,,SHERIFF,,,,,,,,,,,,,,,,,,,,,,,,,,,,,,,,,,0,3,3,40,1,,,,,,,,,,,,,,,,,,,,,,,,,,,,,,,,,,,,,,,,,
,,,,,,CARD,,,,,,0.80598625,,KS,001,2020-07-26_14h00.03.154,S2.1ConstantTotalFinal,2020.1.3,Win32,60,,,,,,,,,,,,,,,,,,,,CARD,,,,,,,,,,,,,,,,,,,,,,,,,,,,,,,,,,0,4,4,24,1,,,,,,,,,,,,,,,,,,,,,,,,,,,,,,,,,,,,,,,,,
,,,,,,RAIN,,,,,,0.642791738,,KS,001,2020-07-26_14h00.03.154,S2.1ConstantTotalFinal,2020.1.3,Win32,60,,,,,,,,,,,,,,,,,,,,RAIN,,,,,,,,,,,,,,,,,,,,,,,,,,,,,,,,,,0,5,5,6,1,,,,,,,,,,,,,,,,,,,,,,,,,,,,,,,,,,,,,,,,,
,,,,,,ANNOY,,,,,,0.389273794,,KS,001,2020-07-26_14h00.03.154,S2.1ConstantTotalFinal,2020.1.3,Win32,60,,,,,,,,,,,,,,,,,,,,ANNOY,,,,,,,,,,,,,,,,,,,,,,,,,,,,,,,,,,0,6,6,15,1,,,,,,,,,,,,,,,,,,,,,,,,,,,,,,,,,,,,,,,,,
,,,,,,TOOL,,,,,,0.660455781,,KS,001,2020-07-26_14h00.03.154,S2.1ConstantTotalFinal,2020.1.3,Win32,60,,,,,,,,,,,,,,,,,,,,TOOL,,,,,,,,,,,,,,,,,,,,,,,,,,,,,,,,,,0,7,7,33,1,,,,,,,,,,,,,,,,,,,,,,,,,,,,,,,,,,,,,,,,,
,,,,,,SILVER,,,,,,0.12551483,,KS,001,2020-07-26_14h00.03.154,S2.1ConstantTotalFinal,2020.1.3,Win32,60,,,,,,,,,,,,,,,,,,,,SILVER,,,,,,,,,,,,,,,,,,,,,,,,,,,,,,,,,,0,8,8,2,1,,,,,,,,,,,,,,,,,,,,,,,,,,,,,,,,,,,,,,,,,
,,,,,,SPIT,,,,,,0.701275116,,KS,001,2020-07-26_14h00.03.154,S2.1ConstantTotalFinal,2020.1.3,Win32,60,,,,,,,,,,,,,,,,,,,,SPIT,,,,,,,,,,,,,,,,,,,,,,,,,,,,,,,,,,0,9,9,5,1,,,,,,,,,,,,,,,,,,,,,,,,,,,,,,,,,,,,,,,,,
,,,,,,CLOWN,,,,,,0.447880501,,KS,001,2020-07-26_14h00.03.154,S2.1ConstantTotalFinal,2020.1.3,Win32,60,,,,,,,,,,,,,,,,,,,,CLOWN,,,,,,,,,,,,,,,,,,,,,,,,,,,,,,,,,,0,10,10,20,1,,,,,,,,,,,,,,,,,,,,,,,,,,,,,,,,,,,,,,,,,
,,,,,,PIECE,,,,,,0.852736794,,KS,001,2020-07-26_14h00.03.154,S2.1ConstantTotalFinal,2020.1.3,Win32,60,,,,,,,,,,,,,,,,,,,,PIECE,,,,,,,,,,,,,,,,,,,,,,,,,,,,,,,,,,0,11,11,17,1,,,,,,,,,,,,,,,,,,,,,,,,,,,,,,,,,,,,,,,,,
,,,,,,PURPOSE,,,,,,0.705365384,,KS,001,2020-07-26_14h00.03.154,S2.1ConstantTotalFinal,2020.1.3,Win32,60,,,,,,,,,,,,,,,,,,,,PURPOSE,,,,,,,,,,,,,,,,,,,,,,,,,,,,,,,,,,0,12,12,21,1,,,,,,,,,,,,,,,,,,,,,,,,,,,,,,,,,,,,,,,,,
,,,,,,BUSH,,,,,,0.122929472,,KS,001,2020-07-26_14h00.03.154,S2.1ConstantTotalFinal,2020.1.3,Win32,60,,,,,,,,,,,,,,,,,,,,BUSH,,,,,,,,,,,,,,,,,,,,,,,,,,,,,,,,,,0,13,13,18,1,,,,,,,,,,,,,,,,,,,,,,,,,,,,,,,,,,,,,,,,,
,,,,,,EXACT,,,,,,0.050737062,,KS,001,2020-07-26_14h00.03.154,S2.1ConstantTotalFinal,2020.1.3,Win32,60,,,,,,,,,,,,,,,,,,,,EXACT,,,,,,,,,,,,,,,,,,,,,,,,,,,,,,,,,,0,14,14,28,1,,,,,,,,,,,,,,,,,,,,,,,,,,,,,,,,,,,,,,,,,
,,,,,,QUIET,,,,,,0.646533302,,KS,001,2020-07-26_14h00.03.154,S2.1ConstantTotalFinal,2020.1.3,Win32,60,,,,,,,,,,,,,,,,,,,,QUIET,,,,,,,,,,,,,,,,,,,,,,,,,,,,,,,,,,0,15,15,38,1,,,,,,,,,,,,,,,,,,,,,,,,,,,,,,,,,,,,,,,,,
,,,,,,MARRY,,,,,,0.693420192,,KS,001,2020-07-26_14h00.03.154,S2.1ConstantTotalFinal,2020.1.3,Win32,60,,,,,,,,,,,,,,,,,,,,MARRY,,,,,,,,,,,,,,,,,,,,,,,,,,,,,,,,,,0,16,16,25,1,,,,,,,,,,,,,,,,,,,,,,,,,,,,,,,,,,,,,,,,,
,,,,,,DRAW,,,,,,0.418690305,,KS,001,2020-07-26_14h00.03.154,S2.1ConstantTotalFinal,2020.1.3,Win32,60,,,,,,,,,,,,,,,,,,,,DRAW,,,,,,,,,,,,,,,,,,,,,,,,,,,,,,,,,,0,17,17,16,1,,,,,,,,,,,,,,,,,,,,,,,,,,,,,,,,,,,,,,,,,
,,,,,,SAME,,,,,,0.476142715,,KS,001,2020-07-26_14h00.03.154,S2.1ConstantTotalFinal,2020.1.3,Win32,60,,,,,,,,,,,,,,,,,,,,SAME,,,,,,,,,,,,,,,,,,,,,,,,,,,,,,,,,,0,18,18,23,1,,,,,,,,,,,,,,,,,,,,,,,,,,,,,,,,,,,,,,,,,
,,,,,,REAL,,,,,,0.285892566,,KS,001,2020-07-26_14h00.03.154,S2.1ConstantTotalFinal,2020.1.3,Win32,60,,,,,,,,,,,,,,,,,,,,REAL,,,,,,,,,,,,,,,,,,,,,,,,,,,,,,,,,,0,19,19,14,1,,,,,,,,,,,,,,,,,,,,,,,,,,,,,,,,,,,,,,,,,
,,,,,,THANKS,,,,,,0.234960869,,KS,001,2020-07-26_14h00.03.154,S2.1ConstantTotalFinal,2020.1.3,Win32,60,,,,,,,,,,,,,,,,,,,,THANKS,,,,,,,,,,,,,,,,,,,,,,,,,,,,,,,,,,0,20,20,32,1,,,,,,,,,,,,,,,,,,,,,,,,,,,,,,,,,,,,,,,,,
,,,,,,CHILD,,,,,,0.414428179,,KS,001,2020-07-26_14h00.03.154,S2.1ConstantTotalFinal,2020.1.3,Win32,60,,,,,,,,,,,,,,,,,,,,CHILD,,,,,,,,,,,,,,,,,,,,,,,,,,,,,,,,,,0,21,21,36,1,,,,,,,,,,,,,,,,,,,,,,,,,,,,,,,,,,,,,,,,,
,,,,,,STRIPE,,,,,,0.97845255,,KS,001,2020-07-26_14h00.03.154,S2.1ConstantTotalFinal,2020.1.3,Win32,60,,,,,,,,,,,,,,,,,,,,STRIPE,,,,,,,,,,,,,,,,,,,,,,,,,,,,,,,,,,0,22,22,9,1,,,,,,,,,,,,,,,,,,,,,,,,,,,,,,,,,,,,,,,,,
,,,,,,DISAGREE,,,,,,0.889943281,,KS,001,2020-07-26_14h00.03.154,S2.1ConstantTotalFinal,2020.1.3,Win32,60,,,,,,,,,,,,,,,,,,,,DISAGREE,,,,,,,,,,,,,,,,,,,,,,,,,,,,,,,,,,0,23,23,29,1,,,,,,,,,,,,,,,,,,,,,,,,,,,,,,,,,,,,,,,,,
,,,,,,MANY,,,,,,0.685420756,,KS,001,2020-07-26_14h00.03.154,S2.1ConstantTotalFinal,2020.1.3,Win32,60,,,,,,,,,,,,,,,,,,,,MANY,,,,,,,,,,,,,,,,,,,,,,,,,,,,,,,,,,0,24,24,30,1,,,,,,,,,,,,,,,,,,,,,,,,,,,,,,,,,,,,,,,,,
,,,,,,PACKAGE,,,,,,0.025762545,,KS,001,2020-07-26_14h00.03.154,S2.1ConstantTotalFinal,2020.1.3,Win32,60,,,,,,,,,,,,,,,,,,,,PACKAGE,,,,,,,,,,,,,,,,,,,,,,,,,,,,,,,,,,0,25,25,13,1,,,,,,,,,,,,,,,,,,,,,,,,,,,,,,,,,,,,,,,,,
,,,,,,STAMP,,,,,,0.777941528,,KS,001,2020-07-26_14h00.03.154,S2.1ConstantTotalFinal,2020.1.3,Win32,60,,,,,,,,,,,,,,,,,,,,STAMP,,,,,,,,,,,,,,,,,,,,,,,,,,,,,,,,,,0,26,26,7,1,,,,,,,,,,,,,,,,,,,,,,,,,,,,,,,,,,,,,,,,,
,,,,,,RENT,,,,,,0.77521184,,KS,001,2020-07-26_14h00.03.154,S2.1ConstantTotalFinal,2020.1.3,Win32,60,,,,,,,,,,,,,,,,,,,,RENT,,,,,,,,,,,,,,,,,,,,,,,,,,,,,,,,,,0,27,27,8,1,,,,,,,,,,,,,,,,,,,,,,,,,,,,,,,,,,,,,,,,,
,,,,,,DEATH,,,,,,0.835452117,,KS,001,2020-07-26_14h00.03.154,S2.1ConstantTotalFinal,2020.1.3,Win32,60,,,,,,,,,,,,,,,,,,,,DEATH,,,,,,,,,,,,,,,,,,,,,,,,,,,,,,,,,,0,28,28,12,1,,,,,,,,,,,,,,,,,,,,,,,,,,,,,,,,,,,,,,,,,
,,,,,,TOCK,,,,,,0.922592849,,KS,001,2020-07-26_14h00.03.154,S2.1ConstantTotalFinal,2020.1.3,Win32,60,,,,,,,,,,,,,,,,,,,,TOCK,,,,,,,,,,,,,,,,,,,,,,,,,,,,,,,,,,0,29,29,1,1,,,,,,,,,,,,,,,,,,,,,,,,,,,,,,,,,,,,,,,,,
,,,,,,TRAILER,,,,,,0.014976329,,KS,001,2020-07-26_14h00.03.154,S2.1ConstantTotalFinal,2020.1.3,Win32,60,,,,,,,,,,,,,,,,,,,,TRAILER,,,,,,,,,,,,,,,,,,,,,,,,,,,,,,,,,,0,30,30,37,1,,,,,,,,,,,,,,,,,,,,,,,,,,,,,,,,,,,,,,,,,
,,,,,,PLANE ,,,,,,0.591306087,,KS,001,2020-07-26_14h00.03.154,S2.1ConstantTotalFinal,2020.1.3,Win32,60,,,,,,,,,,,,,,,,,,,,PLANE ,,,,,,,,,,,,,,,,,,,,,,,,,,,,,,,,,,0,31,31,27,1,,,,,,,,,,,,,,,,,,,,,,,,,,,,,,,,,,,,,,,,,
,,,,,,SLIDE,,,,,,0.63592988,,KS,001,2020-07-26_14h00.03.154,S2.1ConstantTotalFinal,2020.1.3,Win32,60,,,,,,,,,,,,,,,,,,,,SLIDE,,,,,,,,,,,,,,,,,,,,,,,,,,,,,,,,,,0,32,32,39,1,,,,,,,,,,,,,,,,,,,,,,,,,,,,,,,,,,,,,,,,,
,,,,,,THIN,,,,,,0.799791158,,KS,001,2020-07-26_14h00.03.154,S2.1ConstantTotalFinal,2020.1.3,Win32,60,,,,,,,,,,,,,,,,,,,,THIN,,,,,,,,,,,,,,,,,,,,,,,,,,,,,,,,,,0,33,33,11,1,,,,,,,,,,,,,,,,,,,,,,,,,,,,,,,,,,,,,,,,,
,,,,,,YOUNG,,,,,,0.391009225,,KS,001,2020-07-26_14h00.03.154,S2.1ConstantTotalFinal,2020.1.3,Win32,60,,,,,,,,,,,,,,,,,,,,YOUNG,,,,,,,,,,,,,,,,,,,,,,,,,,,,,,,,,,0,34,34,35,1,,,,,,,,,,,,,,,,,,,,,,,,,,,,,,,,,,,,,,,,,
,,,,,,DRUGS,,,,,,0.872632178,,KS,001,2020-07-26_14h00.03.154,S2.1ConstantTotalFinal,2020.1.3,Win32,60,,,,,,,,,,,,,,,,,,,,DRUGS,,,,,,,,,,,,,,,,,,,,,,,,,,,,,,,,,,0,35,35,0,1,,,,,,,,,,,,,,,,,,,,,,,,,,,,,,,,,,,,,,,,,
,,,,,,KNIFE,,,,,,0.713784453,,KS,001,2020-07-26_14h00.03.154,S2.1ConstantTotalFinal,2020.1.3,Win32,60,,,,,,,,,,,,,,,,,,,,KNIFE,,,,,,,,,,,,,,,,,,,,,,,,,,,,,,,,,,0,36,36,26,1,,,,,,,,,,,,,,,,,,,,,,,,,,,,,,,,,,,,,,,,,
,,,,,,HATE,,,,,,0.57662815,,KS,001,2020-07-26_14h00.03.154,S2.1ConstantTotalFinal,2020.1.3,Win32,60,,,,,,,,,,,,,,,,,,,,HATE,,,,,,,,,,,,,,,,,,,,,,,,,,,,,,,,,,0,37,37,34,1,,,,,,,,,,,,,,,,,,,,,,,,,,,,,,,,,,,,,,,,,
,,,,,,EXCUSE,,,,,,0.078919435,,KS,001,2020-07-26_14h00.03.154,S2.1ConstantTotalFinal,2020.1.3,Win32,60,,,,,,,,,,,,,,,,,,,,EXCUSE,,,,,,,,,,,,,,,,,,,,,,,,,,,,,,,,,,0,38,38,19,1,,,,,,,,,,,,,,,,,,,,,,,,,,,,,,,,,,,,,,,,,
,,,,,,SHALLOW,,,,,,0.36351997,,KS,001,2020-07-26_14h00.03.154,S2.1ConstantTotalFinal,2020.1.3,Win32,60,,,,,,,,,,,,,,,,,,,,SHALLOW,,,,,,,,,,,,,,,,,,,,,,,,,,,,,,,,,,0,39,39,22,1,,,,,,,,,,,,,,,,,,,,,,,,,,,,,,,,,,,,,,,,,
,,,,,,WRONG,,,,,,0.393135469,,KS,001,2020-07-26_14h00.03.154,S2.1ConstantTotalFinal,2020.1.3,Win32,60,,,,,,,,,,,,,,,,,,,,WRONG,,,,,,,,,,,,,,,,,,,,,,,,,,,,,,,,,,0,40,40,3,1,,,,,,,,,,,,,,,,,,,,,,,,,,,,,,,,,,,,,,,,,
,,,,,,NECK,,,,,,0.568818915,,KS,001,2020-07-26_14h00.03.154,S2.1ConstantTotalFinal,2020.1.3,Win32,60,,,,,,,,,,,,,,,,,,,,NECK,,,,,,,,,,,,,,,,,,,,,,,,,,,,,,,,,,0,41,41,41,1,,,,,,,,,,,,,,,,,,,,,,,,,,,,,,,,,,,,,,,,,
,,,,,,,,,,,,,,KS,001,2020-07-26_14h00.03.154,S2.1ConstantTotalFinal,2020.1.3,Win32,60,,,,,,,,,,,,,,,,,,,,,,,,,,,,,,,,,,,,,,,,,,,,,,,,,,,,,,,,,,,space,4.518965,2978.405,CHILD,CLOWN,Identical,54.87500003,0,0,0,0,1,,,,,,,,,,,,,,,,,,,,,,,,,,,,,
,,,,,,,,,,,,,,KS,001,2020-07-26_14h00.03.154,S2.1ConstantTotalFinal,2020.1.3,Win32,60,,,,,,,,,,,,,,,,,,,,,,,,,,,,,,,,,,,,,,,,,,,,,,,,,,,,,,,,,,,,,3034.305,STRIPE,SHOVE,Unrelated,50.23000005,1,0,1,0,1,,,,,,,,,,,,,,,,,,,,,,,,,,,,,
,,,,,,,,,,,,,,KS,001,2020-07-26_14h00.03.154,S2.1ConstantTotalFinal,2020.1.3,Win32,60,,,,,,,,,,,,,,,,,,,,,,,,,,,,,,,,,,,,,,,,,,,,,,,,,,,,,,,,,,,,,1908.905,NECK,TOOL,Identical,50.52000005,2,0,2,0,1,,,,,,,,,,,,,,,,,,,,,,,,,,,,,
,,,,,,,,,,,,,,KS,001,2020-07-26_14h00.03.154,S2.1ConstantTotalFinal,2020.1.3,Win32,60,,,,,,,,,,,,,,,,,,,,,,,,,,,,,,,,,,,,,,,,,,,,,,,,,,,,,,,,,,,,,2683.495,MANY,SLIDE,Identical,50.09999999,3,0,3,0,1,,,,,,,,,,,,,,,,,,,,,,,,,,,,,
,,,,,,,,,,,,,,KS,001,2020-07-26_14h00.03.154,S2.1ConstantTotalFinal,2020.1.3,Win32,60,,,,,,,,,,,,,,,,,,,,,,,,,,,,,,,,,,,,,,,,,,,,,,,,,,,,,,,,,,,,,2627.68,PACKAGE,PART,Related,51.89999996,4,0,4,0,1,,,,,,,,,,,,,,,,,,,,,,,,,,,,,
,,,,,,,,,,,,,,KS,001,2020-07-26_14h00.03.154,S2.1ConstantTotalFinal,2020.1.3,Win32,60,,,,,,,,,,,,,,,,,,,,,,,,,,,,,,,,,,,,,,,,,,,,,,,,,,,,,,,,,,,,,4948.335,RENT,TIGER,Unrelated,50.80500001,5,0,5,0,1,,,,,,,,,,,,,,,,,,,,,,,,,,,,,
,,,,,,,,,,,,,,KS,001,2020-07-26_14h00.03.154,S2.1ConstantTotalFinal,2020.1.3,Win32,60,,,,,,,,,,,,,,,,,,,,,,,,,,,,,,,,,,,,,,,,,,,,,,,,,,,,,,,,,,,,,3779.07,PLANE,TOCK,Identical,52.37500009,6,0,6,0,1,,,,,,,,,,,,,,,,,,,,,,,,,,,,,
,,,,,,,,,,,,,,KS,001,2020-07-26_14h00.03.154,S2.1ConstantTotalFinal,2020.1.3,Win32,60,,,,,,,,,,,,,,,,,,,,,,,,,,,,,,,,,,,,,,,,,,,,,,,,,,,,,,,,,,,,,2066.135,DEATH,SKETCH,Related,36.06499999,7,0,7,0,1,,,,,,,,,,,,,,,,,,,,,,,,,,,,,
,,,,,,,,,,,,,,KS,001,2020-07-26_14h00.03.154,S2.1ConstantTotalFinal,2020.1.3,Win32,60,,,,,,,,,,,,,,,,,,,,,,,,,,,,,,,,,,,,,,,,,,,,,,,,,,,,,,,,,,,,,1667.205,SLIDE,HAIL,Related,51.65000004,8,0,8,0,1,,,,,,,,,,,,,,,,,,,,,,,,,,,,,
,,,,,,,,,,,,,,KS,001,2020-07-26_14h00.03.154,S2.1ConstantTotalFinal,2020.1.3,Win32,60,,,,,,,,,,,,,,,,,,,,,,,,,,,,,,,,,,,,,,,,,,,,,,,,,,,,,,,,,,,,,3879.35,DRUGS,THROW,Unrelated,50.79999997,9,0,9,0,1,,,,,,,,,,,,,,,,,,,,,,,,,,,,,
,,,,,,,,,,,,,,KS,001,2020-07-26_14h00.03.154,S2.1ConstantTotalFinal,2020.1.3,Win32,60,,,,,,,,,,,,,,,,,,,,,,,,,,,,,,,,,,,,,,,,,,,,,,,,,,,,,,,,,,,,,1215.97,HATE,GENUINE,Related,50.27999997,10,0,10,0,1,,,,,,,,,,,,,,,,,,,,,,,,,,,,,
,,,,,,,,,,,,,,KS,001,2020-07-26_14h00.03.154,S2.1ConstantTotalFinal,2020.1.3,Win32,60,,,,,,,,,,,,,,,,,,,,,,,,,,,,,,,,,,,,,,,,,,,,,,,,,,,,,,,,,,,,,1761.87,KNIFE,BALLOT,Related,51.48000002,11,0,11,0,1,,,,,,,,,,,,,,,,,,,,,,,,,,,,,
,,,,,,,,,,,,,,KS,001,2020-07-26_14h00.03.154,S2.1ConstantTotalFinal,2020.1.3,Win32,60,,,,,,,,,,,,,,,,,,,,,,,,,,,,,,,,,,,,,,,,,,,,,,,,,,,,,,,,,,,,,1588.095,WRONG,FENCE,Unrelated,50.37999991,12,0,12,0,1,,,,,,,,,,,,,,,,,,,,,,,,,,,,,
,,,,,,,,,,,,,,KS,001,2020-07-26_14h00.03.154,S2.1ConstantTotalFinal,2020.1.3,Win32,60,,,,,,,,,,,,,,,,,,,,,,,,,,,,,,,,,,,,,,,,,,,,,,,,,,,,,,,,,,,,,5299.88,YOUNG,GRASS,Unrelated,35.70000001,13,0,13,0,1,,,,,,,,,,,,,,,,,,,,,,,,,,,,,
,,,,,,,,,,,,,,KS,001,2020-07-26_14h00.03.154,S2.1ConstantTotalFinal,2020.1.3,Win32,60,,,,,,,,,,,,,,,,,,,,,,,,,,,,,,,,,,,,,,,,,,,,,,,,,,,,,,,,,,,,,2376.09,THIN,BEFORE,Unrelated,36.69500002,14,0,14,0,1,,,,,,,,,,,,,,,,,,,,,,,,,,,,,
,,,,,,,,,,,,,,KS,001,2020-07-26_14h00.03.154,S2.1ConstantTotalFinal,2020.1.3,Win32,60,,,,,,,,,,,,,,,,,,,,,,,,,,,,,,,,,,,,,,,,,,,,,,,,,,,,,,,,,,,,,3766.205,POTATO,DOLLAR,Unrelated,36.92999994,15,0,15,0,1,,,,,,,,,,,,,,,,,,,,,,,,,,,,,
,,,,,,,,,,,,,,KS,001,2020-07-26_14h00.03.154,S2.1ConstantTotalFinal,2020.1.3,Win32,60,,,,,,,,,,,,,,,,,,,,,,,,,,,,,,,,,,,,,,,,,,,,,,,,,,,,,,,,,,,,,1763.795,VOTE,MARRY,Identical,36.92500002,16,0,16,0,1,,,,,,,,,,,,,,,,,,,,,,,,,,,,,
,,,,,,,,,,,,,,KS,001,2020-07-26_14h00.03.154,S2.1ConstantTotalFinal,2020.1.3,Win32,60,,,,,,,,,,,,,,,,,,,,,,,,,,,,,,,,,,,,,,,,,,,,,,,,,,,,,,,,,,,,,7474.39,SHERIFF,BUSH,Identical,43.44499996,17,0,17,0,1,,,,,,,,,,,,,,,,,,,,,,,,,,,,,
,,,,,,,,,,,,,,KS,001,2020-07-26_14h00.03.154,S2.1ConstantTotalFinal,2020.1.3,Win32,60,,,,,,,,,,,,,,,,,,,,,,,,,,,,,,,,,,,,,,,,,,,,,,,,,,,,,,,,,,,,,3031.745,PIECE,POSTAGE,Related,35.99,18,0,18,0,1,,,,,,,,,,,,,,,,,,,,,,,,,,,,,
,,,,,,,,,,,,,,KS,001,2020-07-26_14h00.03.154,S2.1ConstantTotalFinal,2020.1.3,Win32,60,,,,,,,,,,,,,,,,,,,,,,,,,,,,,,,,,,,,,,,,,,,,,,,,,,,,,,,,,,,,,5834.655,RAIN,THANKS,Identical,36.72999993,19,0,19,0,1,,,,,,,,,,,,,,,,,,,,,,,,,,,,,
,,,,,,,,,,,,,,KS,001,2020-07-26_14h00.03.154,S2.1ConstantTotalFinal,2020.1.3,Win32,60,,,,,,,,,,,,,,,,,,,,,,,,,,,,,,,,,,,,,,,,,,,,,,,,,,,,,,,,,,,,,2119.035,ANNOY,PEPPER,Unrelated,37.03000001,20,0,20,0,1,,,,,,,,,,,,,,,,,,,,,,,,,,,,,
,,,,,,,,,,,,,,KS,001,2020-07-26_14h00.03.154,S2.1ConstantTotalFinal,2020.1.3,Win32,60,,,,,,,,,,,,,,,,,,,,,,,,,,,,,,,,,,,,,,,,,,,,,,,,,,,,,,,,,,,,,3613.67,SPIT,TRACTOR,Related,37.00500005,21,0,21,0,1,,,,,,,,,,,,,,,,,,,,,,,,,,,,,
,,,,,,,,,,,,,,KS,001,2020-07-26_14h00.03.154,S2.1ConstantTotalFinal,2020.1.3,Win32,60,,,,,,,,,,,,,,,,,,,,,,,,,,,,,,,,,,,,,,,,,,,,,,,,,,,,,,,,,,,,,5459.39,EXACT,SILVER,Identical,55.04499993,22,0,22,0,1,,,,,,,,,,,,,,,,,,,,,,,,,,,,,
,,,,,,,,,,,,,,KS,001,2020-07-26_14h00.03.154,S2.1ConstantTotalFinal,2020.1.3,Win32,60,,,,,,,,,,,,,,,,,,,,,,,,,,,,,,,,,,,,,,,,,,,,,,,,,,,,,,,,,,,,,2381.46,BUSH,OFFICE,Unrelated,52.61499994,23,0,23,0,1,,,,,,,,,,,,,,,,,,,,,,,,,,,,,
,,,,,,,,,,,,,,KS,001,2020-07-26_14h00.03.154,S2.1ConstantTotalFinal,2020.1.3,Win32,60,,,,,,,,,,,,,,,,,,,,,,,,,,,,,,,,,,,,,,,,,,,,,,,,,,,,,,,,,,,,,1729.01,MARRY,CLOCK,Unrelated,35.58999998,24,0,24,0,1,,,,,,,,,,,,,,,,,,,,,,,,,,,,,
,,,,,,,,,,,,,,KS,001,2020-07-26_14h00.03.154,S2.1ConstantTotalFinal,2020.1.3,Win32,60,,,,,,,,,,,,,,,,,,,,,,,,,,,,,,,,,,,,,,,,,,,,,,,,,,,,,,,,,,,,,1170.58,DRAW,CHARGE,Related,43.59499994,25,0,25,0,1,,,,,,,,,,,,,,,,,,,,,,,,,,,,,
,,,,,,,,,,,,,,KS,001,2020-07-26_14h00.03.154,S2.1ConstantTotalFinal,2020.1.3,Win32,60,,,,,,,,,,,,,,,,,,,,,,,,,,,,,,,,,,,,,,,,,,,,,,,,,,,,,,,,,,,,,1383.335,REAL,PLANT,Unrelated,51.71500007,26,0,26,0,1,,,,,,,,,,,,,,,,,,,,,,,,,,,,,
,,,,,,,,,,,,,,KS,001,2020-07-26_14h00.03.154,S2.1ConstantTotalFinal,2020.1.3,Win32,60,,,,,,,,,,,,,,,,,,,,,,,,,,,,,,,,,,,,,,,,,,,,,,,,,,,,,,,,,,,,,1366.15,SAME,PURPOSE,Identical,35.65500001,27,0,27,0,1,,,,,,,,,,,,,,,,,,,,,,,,,,,,,
,,,,,,,,,,,,,,KS,001,2020-07-26_14h00.03.154,S2.1ConstantTotalFinal,2020.1.3,Win32,60,,,,,,,,,,,,,,,,,,,,,,,,,,,,,,,,,,,,,,,,,,,,,,,,,,,,,,,,,,,,,8000.57,XXXXX,DISAGREE,Identical,52.18500004,28,0,28,0,1,,,,,,,,,,,,,,,,,,,,,,,,,,,,,
,,,,,,,,,,,,,,KS,001,2020-07-26_14h00.03.154,S2.1ConstantTotalFinal,2020.1.3,Win32,60,,,,,,,,,,,,,,,,,,,,,,,,,,,,,,,,,,,,,,,,,,,,,,,,,,,,,,,,,,,,,8000.19,XXXXX,PARDON,Related,53.39999998,29,0,29,0,1,,,,,,,,,,,,,,,,,,,,,,,,,,,,,
,,,,,,,,,,,,,,KS,001,2020-07-26_14h00.03.154,S2.1ConstantTotalFinal,2020.1.3,Win32,60,,,,,,,,,,,,,,,,,,,,,,,,,,,,,,,,,,,,,,,,,,,,,,,,,,,,,,,,,,,,,7999.18,XXXXX,SILENCE,Related,51.59499997,30,0,30,0,1,,,,,,,,,,,,,,,,,,,,,,,,,,,,,
,,,,,,,,,,,,,,KS,001,2020-07-26_14h00.03.154,S2.1ConstantTotalFinal,2020.1.3,Win32,60,,,,,,,,,,,,,,,,,,,,,,,,,,,,,,,,,,,,,,,,,,,,,,,,,,,,,,,,,,,,,7996.17,XXXXX,SHEARS,Related,36.24000004,31,0,31,0,1,,,,,,,,,,,,,,,,,,,,,,,,,,,,,
,,,,,,,,,,,,,,KS,001,2020-07-26_14h00.03.154,S2.1ConstantTotalFinal,2020.1.3,Win32,60,,,,,,,,,,,,,,,,,,,,,,,,,,,,,,,,,,,,,,,,,,,,,,,,,,,,,,,,,,,,,7989.35,XXXXX,SPOON,Unrelated,51.97499995,32,0,32,0,1,,,,,,,,,,,,,,,,,,,,,,,,,,,,,
,,,,,,,,,,,,,,KS,001,2020-07-26_14h00.03.154,S2.1ConstantTotalFinal,2020.1.3,Win32,60,,,,,,,,,,,,,,,,,,,,,,,,,,,,,,,,,,,,,,,,,,,,,,,,,,,,,,,,,,,,,8004.145,XXXXX,DEEP,Related,35.81000003,33,0,33,0,1,,,,,,,,,,,,,,,,,,,,,,,,,,,,,
,,,,,,,,,,,,,,KS,001,2020-07-26_14h00.03.154,S2.1ConstantTotalFinal,2020.1.3,Win32,60,,,,,,,,,,,,,,,,,,,,,,,,,,,,,,,,,,,,,,,,,,,,,,,,,,,,,,,,,,,,,7997.81,XXXXX,WORST,Unrelated,42.12,34,0,34,0,1,,,,,,,,,,,,,,,,,,,,,,,,,,,,,
,,,,,,,,,,,,,,KS,001,2020-07-26_14h00.03.154,S2.1ConstantTotalFinal,2020.1.3,Win32,60,,,,,,,,,,,,,,,,,,,,,,,,,,,,,,,,,,,,,,,,,,,,,,,,,,,,,,,,,,,,,8003.19,XXXXX,MINUTE,Unrelated,51.63999996,35,0,35,0,1,,,,,,,,,,,,,,,,,,,,,,,,,,,,,
,,,,,,,,,,,,,,KS,001,2020-07-26_14h00.03.154,S2.1ConstantTotalFinal,2020.1.3,Win32,60,,,,,,,,,,,,,,,,,,,,,,,,,,,,,,,,,,,,,,,,,,,,,,,,,,,,,,,,,,,,,8001.895,XXXXX,GIRLS,Unrelated,35.59500002,36,0,36,0,1,,,,,,,,,,,,,,,,,,,,,,,,,,,,,
,,,,,,,,,,,,,,KS,001,2020-07-26_14h00.03.154,S2.1ConstantTotalFinal,2020.1.3,Win32,60,,,,,,,,,,,,,,,,,,,,,,,,,,,,,,,,,,,,,,,,,,,,,,,,,,,,,,,,,,,,,8000.38,XXXXX,TEETH,Unrelated,52.17500008,37,0,37,0,1,,,,,,,,,,,,,,,,,,,,,,,,,,,,,
,,,,,,,,,,,,,,KS,001,2020-07-26_14h00.03.154,S2.1ConstantTotalFinal,2020.1.3,Win32,60,,,,,,,,,,,,,,,,,,,,,,,,,,,,,,,,,,,,,,,,,,,,,,,,,,,,,,,,,,,,,8001.13,XXXXX,HORSE,Unrelated,36.62000003,38,0,38,0,1,,,,,,,,,,,,,,,,,,,,,,,,,,,,,
,,,,,,,,,,,,,,KS,001,2020-07-26_14h00.03.154,S2.1ConstantTotalFinal,2020.1.3,Win32,60,,,,,,,,,,,,,,,,,,,,,,,,,,,,,,,,,,,,,,,,,,,,,,,,,,,,,,,,,,,,,8008.375,XXXXX,LEAVES,Unrelated,52.15,39,0,39,0,1,,,,,,,,,,,,,,,,,,,,,,,,,,,,,
,,,,,,,,,,,,,,KS,001,2020-07-26_14h00.03.154,S2.1ConstantTotalFinal,2020.1.3,Win32,60,,,,,,,,,,,,,,,,,,,,,,,,,,,,,,,,,,,,,,,,,,,,,,,,,,,,,,,,,,,,,7996.71,XXXXX,LEMON,Unrelated,52.82500002,40,0,40,0,1,,,,,,,,,,,,,,,,,,,,,,,,,,,,,
,,,,,,,,,,,,,,KS,001,2020-07-26_14h00.03.154,S2.1ConstantTotalFinal,2020.1.3,Win32,60,,,,,,,,,,,,,,,,,,,,,,,,,,,,,,,,,,,,,,,,,,,,,,,,,,,,,,,,,,,,,7997.385,XXXXX,MUSCLE,Unrelated,35.92500009,41,0,41,0,1,,,,,,,,,,,,,,,,,,,,,,,,,,,,,
,,,,,,SPOTS,,,,,,0.433934903,,KS,001,2020-07-26_14h00.03.154,S2.1ConstantTotalFinal,2020.1.3,Win32,60,,,,,,,,,,,,,,,,,,,,SPOTS,,,,,,,,,,,,,,,,,,,,,,,,,,,,,,,,,,,,,,,,,,,,,,,,,,,space,5.672855,0,0,0,38,1,,,,,,,,,,,,,,,,,,,,,,
,,,,,,UNDER,,,,,,0.612025779,,KS,001,2020-07-26_14h00.03.154,S2.1ConstantTotalFinal,2020.1.3,Win32,60,,,,,,,,,,,,,,,,,,,,UNDER,,,,,,,,,,,,,,,,,,,,,,,,,,,,,,,,,,,,,,,,,,,,,,,,,,,,,0,1,1,18,1,,,,,,,,,,,,,,,,,,,,,,
,,,,,,LIGHT,,,,,,0.546275402,,KS,001,2020-07-26_14h00.03.154,S2.1ConstantTotalFinal,2020.1.3,Win32,60,,,,,,,,,,,,,,,,,,,,LIGHT,,,,,,,,,,,,,,,,,,,,,,,,,,,,,,,,,,,,,,,,,,,,,,,,,,,,,0,2,2,12,1,,,,,,,,,,,,,,,,,,,,,,
,,,,,,NIGHTS,,,,,,0.686608609,,KS,001,2020-07-26_14h00.03.154,S2.1ConstantTotalFinal,2020.1.3,Win32,60,,,,,,,,,,,,,,,,,,,,NIGHTS,,,,,,,,,,,,,,,,,,,,,,,,,,,,,,,,,,,,,,,,,,,,,,,,,,,,,0,3,3,0,1,,,,,,,,,,,,,,,,,,,,,,
,,,,,,TOOTH,,,,,,0.494217609,,KS,001,2020-07-26_14h00.03.154,S2.1ConstantTotalFinal,2020.1.3,Win32,60,,,,,,,,,,,,,,,,,,,,TOOTH,,,,,,,,,,,,,,,,,,,,,,,,,,,,,,,,,,,,,,,,,,,,,,,,,,,,,0,4,4,16,1,,,,,,,,,,,,,,,,,,,,,,
,,,,,,PENNY,,,,,,0.412141193,,KS,001,2020-07-26_14h00.03.154,S2.1ConstantTotalFinal,2020.1.3,Win32,60,,,,,,,,,,,,,,,,,,,,PENNY,,,,,,,,,,,,,,,,,,,,,,,,,,,,,,,,,,,,,,,,,,,,,,,,,,,,,0,5,5,13,1,,,,,,,,,,,,,,,,,,,,,,
,,,,,,CLASS,,,,,,0.480414298,,KS,001,2020-07-26_14h00.03.154,S2.1ConstantTotalFinal,2020.1.3,Win32,60,,,,,,,,,,,,,,,,,,,,CLASS,,,,,,,,,,,,,,,,,,,,,,,,,,,,,,,,,,,,,,,,,,,,,,,,,,,,,0,6,6,4,1,,,,,,,,,,,,,,,,,,,,,,
,,,,,,BIKE,,,,,,0.264510386,,KS,001,2020-07-26_14h00.03.154,S2.1ConstantTotalFinal,2020.1.3,Win32,60,,,,,,,,,,,,,,,,,,,,BIKE,,,,,,,,,,,,,,,,,,,,,,,,,,,,,,,,,,,,,,,,,,,,,,,,,,,,,0,7,7,7,1,,,,,,,,,,,,,,,,,,,,,,
,,,,,,STRESS,,,,,,0.49961253,,KS,001,2020-07-26_14h00.03.154,S2.1ConstantTotalFinal,2020.1.3,Win32,60,,,,,,,,,,,,,,,,,,,,STRESS,,,,,,,,,,,,,,,,,,,,,,,,,,,,,,,,,,,,,,,,,,,,,,,,,,,,,0,8,8,3,1,,,,,,,,,,,,,,,,,,,,,,
,,,,,,KNIT,,,,,,0.472905873,,KS,001,2020-07-26_14h00.03.154,S2.1ConstantTotalFinal,2020.1.3,Win32,60,,,,,,,,,,,,,,,,,,,,KNIT,,,,,,,,,,,,,,,,,,,,,,,,,,,,,,,,,,,,,,,,,,,,,,,,,,,,,0,9,9,34,1,,,,,,,,,,,,,,,,,,,,,,
,,,,,,CELL,,,,,,0.269778771,,KS,001,2020-07-26_14h00.03.154,S2.1ConstantTotalFinal,2020.1.3,Win32,60,,,,,,,,,,,,,,,,,,,,CELL,,,,,,,,,,,,,,,,,,,,,,,,,,,,,,,,,,,,,,,,,,,,,,,,,,,,,0,10,10,40,1,,,,,,,,,,,,,,,,,,,,,,
,,,,,,MILK,,,,,,0.466115865,,KS,001,2020-07-26_14h00.03.154,S2.1ConstantTotalFinal,2020.1.3,Win32,60,,,,,,,,,,,,,,,,,,,,MILK,,,,,,,,,,,,,,,,,,,,,,,,,,,,,,,,,,,,,,,,,,,,,,,,,,,,,0,11,11,19,1,,,,,,,,,,,,,,,,,,,,,,
,,,,,,ARMS,,,,,,0.579607492,,KS,001,2020-07-26_14h00.03.154,S2.1ConstantTotalFinal,2020.1.3,Win32,60,,,,,,,,,,,,,,,,,,,,ARMS,,,,,,,,,,,,,,,,,,,,,,,,,,,,,,,,,,,,,,,,,,,,,,,,,,,,,0,12,12,32,1,,,,,,,,,,,,,,,,,,,,,,
,,,,,,PROPER,,,,,,0.14675593,,KS,001,2020-07-26_14h00.03.154,S2.1ConstantTotalFinal,2020.1.3,Win32,60,,,,,,,,,,,,,,,,,,,,PROPER,,,,,,,,,,,,,,,,,,,,,,,,,,,,,,,,,,,,,,,,,,,,,,,,,,,,,0,13,13,39,1,,,,,,,,,,,,,,,,,,,,,,
,,,,,,BREAD,,,,,,0.425501341,,KS,001,2020-07-26_14h00.03.154,S2.1ConstantTotalFinal,2020.1.3,Win32,60,,,,,,,,,,,,,,,,,,,,BREAD,,,,,,,,,,,,,,,,,,,,,,,,,,,,,,,,,,,,,,,,,,,,,,,,,,,,,0,14,14,27,1,,,,,,,,,,,,,,,,,,,,,,
,,,,,,ROSE,,,,,,0.389892086,,KS,001,2020-07-26_14h00.03.154,S2.1ConstantTotalFinal,2020.1.3,Win32,60,,,,,,,,,,,,,,,,,,,,ROSE,,,,,,,,,,,,,,,,,,,,,,,,,,,,,,,,,,,,,,,,,,,,,,,,,,,,,0,15,15,31,1,,,,,,,,,,,,,,,,,,,,,,
,,,,,,WRITE,,,,,,0.138136359,,KS,001,2020-07-26_14h00.03.154,S2.1ConstantTotalFinal,2020.1.3,Win32,60,,,,,,,,,,,,,,,,,,,,WRITE,,,,,,,,,,,,,,,,,,,,,,,,,,,,,,,,,,,,,,,,,,,,,,,,,,,,,0,16,16,24,1,,,,,,,,,,,,,,,,,,,,,,
,,,,,,BRAIN,,,,,,0.688118834,,KS,001,2020-07-26_14h00.03.154,S2.1ConstantTotalFinal,2020.1.3,Win32,60,,,,,,,,,,,,,,,,,,,,BRAIN,,,,,,,,,,,,,,,,,,,,,,,,,,,,,,,,,,,,,,,,,,,,,,,,,,,,,0,17,17,2,1,,,,,,,,,,,,,,,,,,,,,,
,,,,,,GRAVE,,,,,,0.775670522,,KS,001,2020-07-26_14h00.03.154,S2.1ConstantTotalFinal,2020.1.3,Win32,60,,,,,,,,,,,,,,,,,,,,GRAVE,,,,,,,,,,,,,,,,,,,,,,,,,,,,,,,,,,,,,,,,,,,,,,,,,,,,,0,18,18,29,1,,,,,,,,,,,,,,,,,,,,,,
,,,,,,SELF,,,,,,0.775809321,,KS,001,2020-07-26_14h00.03.154,S2.1ConstantTotalFinal,2020.1.3,Win32,60,,,,,,,,,,,,,,,,,,,,SELF,,,,,,,,,,,,,,,,,,,,,,,,,,,,,,,,,,,,,,,,,,,,,,,,,,,,,0,19,19,36,1,,,,,,,,,,,,,,,,,,,,,,
,,,,,,STEAL,,,,,,0.004318282,,KS,001,2020-07-26_14h00.03.154,S2.1ConstantTotalFinal,2020.1.3,Win32,60,,,,,,,,,,,,,,,,,,,,STEAL,,,,,,,,,,,,,,,,,,,,,,,,,,,,,,,,,,,,,,,,,,,,,,,,,,,,,0,20,20,17,1,,,,,,,,,,,,,,,,,,,,,,
,,,,,,MATH,,,,,,0.314749245,,KS,001,2020-07-26_14h00.03.154,S2.1ConstantTotalFinal,2020.1.3,Win32,60,,,,,,,,,,,,,,,,,,,,MATH,,,,,,,,,,,,,,,,,,,,,,,,,,,,,,,,,,,,,,,,,,,,,,,,,,,,,0,21,21,5,1,,,,,,,,,,,,,,,,,,,,,,
,,,,,,TOWN,,,,,,0.450653324,,KS,001,2020-07-26_14h00.03.154,S2.1ConstantTotalFinal,2020.1.3,Win32,60,,,,,,,,,,,,,,,,,,,,TOWN,,,,,,,,,,,,,,,,,,,,,,,,,,,,,,,,,,,,,,,,,,,,,,,,,,,,,0,22,22,6,1,,,,,,,,,,,,,,,,,,,,,,
,,,,,,RULE,,,,,,0.347489681,,KS,001,2020-07-26_14h00.03.154,S2.1ConstantTotalFinal,2020.1.3,Win32,60,,,,,,,,,,,,,,,,,,,,RULE,,,,,,,,,,,,,,,,,,,,,,,,,,,,,,,,,,,,,,,,,,,,,,,,,,,,,0,23,23,9,1,,,,,,,,,,,,,,,,,,,,,,
,,,,,,GUILT,,,,,,0.632487033,,KS,001,2020-07-26_14h00.03.154,S2.1ConstantTotalFinal,2020.1.3,Win32,60,,,,,,,,,,,,,,,,,,,,GUILT,,,,,,,,,,,,,,,,,,,,,,,,,,,,,,,,,,,,,,,,,,,,,,,,,,,,,0,24,24,1,1,,,,,,,,,,,,,,,,,,,,,,
,,,,,,SHEEP,,,,,,0.013204752,,KS,001,2020-07-26_14h00.03.154,S2.1ConstantTotalFinal,2020.1.3,Win32,60,,,,,,,,,,,,,,,,,,,,SHEEP,,,,,,,,,,,,,,,,,,,,,,,,,,,,,,,,,,,,,,,,,,,,,,,,,,,,,0,25,25,21,1,,,,,,,,,,,,,,,,,,,,,,
,,,,,,SHIRT,,,,,,0.723632514,,KS,001,2020-07-26_14h00.03.154,S2.1ConstantTotalFinal,2020.1.3,Win32,60,,,,,,,,,,,,,,,,,,,,SHIRT,,,,,,,,,,,,,,,,,,,,,,,,,,,,,,,,,,,,,,,,,,,,,,,,,,,,,0,26,26,30,1,,,,,,,,,,,,,,,,,,,,,,
,,,,,,GRAND,,,,,,0.107606545,,KS,001,2020-07-26_14h00.03.154,S2.1ConstantTotalFinal,2020.1.3,Win32,60,,,,,,,,,,,,,,,,,,,,GRAND,,,,,,,,,,,,,,,,,,,,,,,,,,,,,,,,,,,,,,,,,,,,,,,,,,,,,0,27,27,20,1,,,,,,,,,,,,,,,,,,,,,,
,,,,,,BABY,,,,,,0.996556956,,KS,001,2020-07-26_14h00.03.154,S2.1ConstantTotalFinal,2020.1.3,Win32,60,,,,,,,,,,,,,,,,,,,,BABY,,,,,,,,,,,,,,,,,,,,,,,,,,,,,,,,,,,,,,,,,,,,,,,,,,,,,0,28,28,14,1,,,,,,,,,,,,,,,,,,,,,,
,,,,,,REPEAT,,,,,,0.754263343,,KS,001,2020-07-26_14h00.03.154,S2.1ConstantTotalFinal,2020.1.3,Win32,60,,,,,,,,,,,,,,,,,,,,REPEAT,,,,,,,,,,,,,,,,,,,,,,,,,,,,,,,,,,,,,,,,,,,,,,,,,,,,,0,29,29,28,1,,,,,,,,,,,,,,,,,,,,,,
,,,,,,EXPLODE,,,,,,0.756331909,,KS,001,2020-07-26_14h00.03.154,S2.1ConstantTotalFinal,2020.1.3,Win32,60,,,,,,,,,,,,,,,,,,,,EXPLODE,,,,,,,,,,,,,,,,,,,,,,,,,,,,,,,,,,,,,,,,,,,,,,,,,,,,,0,30,30,22,1,,,,,,,,,,,,,,,,,,,,,,
,,,,,,STING,,,,,,0.868533,,KS,001,2020-07-26_14h00.03.154,S2.1ConstantTotalFinal,2020.1.3,Win32,60,,,,,,,,,,,,,,,,,,,,STING,,,,,,,,,,,,,,,,,,,,,,,,,,,,,,,,,,,,,,,,,,,,,,,,,,,,,0,31,31,35,1,,,,,,,,,,,,,,,,,,,,,,
,,,,,,FAKE,,,,,,0.416235142,,KS,001,2020-07-26_14h00.03.154,S2.1ConstantTotalFinal,2020.1.3,Win32,60,,,,,,,,,,,,,,,,,,,,FAKE,,,,,,,,,,,,,,,,,,,,,,,,,,,,,,,,,,,,,,,,,,,,,,,,,,,,,0,32,32,23,1,,,,,,,,,,,,,,,,,,,,,,
,,,,,,SKIN,,,,,,0.222682294,,KS,001,2020-07-26_14h00.03.154,S2.1ConstantTotalFinal,2020.1.3,Win32,60,,,,,,,,,,,,,,,,,,,,SKIN,,,,,,,,,,,,,,,,,,,,,,,,,,,,,,,,,,,,,,,,,,,,,,,,,,,,,0,33,33,33,1,,,,,,,,,,,,,,,,,,,,,,
,,,,,,SUBJECT,,,,,,0.309163734,,KS,001,2020-07-26_14h00.03.154,S2.1ConstantTotalFinal,2020.1.3,Win32,60,,,,,,,,,,,,,,,,,,,,SUBJECT,,,,,,,,,,,,,,,,,,,,,,,,,,,,,,,,,,,,,,,,,,,,,,,,,,,,,0,34,34,10,1,,,,,,,,,,,,,,,,,,,,,,
,,,,,,DOCTOR,,,,,,0.563016136,,KS,001,2020-07-26_14h00.03.154,S2.1ConstantTotalFinal,2020.1.3,Win32,60,,,,,,,,,,,,,,,,,,,,DOCTOR,,,,,,,,,,,,,,,,,,,,,,,,,,,,,,,,,,,,,,,,,,,,,,,,,,,,,0,35,35,41,1,,,,,,,,,,,,,,,,,,,,,,
,,,,,,HEAD,,,,,,0.770959895,,KS,001,2020-07-26_14h00.03.154,S2.1ConstantTotalFinal,2020.1.3,Win32,60,,,,,,,,,,,,,,,,,,,,HEAD,,,,,,,,,,,,,,,,,,,,,,,,,,,,,,,,,,,,,,,,,,,,,,,,,,,,,0,36,36,8,1,,,,,,,,,,,,,,,,,,,,,,
,,,,,,WOOD,,,,,,0.025951149,,KS,001,2020-07-26_14h00.03.154,S2.1ConstantTotalFinal,2020.1.3,Win32,60,,,,,,,,,,,,,,,,,,,,WOOD,,,,,,,,,,,,,,,,,,,,,,,,,,,,,,,,,,,,,,,,,,,,,,,,,,,,,0,37,37,11,1,,,,,,,,,,,,,,,,,,,,,,
,,,,,,TOUCH,,,,,,0.267452305,,KS,001,2020-07-26_14h00.03.154,S2.1ConstantTotalFinal,2020.1.3,Win32,60,,,,,,,,,,,,,,,,,,,,TOUCH,,,,,,,,,,,,,,,,,,,,,,,,,,,,,,,,,,,,,,,,,,,,,,,,,,,,,0,38,38,26,1,,,,,,,,,,,,,,,,,,,,,,
,,,,,,MOVE,,,,,,0.741390395,,KS,001,2020-07-26_14h00.03.154,S2.1ConstantTotalFinal,2020.1.3,Win32,60,,,,,,,,,,,,,,,,,,,,MOVE,,,,,,,,,,,,,,,,,,,,,,,,,,,,,,,,,,,,,,,,,,,,,,,,,,,,,0,39,39,15,1,,,,,,,,,,,,,,,,,,,,,,
,,,,,,STUPID,,,,,,0.235258453,,KS,001,2020-07-26_14h00.03.154,S2.1ConstantTotalFinal,2020.1.3,Win32,60,,,,,,,,,,,,,,,,,,,,STUPID,,,,,,,,,,,,,,,,,,,,,,,,,,,,,,,,,,,,,,,,,,,,,,,,,,,,,0,40,40,25,1,,,,,,,,,,,,,,,,,,,,,,
,,,,,,CLIMB,,,,,,0.571490621,,KS,001,2020-07-26_14h00.03.154,S2.1ConstantTotalFinal,2020.1.3,Win32,60,,,,,,,,,,,,,,,,,,,,CLIMB,,,,,,,,,,,,,,,,,,,,,,,,,,,,,,,,,,,,,,,,,,,,,,,,,,,,,0,41,41,37,1,,,,,,,,,,,,,,,,,,,,,,
,,,,,,,,,,,,,,KS,001,2020-07-26_14h00.03.154,S2.1ConstantTotalFinal,2020.1.3,Win32,60,,,,,,,,,,,,,,,,,,,,,,,,,,,,,,,,,,,,,,,,,,,,,,,,,,,,,,,,,,,,,,,,,,,,,,,,,,,,,,space,11.774765,1830.69,STEAL,PENNY,Identical,51.28500005,0,0,0,0,1,,,,,,,,,,
,,,,,,,,,,,,,,KS,001,2020-07-26_14h00.03.154,S2.1ConstantTotalFinal,2020.1.3,Win32,60,,,,,,,,,,,,,,,,,,,,,,,,,,,,,,,,,,,,,,,,,,,,,,,,,,,,,,,,,,,,,,,,,,,,,,,,,,,,,,,,1460.53,MATH,DUMB,Related,52.61999997,1,0,1,0,1,,,,,,,,,,
,,,,,,,,,,,,,,KS,001,2020-07-26_14h00.03.154,S2.1ConstantTotalFinal,2020.1.3,Win32,60,,,,,,,,,,,,,,,,,,,,,,,,,,,,,,,,,,,,,,,,,,,,,,,,,,,,,,,,,,,,,,,,,,,,,,,,,,,,,,,,2003.155,BABY,SKIN,Identical,51.08,2,0,2,0,1,,,,,,,,,,
,,,,,,,,,,,,,,KS,001,2020-07-26_14h00.03.154,S2.1ConstantTotalFinal,2020.1.3,Win32,60,,,,,,,,,,,,,,,,,,,,,,,,,,,,,,,,,,,,,,,,,,,,,,,,,,,,,,,,,,,,,,,,,,,,,,,,,,,,,,,,1948.98,SHEEP,STAIRS,Unrelated,52.07500001,3,0,3,0,1,,,,,,,,,,
,,,,,,,,,,,,,,KS,001,2020-07-26_14h00.03.154,S2.1ConstantTotalFinal,2020.1.3,Win32,60,,,,,,,,,,,,,,,,,,,,,,,,,,,,,,,,,,,,,,,,,,,,,,,,,,,,,,,,,,,,,,,,,,,,,,,,,,,,,,,,1736.95,SHIRT,SPOTS,Identical,51.05000001,4,0,4,0,1,,,,,,,,,,
,,,,,,,,,,,,,,KS,001,2020-07-26_14h00.03.154,S2.1ConstantTotalFinal,2020.1.3,Win32,60,,,,,,,,,,,,,,,,,,,,,,,,,,,,,,,,,,,,,,,,,,,,,,,,,,,,,,,,,,,,,,,,,,,,,,,,,,,,,,,,2358.15,EXPLODE,CARESS,Related,52.57000006,5,0,5,0,1,,,,,,,,,,
,,,,,,,,,,,,,,KS,001,2020-07-26_14h00.03.154,S2.1ConstantTotalFinal,2020.1.3,Win32,60,,,,,,,,,,,,,,,,,,,,,,,,,,,,,,,,,,,,,,,,,,,,,,,,,,,,,,,,,,,,,,,,,,,,,,,,,,,,,,,,2101.405,REPEAT,LAWYER,Unrelated,47.04500001,6,0,6,0,1,,,,,,,,,,
,,,,,,,,,,,,,,KS,001,2020-07-26_14h00.03.154,S2.1ConstantTotalFinal,2020.1.3,Win32,60,,,,,,,,,,,,,,,,,,,,,,,,,,,,,,,,,,,,,,,,,,,,,,,,,,,,,,,,,,,,,,,,,,,,,,,,,,,,,,,,1939.75,STING,YELLOW,Unrelated,45.68999994,7,0,7,0,1,,,,,,,,,,
,,,,,,,,,,,,,,KS,001,2020-07-26_14h00.03.154,S2.1ConstantTotalFinal,2020.1.3,Win32,60,,,,,,,,,,,,,,,,,,,,,,,,,,,,,,,,,,,,,,,,,,,,,,,,,,,,,,,,,,,,,,,,,,,,,,,,,,,,,,,,1563.82,FAKE,LIGHT,Identical,48.65999997,8,0,8,0,1,,,,,,,,,,
,,,,,,,,,,,,,,KS,001,2020-07-26_14h00.03.154,S2.1ConstantTotalFinal,2020.1.3,Win32,60,,,,,,,,,,,,,,,,,,,,,,,,,,,,,,,,,,,,,,,,,,,,,,,,,,,,,,,,,,,,,,,,,,,,,,,,,,,,,,,,1850.515,SKIN,PROPER,Identical,51.07499997,9,0,9,0,1,,,,,,,,,,
,,,,,,,,,,,,,,KS,001,2020-07-26_14h00.03.154,S2.1ConstantTotalFinal,2020.1.3,Win32,60,,,,,,,,,,,,,,,,,,,,,,,,,,,,,,,,,,,,,,,,,,,,,,,,,,,,,,,,,,,,,,,,,,,,,,,,,,,,,,,,3810.33,DOCTOR,STREAM,Unrelated,35.73499992,10,0,10,0,1,,,,,,,,,,
,,,,,,,,,,,,,,KS,001,2020-07-26_14h00.03.154,S2.1ConstantTotalFinal,2020.1.3,Win32,60,,,,,,,,,,,,,,,,,,,,,,,,,,,,,,,,,,,,,,,,,,,,,,,,,,,,,,,,,,,,,,,,,,,,,,,,,,,,,,,,3409.14,HEAD,POLICY,Related,37.78999997,11,0,11,0,1,,,,,,,,,,
,,,,,,,,,,,,,,KS,001,2020-07-26_14h00.03.154,S2.1ConstantTotalFinal,2020.1.3,Win32,60,,,,,,,,,,,,,,,,,,,,,,,,,,,,,,,,,,,,,,,,,,,,,,,,,,,,,,,,,,,,,,,,,,,,,,,,,,,,,,,,2231.99,SUBJECT,CANYON,Related,53.84000007,12,0,12,0,1,,,,,,,,,,
,,,,,,,,,,,,,,KS,001,2020-07-26_14h00.03.154,S2.1ConstantTotalFinal,2020.1.3,Win32,60,,,,,,,,,,,,,,,,,,,,,,,,,,,,,,,,,,,,,,,,,,,,,,,,,,,,,,,,,,,,,,,,,,,,,,,,,,,,,,,,1917,WOOD,CHAIR,Unrelated,52.20499996,13,0,13,0,1,,,,,,,,,,
,,,,,,,,,,,,,,KS,001,2020-07-26_14h00.03.154,S2.1ConstantTotalFinal,2020.1.3,Win32,60,,,,,,,,,,,,,,,,,,,,,,,,,,,,,,,,,,,,,,,,,,,,,,,,,,,,,,,,,,,,,,,,,,,,,,,,,,,,,,,,2536.485,TOUCH,GALLON,Related,36.42999998,14,0,14,0,1,,,,,,,,,,
,,,,,,,,,,,,,,KS,001,2020-07-26_14h00.03.154,S2.1ConstantTotalFinal,2020.1.3,Win32,60,,,,,,,,,,,,,,,,,,,,,,,,,,,,,,,,,,,,,,,,,,,,,,,,,,,,,,,,,,,,,,,,,,,,,,,,,,,,,,,,1429.1,MOVE,LEGS,Related,46.97000002,15,0,15,0,1,,,,,,,,,,
,,,,,,,,,,,,,,KS,001,2020-07-26_14h00.03.154,S2.1ConstantTotalFinal,2020.1.3,Win32,60,,,,,,,,,,,,,,,,,,,,,,,,,,,,,,,,,,,,,,,,,,,,,,,,,,,,,,,,,,,,,,,,,,,,,,,,,,,,,,,,7316.315,STUPID,THORN,Related,51.68000003,16,0,16,0,1,,,,,,,,,,
,,,,,,,,,,,,,,KS,001,2020-07-26_14h00.03.154,S2.1ConstantTotalFinal,2020.1.3,Win32,60,,,,,,,,,,,,,,,,,,,,,,,,,,,,,,,,,,,,,,,,,,,,,,,,,,,,,,,,,,,,,,,,,,,,,,,,,,,,,,,,3652.035,GRAVE,STORY,Unrelated,52.76999995,17,0,17,0,1,,,,,,,,,,
,,,,,,,,,,,,,,KS,001,2020-07-26_14h00.03.154,S2.1ConstantTotalFinal,2020.1.3,Win32,60,,,,,,,,,,,,,,,,,,,,,,,,,,,,,,,,,,,,,,,,,,,,,,,,,,,,,,,,,,,,,,,,,,,,,,,,,,,,,,,,1980.285,SELF,DAYS,Related,49.86499995,18,0,18,0,1,,,,,,,,,,
,,,,,,,,,,,,,,KS,001,2020-07-26_14h00.03.154,S2.1ConstantTotalFinal,2020.1.3,Win32,60,,,,,,,,,,,,,,,,,,,,,,,,,,,,,,,,,,,,,,,,,,,,,,,,,,,,,,,,,,,,,,,,,,,,,,,,,,,,,,,,3303.88,WRITE,GUITAR,Unrelated,51.49500002,19,0,19,0,1,,,,,,,,,,
,,,,,,,,,,,,,,KS,001,2020-07-26_14h00.03.154,S2.1ConstantTotalFinal,2020.1.3,Win32,60,,,,,,,,,,,,,,,,,,,,,,,,,,,,,,,,,,,,,,,,,,,,,,,,,,,,,,,,,,,,,,,,,,,,,,,,,,,,,,,,1614.295,ROSE,UNDER,Identical,51.29000009,20,0,20,0,1,,,,,,,,,,
,,,,,,,,,,,,,,KS,001,2020-07-26_14h00.03.154,S2.1ConstantTotalFinal,2020.1.3,Win32,60,,,,,,,,,,,,,,,,,,,,,,,,,,,,,,,,,,,,,,,,,,,,,,,,,,,,,,,,,,,,,,,,,,,,,,,,,,,,,,,,7037.34,TOOTH,CITY,Related,50.89499999,21,0,21,0,1,,,,,,,,,,
,,,,,,,,,,,,,,KS,001,2020-07-26_14h00.03.154,S2.1ConstantTotalFinal,2020.1.3,Win32,60,,,,,,,,,,,,,,,,,,,,,,,,,,,,,,,,,,,,,,,,,,,,,,,,,,,,,,,,,,,,,,,,,,,,,,,,,,,,,,,,4013.155,SPOTS,LADDER,Related,36.49499989,22,0,22,0,1,,,,,,,,,,
,,,,,,,,,,,,,,KS,001,2020-07-26_14h00.03.154,S2.1ConstantTotalFinal,2020.1.3,Win32,60,,,,,,,,,,,,,,,,,,,,,,,,,,,,,,,,,,,,,,,,,,,,,,,,,,,,,,,,,,,,,,,,,,,,,,,,,,,,,,,,1563.875,LIGHT,MONEY,Unrelated,52.69499996,23,0,23,0,1,,,,,,,,,,
,,,,,,,,,,,,,,KS,001,2020-07-26_14h00.03.154,S2.1ConstantTotalFinal,2020.1.3,Win32,60,,,,,,,,,,,,,,,,,,,,,,,,,,,,,,,,,,,,,,,,,,,,,,,,,,,,,,,,,,,,,,,,,,,,,,,,,,,,,,,,1629.995,NIGHTS,CLAM,Unrelated,51.615,24,0,24,0,1,,,,,,,,,,
,,,,,,,,,,,,,,KS,001,2020-07-26_14h00.03.154,S2.1ConstantTotalFinal,2020.1.3,Win32,60,,,,,,,,,,,,,,,,,,,,,,,,,,,,,,,,,,,,,,,,,,,,,,,,,,,,,,,,,,,,,,,,,,,,,,,,,,,,,,,,7989.55,XXXXX,BRAIN,Identical,51.42499995,25,0,25,0,1,,,,,,,,,,
,,,,,,,,,,,,,,KS,001,2020-07-26_14h00.03.154,S2.1ConstantTotalFinal,2020.1.3,Win32,60,,,,,,,,,,,,,,,,,,,,,,,,,,,,,,,,,,,,,,,,,,,,,,,,,,,,,,,,,,,,,,,,,,,,,,,,,,,,,,,,2870.12,PENNY,CLASS,Identical,51.66500004,26,0,26,0,1,,,,,,,,,,
,,,,,,,,,,,,,,KS,001,2020-07-26_14h00.03.154,S2.1ConstantTotalFinal,2020.1.3,Win32,60,,,,,,,,,,,,,,,,,,,,,,,,,,,,,,,,,,,,,,,,,,,,,,,,,,,,,,,,,,,,,,,,,,,,,,,,,,,,,,,,1943.11,UNDER,DREAM,Unrelated,52.35000001,27,0,27,0,1,,,,,,,,,,
,,,,,,,,,,,,,,KS,001,2020-07-26_14h00.03.154,S2.1ConstantTotalFinal,2020.1.3,Win32,60,,,,,,,,,,,,,,,,,,,,,,,,,,,,,,,,,,,,,,,,,,,,,,,,,,,,,,,,,,,,,,,,,,,,,,,,,,,,,,,,2427.93,BIKE,STRESS,Identical,38.12500008,28,0,28,0,1,,,,,,,,,,
,,,,,,,,,,,,,,KS,001,2020-07-26_14h00.03.154,S2.1ConstantTotalFinal,2020.1.3,Win32,60,,,,,,,,,,,,,,,,,,,,,,,,,,,,,,,,,,,,,,,,,,,,,,,,,,,,,,,,,,,,,,,,,,,,,,,,,,,,,,,,2714.755,SCHOOL,KNIT,Identical,52.02000006,29,0,29,0,1,,,,,,,,,,
,,,,,,,,,,,,,,KS,001,2020-07-26_14h00.03.154,S2.1ConstantTotalFinal,2020.1.3,Win32,60,,,,,,,,,,,,,,,,,,,,,,,,,,,,,,,,,,,,,,,,,,,,,,,,,,,,,,,,,,,,,,,,,,,,,,,,,,,,,,,,8003.26,XXXXX,SHAME,Related,52.22499999,30,0,30,0,1,,,,,,,,,,
,,,,,,,,,,,,,,KS,001,2020-07-26_14h00.03.154,S2.1ConstantTotalFinal,2020.1.3,Win32,60,,,,,,,,,,,,,,,,,,,,,,,,,,,,,,,,,,,,,,,,,,,,,,,,,,,,,,,,,,,,,,,,,,,,,,,,,,,,,,,,1748.365,KNIT,SICKLE,Related,47.87499993,31,0,31,0,1,,,,,,,,,,
,,,,,,,,,,,,,,KS,001,2020-07-26_14h00.03.154,S2.1ConstantTotalFinal,2020.1.3,Win32,60,,,,,,,,,,,,,,,,,,,,,,,,,,,,,,,,,,,,,,,,,,,,,,,,,,,,,,,,,,,,,,,,,,,,,,,,,,,,,,,,1785.67,CELL,LOAF,Related,50.96000002,32,0,32,0,1,,,,,,,,,,
,,,,,,,,,,,,,,KS,001,2020-07-26_14h00.03.154,S2.1ConstantTotalFinal,2020.1.3,Win32,60,,,,,,,,,,,,,,,,,,,,,,,,,,,,,,,,,,,,,,,,,,,,,,,,,,,,,,,,,,,,,,,,,,,,,,,,,,,,,,,,1420.19,MILK,WEST,Unrelated,51.23999994,33,0,33,0,1,,,,,,,,,,
,,,,,,,,,,,,,,KS,001,2020-07-26_14h00.03.154,S2.1ConstantTotalFinal,2020.1.3,Win32,60,,,,,,,,,,,,,,,,,,,,,,,,,,,,,,,,,,,,,,,,,,,,,,,,,,,,,,,,,,,,,,,,,,,,,,,,,,,,,,,,1418.375,BREAD,SMOOTH,Unrelated,35.58500006,34,0,34,0,1,,,,,,,,,,
,,,,,,,,,,,,,,KS,001,2020-07-26_14h00.03.154,S2.1ConstantTotalFinal,2020.1.3,Win32,60,,,,,,,,,,,,,,,,,,,,,,,,,,,,,,,,,,,,,,,,,,,,,,,,,,,,,,,,,,,,,,,,,,,,,,,,,,,,,,,,1681.685,ARMS,STOP,Unrelated,36.31999996,35,0,35,0,1,,,,,,,,,,
,,,,,,,,,,,,,,KS,001,2020-07-26_14h00.03.154,S2.1ConstantTotalFinal,2020.1.3,Win32,60,,,,,,,,,,,,,,,,,,,,,,,,,,,,,,,,,,,,,,,,,,,,,,,,,,,,,,,,,,,,,,,,,,,,,,,,,,,,,,,,8009.545,XXXXX,BEACH,Unrelated,52.165,36,0,36,0,1,,,,,,,,,,
,,,,,,,,,,,,,,KS,001,2020-07-26_14h00.03.154,S2.1ConstantTotalFinal,2020.1.3,Win32,60,,,,,,,,,,,,,,,,,,,,,,,,,,,,,,,,,,,,,,,,,,,,,,,,,,,,,,,,,,,,,,,,,,,,,,,,,,,,,,,,7998.74,XXXXX,WEIGHT,Unrelated,35.68999993,37,0,37,0,1,,,,,,,,,,
,,,,,,,,,,,,,,KS,001,2020-07-26_14h00.03.154,S2.1ConstantTotalFinal,2020.1.3,Win32,60,,,,,,,,,,,,,,,,,,,,,,,,,,,,,,,,,,,,,,,,,,,,,,,,,,,,,,,,,,,,,,,,,,,,,,,,,,,,,,,,8011.63,XXXXX,JAIL,Unrelated,51.16499995,38,0,38,0,1,,,,,,,,,,
,,,,,,,,,,,,,,KS,001,2020-07-26_14h00.03.154,S2.1ConstantTotalFinal,2020.1.3,Win32,60,,,,,,,,,,,,,,,,,,,,,,,,,,,,,,,,,,,,,,,,,,,,,,,,,,,,,,,,,,,,,,,,,,,,,,,,,,,,,,,,8000.81,XXXXX,OUTTAKE,Unrelated,52.48499999,39,0,39,0,1,,,,,,,,,,
,,,,,,,,,,,,,,KS,001,2020-07-26_14h00.03.154,S2.1ConstantTotalFinal,2020.1.3,Win32,60,,,,,,,,,,,,,,,,,,,,,,,,,,,,,,,,,,,,,,,,,,,,,,,,,,,,,,,,,,,,,,,,,,,,,,,,,,,,,,,,5317.11,TOWN,NUMBER,Unrelated,35.60499998,40,0,40,0,1,,,,,,,,,,
,,,,,,,,,,,,,,KS,001,2020-07-26_14h00.03.154,S2.1ConstantTotalFinal,2020.1.3,Win32,60,,,,,,,,,,,,,,,,,,,,,,,,,,,,,,,,,,,,,,,,,,,,,,,,,,,,,,,,,,,,,,,,,,,,,,,,,,,,,,,,7997.97,XXXXX,FISH,Unrelated,52.55000002,41,0,41,0,1,,,,,,,,,,
,,,,,,,,,,,,,,KS,001,2020-07-26_14h00.03.154,S2.1ConstantTotalFinal,2020.1.3,Win32,60,,,,,,,,,,,,,,,,,,,,,,,,,,,,,,,,,,,,,,,,,,,,,,,,,,,,,,,,,,,,,,,,,,,,,,,,,,,,,,,,,,,,,,,,,,space,9.70796,c,17.51532,d,10.071565,d,5.9682,b,24.47648
