StudID,StudID_RT,key_resp_4.keys,key_resp_4.rt,captured_string,Text20_RT,trials.thisRepN,trials.thisTrialN,trials.thisN,trials.thisIndex,trials.ran,participant,session,date,expName,psychopyVersion,OS,frameRate,key_resp_2.keys,key_resp_2.rt,key_resp_3.keys,trialsRecognition.thisRepN,trialsRecognition.thisTrialN,trialsRecognition.thisN,trialsRecognition.thisIndex,trialsRecognition.ran,Rand,RecogWord,key_resp_3.rt,key_resp_10.keys,key_resp_10.rt,selectedPrimeThresh,ThreshPrimeduration,Text52_RT,captured_string_Thresh,threshLoop.thisRepN,threshLoop.thisTrialN,threshLoop.thisN,threshLoop.thisIndex,threshLoop.ran,keyQuestion.keys,keyQuestion.rt,key_resp_11.keys,key_resp_11.rt,key_resp_12.keys,key_resp_12.rt,key_resp_13.keys,key_resp_13.rt,key_resp_14.keys,key_resp_14.rt,Question5Answer,Question5Answer_RT,Question6Answer,Question6Answer_RT,Question7Answer,Question7Answer_RT,demoResp,demoRT,demoloop.thisRepN,demoloop.thisTrialN,demoloop.thisN,demoloop.thisIndex,demoloop.ran,DemoQuestion
as,16912.58,space,4.965555,FLAME,5402.045,0,0,0,0,1,5f1eb74f9320b401289bfd0a,001,2021-06-05_22h41.30.869,DelayedExp,2020.1.3,MacIntel,60,,,,,,,,,,,,,,,,,,,,,,,,,,,,,,,,,,,,,,,,,,,,,,
,,,,ZOOD,7317.21,1,0,1,0,1,5f1eb74f9320b401289bfd0a,001,2021-06-05_22h41.30.869,DelayedExp,2020.1.3,MacIntel,60,,,,,,,,,,,,,,,,,,,,,,,,,,,,,,,,,,,,,,,,,,,,,,
,,,,WOOD,4334.46,2,0,2,0,1,5f1eb74f9320b401289bfd0a,001,2021-06-05_22h41.30.869,DelayedExp,2020.1.3,MacIntel,60,,,,,,,,,,,,,,,,,,,,,,,,,,,,,,,,,,,,,,,,,,,,,,
,,,,TANK,5503.735,3,0,3,0,1,5f1eb74f9320b401289bfd0a,001,2021-06-05_22h41.30.869,DelayedExp,2020.1.3,MacIntel,60,,,,,,,,,,,,,,,,,,,,,,,,,,,,,,,,,,,,,,,,,,,,,,
,,,,B,8001.92,4,0,4,0,1,5f1eb74f9320b401289bfd0a,001,2021-06-05_22h41.30.869,DelayedExp,2020.1.3,MacIntel,60,,,,,,,,,,,,,,,,,,,,,,,,,,,,,,,,,,,,,,,,,,,,,,
,,,,BOAT,2449.11,5,0,5,0,1,5f1eb74f9320b401289bfd0a,001,2021-06-05_22h41.30.869,DelayedExp,2020.1.3,MacIntel,60,,,,,,,,,,,,,,,,,,,,,,,,,,,,,,,,,,,,,,,,,,,,,,
,,,,SNE,8000.99,6,0,6,0,1,5f1eb74f9320b401289bfd0a,001,2021-06-05_22h41.30.869,DelayedExp,2020.1.3,MacIntel,60,,,,,,,,,,,,,,,,,,,,,,,,,,,,,,,,,,,,,,,,,,,,,,
,,,,BREAK,7434.005,7,0,7,0,1,5f1eb74f9320b401289bfd0a,001,2021-06-05_22h41.30.869,DelayedExp,2020.1.3,MacIntel,60,,,,,,,,,,,,,,,,,,,,,,,,,,,,,,,,,,,,,,,,,,,,,,
,,,,,8002.22,8,0,8,0,1,5f1eb74f9320b401289bfd0a,001,2021-06-05_22h41.30.869,DelayedExp,2020.1.3,MacIntel,60,,,,,,,,,,,,,,,,,,,,,,,,,,,,,,,,,,,,,,,,,,,,,,
,,,,COLD,6751.045,9,0,9,0,1,5f1eb74f9320b401289bfd0a,001,2021-06-05_22h41.30.869,DelayedExp,2020.1.3,MacIntel,60,,,,,,,,,,,,,,,,,,,,,,,,,,,,,,,,,,,,,,,,,,,,,,
,,,,DRIVE,5718.03,10,0,10,0,1,5f1eb74f9320b401289bfd0a,001,2021-06-05_22h41.30.869,DelayedExp,2020.1.3,MacIntel,60,,,,,,,,,,,,,,,,,,,,,,,,,,,,,,,,,,,,,,,,,,,,,,
,,,,,8001.905,11,0,11,0,1,5f1eb74f9320b401289bfd0a,001,2021-06-05_22h41.30.869,DelayedExp,2020.1.3,MacIntel,60,,,,,,,,,,,,,,,,,,,,,,,,,,,,,,,,,,,,,,,,,,,,,,
,,,,ROCK,2154.32,12,0,12,0,1,5f1eb74f9320b401289bfd0a,001,2021-06-05_22h41.30.869,DelayedExp,2020.1.3,MacIntel,60,,,,,,,,,,,,,,,,,,,,,,,,,,,,,,,,,,,,,,,,,,,,,,
,,,,GLASS,5400.945,13,0,13,0,1,5f1eb74f9320b401289bfd0a,001,2021-06-05_22h41.30.869,DelayedExp,2020.1.3,MacIntel,60,,,,,,,,,,,,,,,,,,,,,,,,,,,,,,,,,,,,,,,,,,,,,,
,,,,SNOOZ,8003.175,14,0,14,0,1,5f1eb74f9320b401289bfd0a,001,2021-06-05_22h41.30.869,DelayedExp,2020.1.3,MacIntel,60,,,,,,,,,,,,,,,,,,,,,,,,,,,,,,,,,,,,,,,,,,,,,,
,,,,BARK,6368.105,15,0,15,0,1,5f1eb74f9320b401289bfd0a,001,2021-06-05_22h41.30.869,DelayedExp,2020.1.3,MacIntel,60,,,,,,,,,,,,,,,,,,,,,,,,,,,,,,,,,,,,,,,,,,,,,,
,,,,CHURCH,2753.96,16,0,16,0,1,5f1eb74f9320b401289bfd0a,001,2021-06-05_22h41.30.869,DelayedExp,2020.1.3,MacIntel,60,,,,,,,,,,,,,,,,,,,,,,,,,,,,,,,,,,,,,,,,,,,,,,
,,,,SHIP,6713.58,17,0,17,0,1,5f1eb74f9320b401289bfd0a,001,2021-06-05_22h41.30.869,DelayedExp,2020.1.3,MacIntel,60,,,,,,,,,,,,,,,,,,,,,,,,,,,,,,,,,,,,,,,,,,,,,,
,,,,BOAT,3951.625,18,0,18,0,1,5f1eb74f9320b401289bfd0a,001,2021-06-05_22h41.30.869,DelayedExp,2020.1.3,MacIntel,60,,,,,,,,,,,,,,,,,,,,,,,,,,,,,,,,,,,,,,,,,,,,,,
,,,,,8002.435,19,0,19,0,1,5f1eb74f9320b401289bfd0a,001,2021-06-05_22h41.30.869,DelayedExp,2020.1.3,MacIntel,60,,,,,,,,,,,,,,,,,,,,,,,,,,,,,,,,,,,,,,,,,,,,,,
,,,,KITE,2582.305,20,0,20,0,1,5f1eb74f9320b401289bfd0a,001,2021-06-05_22h41.30.869,DelayedExp,2020.1.3,MacIntel,60,,,,,,,,,,,,,,,,,,,,,,,,,,,,,,,,,,,,,,,,,,,,,,
,,,,TOOT,6986.31,21,0,21,0,1,5f1eb74f9320b401289bfd0a,001,2021-06-05_22h41.30.869,DelayedExp,2020.1.3,MacIntel,60,,,,,,,,,,,,,,,,,,,,,,,,,,,,,,,,,,,,,,,,,,,,,,
,,,,DRIVE,7302.58,22,0,22,0,1,5f1eb74f9320b401289bfd0a,001,2021-06-05_22h41.30.869,DelayedExp,2020.1.3,MacIntel,60,,,,,,,,,,,,,,,,,,,,,,,,,,,,,,,,,,,,,,,,,,,,,,
,,,,NIGHT,7884.885,23,0,23,0,1,5f1eb74f9320b401289bfd0a,001,2021-06-05_22h41.30.869,DelayedExp,2020.1.3,MacIntel,60,,,,,,,,,,,,,,,,,,,,,,,,,,,,,,,,,,,,,,,,,,,,,,
,,,,,8001.175,24,0,24,0,1,5f1eb74f9320b401289bfd0a,001,2021-06-05_22h41.30.869,DelayedExp,2020.1.3,MacIntel,60,,,,,,,,,,,,,,,,,,,,,,,,,,,,,,,,,,,,,,,,,,,,,,
,,,,TIGER,6018.67,25,0,25,0,1,5f1eb74f9320b401289bfd0a,001,2021-06-05_22h41.30.869,DelayedExp,2020.1.3,MacIntel,60,,,,,,,,,,,,,,,,,,,,,,,,,,,,,,,,,,,,,,,,,,,,,,
,,,,SALT,5600.865,26,0,26,0,1,5f1eb74f9320b401289bfd0a,001,2021-06-05_22h41.30.869,DelayedExp,2020.1.3,MacIntel,60,,,,,,,,,,,,,,,,,,,,,,,,,,,,,,,,,,,,,,,,,,,,,,
,,,,HOSPITAL,7253.18,27,0,27,0,1,5f1eb74f9320b401289bfd0a,001,2021-06-05_22h41.30.869,DelayedExp,2020.1.3,MacIntel,60,,,,,,,,,,,,,,,,,,,,,,,,,,,,,,,,,,,,,,,,,,,,,,
,,,,POLICE,6983.57,28,0,28,0,1,5f1eb74f9320b401289bfd0a,001,2021-06-05_22h41.30.869,DelayedExp,2020.1.3,MacIntel,60,,,,,,,,,,,,,,,,,,,,,,,,,,,,,,,,,,,,,,,,,,,,,,
,,,,,8002.72,29,0,29,0,1,5f1eb74f9320b401289bfd0a,001,2021-06-05_22h41.30.869,DelayedExp,2020.1.3,MacIntel,60,,,,,,,,,,,,,,,,,,,,,,,,,,,,,,,,,,,,,,,,,,,,,,
,,,,,8003.14,30,0,30,0,1,5f1eb74f9320b401289bfd0a,001,2021-06-05_22h41.30.869,DelayedExp,2020.1.3,MacIntel,60,,,,,,,,,,,,,,,,,,,,,,,,,,,,,,,,,,,,,,,,,,,,,,
,,,,,8001.725,31,0,31,0,1,5f1eb74f9320b401289bfd0a,001,2021-06-05_22h41.30.869,DelayedExp,2020.1.3,MacIntel,60,,,,,,,,,,,,,,,,,,,,,,,,,,,,,,,,,,,,,,,,,,,,,,
,,,,KNIFE,3822.37,32,0,32,0,1,5f1eb74f9320b401289bfd0a,001,2021-06-05_22h41.30.869,DelayedExp,2020.1.3,MacIntel,60,,,,,,,,,,,,,,,,,,,,,,,,,,,,,,,,,,,,,,,,,,,,,,
,,,,HAIR,6903.24,33,0,33,0,1,5f1eb74f9320b401289bfd0a,001,2021-06-05_22h41.30.869,DelayedExp,2020.1.3,MacIntel,60,,,,,,,,,,,,,,,,,,,,,,,,,,,,,,,,,,,,,,,,,,,,,,
,,,,,8005.215,34,0,34,0,1,5f1eb74f9320b401289bfd0a,001,2021-06-05_22h41.30.869,DelayedExp,2020.1.3,MacIntel,60,,,,,,,,,,,,,,,,,,,,,,,,,,,,,,,,,,,,,,,,,,,,,,
,,,,CLIENT,1983.215,35,0,35,0,1,5f1eb74f9320b401289bfd0a,001,2021-06-05_22h41.30.869,DelayedExp,2020.1.3,MacIntel,60,,,,,,,,,,,,,,,,,,,,,,,,,,,,,,,,,,,,,,,,,,,,,,
,,,,,8002.305,36,0,36,0,1,5f1eb74f9320b401289bfd0a,001,2021-06-05_22h41.30.869,DelayedExp,2020.1.3,MacIntel,60,,,,,,,,,,,,,,,,,,,,,,,,,,,,,,,,,,,,,,,,,,,,,,
,,,,WA,7999.93,37,0,37,0,1,5f1eb74f9320b401289bfd0a,001,2021-06-05_22h41.30.869,DelayedExp,2020.1.3,MacIntel,60,,,,,,,,,,,,,,,,,,,,,,,,,,,,,,,,,,,,,,,,,,,,,,
,,,,WATER,2383.835,38,0,38,0,1,5f1eb74f9320b401289bfd0a,001,2021-06-05_22h41.30.869,DelayedExp,2020.1.3,MacIntel,60,,,,,,,,,,,,,,,,,,,,,,,,,,,,,,,,,,,,,,,,,,,,,,
,,,,PAPER,3701.49,39,0,39,0,1,5f1eb74f9320b401289bfd0a,001,2021-06-05_22h41.30.869,DelayedExp,2020.1.3,MacIntel,60,,,,,,,,,,,,,,,,,,,,,,,,,,,,,,,,,,,,,,,,,,,,,,
,,,,ROCK,2606.995,40,0,40,0,1,5f1eb74f9320b401289bfd0a,001,2021-06-05_22h41.30.869,DelayedExp,2020.1.3,MacIntel,60,,,,,,,,,,,,,,,,,,,,,,,,,,,,,,,,,,,,,,,,,,,,,,
,,,,ONCE,2008.105,41,0,41,0,1,5f1eb74f9320b401289bfd0a,001,2021-06-05_22h41.30.869,DelayedExp,2020.1.3,MacIntel,60,,,,,,,,,,,,,,,,,,,,,,,,,,,,,,,,,,,,,,,,,,,,,,
,,,,ITT,8000.55,42,0,42,0,1,5f1eb74f9320b401289bfd0a,001,2021-06-05_22h41.30.869,DelayedExp,2020.1.3,MacIntel,60,,,,,,,,,,,,,,,,,,,,,,,,,,,,,,,,,,,,,,,,,,,,,,
,,,,TIME,4534.365,43,0,43,0,1,5f1eb74f9320b401289bfd0a,001,2021-06-05_22h41.30.869,DelayedExp,2020.1.3,MacIntel,60,,,,,,,,,,,,,,,,,,,,,,,,,,,,,,,,,,,,,,,,,,,,,,
,,,,,8002.49,44,0,44,0,1,5f1eb74f9320b401289bfd0a,001,2021-06-05_22h41.30.869,DelayedExp,2020.1.3,MacIntel,60,,,,,,,,,,,,,,,,,,,,,,,,,,,,,,,,,,,,,,,,,,,,,,
,,,,HORSE,4002.66,45,0,45,0,1,5f1eb74f9320b401289bfd0a,001,2021-06-05_22h41.30.869,DelayedExp,2020.1.3,MacIntel,60,,,,,,,,,,,,,,,,,,,,,,,,,,,,,,,,,,,,,,,,,,,,,,
,,,,,8003.145,46,0,46,0,1,5f1eb74f9320b401289bfd0a,001,2021-06-05_22h41.30.869,DelayedExp,2020.1.3,MacIntel,60,,,,,,,,,,,,,,,,,,,,,,,,,,,,,,,,,,,,,,,,,,,,,,
,,,,RUBBER,7427.235,47,0,47,0,1,5f1eb74f9320b401289bfd0a,001,2021-06-05_22h41.30.869,DelayedExp,2020.1.3,MacIntel,60,,,,,,,,,,,,,,,,,,,,,,,,,,,,,,,,,,,,,,,,,,,,,,
,,,,,8000.66,48,0,48,0,1,5f1eb74f9320b401289bfd0a,001,2021-06-05_22h41.30.869,DelayedExp,2020.1.3,MacIntel,60,,,,,,,,,,,,,,,,,,,,,,,,,,,,,,,,,,,,,,,,,,,,,,
,,,,PHONE,3250.015,49,0,49,0,1,5f1eb74f9320b401289bfd0a,001,2021-06-05_22h41.30.869,DelayedExp,2020.1.3,MacIntel,60,,,,,,,,,,,,,,,,,,,,,,,,,,,,,,,,,,,,,,,,,,,,,,
,,,,RUDE,3265.415,50,0,50,0,1,5f1eb74f9320b401289bfd0a,001,2021-06-05_22h41.30.869,DelayedExp,2020.1.3,MacIntel,60,,,,,,,,,,,,,,,,,,,,,,,,,,,,,,,,,,,,,,,,,,,,,,
,,,,BOOK,1165.255,51,0,51,0,1,5f1eb74f9320b401289bfd0a,001,2021-06-05_22h41.30.869,DelayedExp,2020.1.3,MacIntel,60,,,,,,,,,,,,,,,,,,,,,,,,,,,,,,,,,,,,,,,,,,,,,,
,,,,HERE,5385.555,52,0,52,0,1,5f1eb74f9320b401289bfd0a,001,2021-06-05_22h41.30.869,DelayedExp,2020.1.3,MacIntel,60,,,,,,,,,,,,,,,,,,,,,,,,,,,,,,,,,,,,,,,,,,,,,,
,,,,RAIN,5017.49,53,0,53,0,1,5f1eb74f9320b401289bfd0a,001,2021-06-05_22h41.30.869,DelayedExp,2020.1.3,MacIntel,60,,,,,,,,,,,,,,,,,,,,,,,,,,,,,,,,,,,,,,,,,,,,,,
,,,,JUNE,4367.08,54,0,54,0,1,5f1eb74f9320b401289bfd0a,001,2021-06-05_22h41.30.869,DelayedExp,2020.1.3,MacIntel,60,,,,,,,,,,,,,,,,,,,,,,,,,,,,,,,,,,,,,,,,,,,,,,
,,,,,8001.445,55,0,55,0,1,5f1eb74f9320b401289bfd0a,001,2021-06-05_22h41.30.869,DelayedExp,2020.1.3,MacIntel,60,,,,,,,,,,,,,,,,,,,,,,,,,,,,,,,,,,,,,,,,,,,,,,
,,,,STOP,1649.185,56,0,56,0,1,5f1eb74f9320b401289bfd0a,001,2021-06-05_22h41.30.869,DelayedExp,2020.1.3,MacIntel,60,,,,,,,,,,,,,,,,,,,,,,,,,,,,,,,,,,,,,,,,,,,,,,
,,,,RACE,4350.13,57,0,57,0,1,5f1eb74f9320b401289bfd0a,001,2021-06-05_22h41.30.869,DelayedExp,2020.1.3,MacIntel,60,,,,,,,,,,,,,,,,,,,,,,,,,,,,,,,,,,,,,,,,,,,,,,
,,,,,8002.785,58,0,58,0,1,5f1eb74f9320b401289bfd0a,001,2021-06-05_22h41.30.869,DelayedExp,2020.1.3,MacIntel,60,,,,,,,,,,,,,,,,,,,,,,,,,,,,,,,,,,,,,,,,,,,,,,
,,,,TONGUE,2633.26,59,0,59,0,1,5f1eb74f9320b401289bfd0a,001,2021-06-05_22h41.30.869,DelayedExp,2020.1.3,MacIntel,60,,,,,,,,,,,,,,,,,,,,,,,,,,,,,,,,,,,,,,,,,,,,,,
,,,,SKIN,4018.84,60,0,60,0,1,5f1eb74f9320b401289bfd0a,001,2021-06-05_22h41.30.869,DelayedExp,2020.1.3,MacIntel,60,,,,,,,,,,,,,,,,,,,,,,,,,,,,,,,,,,,,,,,,,,,,,,
,,,,WOOD,7921.98,61,0,61,0,1,5f1eb74f9320b401289bfd0a,001,2021-06-05_22h41.30.869,DelayedExp,2020.1.3,MacIntel,60,,,,,,,,,,,,,,,,,,,,,,,,,,,,,,,,,,,,,,,,,,,,,,
,,,,,7990.605,62,0,62,0,1,5f1eb74f9320b401289bfd0a,001,2021-06-05_22h41.30.869,DelayedExp,2020.1.3,MacIntel,60,,,,,,,,,,,,,,,,,,,,,,,,,,,,,,,,,,,,,,,,,,,,,,
,,,,BAG,4982.58,63,0,63,0,1,5f1eb74f9320b401289bfd0a,001,2021-06-05_22h41.30.869,DelayedExp,2020.1.3,MacIntel,60,,,,,,,,,,,,,,,,,,,,,,,,,,,,,,,,,,,,,,,,,,,,,,
,,,,BASKET,7581.875,64,0,64,0,1,5f1eb74f9320b401289bfd0a,001,2021-06-05_22h41.30.869,DelayedExp,2020.1.3,MacIntel,60,,,,,,,,,,,,,,,,,,,,,,,,,,,,,,,,,,,,,,,,,,,,,,
,,,,WEEK,7717.36,65,0,65,0,1,5f1eb74f9320b401289bfd0a,001,2021-06-05_22h41.30.869,DelayedExp,2020.1.3,MacIntel,60,,,,,,,,,,,,,,,,,,,,,,,,,,,,,,,,,,,,,,,,,,,,,,
,,,,SOUNDS,8003.78,66,0,66,0,1,5f1eb74f9320b401289bfd0a,001,2021-06-05_22h41.30.869,DelayedExp,2020.1.3,MacIntel,60,,,,,,,,,,,,,,,,,,,,,,,,,,,,,,,,,,,,,,,,,,,,,,
,,,,MONEY,5422.52,67,0,67,0,1,5f1eb74f9320b401289bfd0a,001,2021-06-05_22h41.30.869,DelayedExp,2020.1.3,MacIntel,60,,,,,,,,,,,,,,,,,,,,,,,,,,,,,,,,,,,,,,,,,,,,,,
,,,,ADD,5435.755,68,0,68,0,1,5f1eb74f9320b401289bfd0a,001,2021-06-05_22h41.30.869,DelayedExp,2020.1.3,MacIntel,60,,,,,,,,,,,,,,,,,,,,,,,,,,,,,,,,,,,,,,,,,,,,,,
,,,,SOUND,3849.215,69,0,69,0,1,5f1eb74f9320b401289bfd0a,001,2021-06-05_22h41.30.869,DelayedExp,2020.1.3,MacIntel,60,,,,,,,,,,,,,,,,,,,,,,,,,,,,,,,,,,,,,,,,,,,,,,
,,,,GUNSHOT,7706.3,70,0,70,0,1,5f1eb74f9320b401289bfd0a,001,2021-06-05_22h41.30.869,DelayedExp,2020.1.3,MacIntel,60,,,,,,,,,,,,,,,,,,,,,,,,,,,,,,,,,,,,,,,,,,,,,,
,,,,,8002,71,0,71,0,1,5f1eb74f9320b401289bfd0a,001,2021-06-05_22h41.30.869,DelayedExp,2020.1.3,MacIntel,60,,,,,,,,,,,,,,,,,,,,,,,,,,,,,,,,,,,,,,,,,,,,,,
,,,,FLUTE,3362.36,72,0,72,0,1,5f1eb74f9320b401289bfd0a,001,2021-06-05_22h41.30.869,DelayedExp,2020.1.3,MacIntel,60,,,,,,,,,,,,,,,,,,,,,,,,,,,,,,,,,,,,,,,,,,,,,,
,,,,,8001.755,73,0,73,0,1,5f1eb74f9320b401289bfd0a,001,2021-06-05_22h41.30.869,DelayedExp,2020.1.3,MacIntel,60,,,,,,,,,,,,,,,,,,,,,,,,,,,,,,,,,,,,,,,,,,,,,,
,,,,TIME,2899.46,74,0,74,0,1,5f1eb74f9320b401289bfd0a,001,2021-06-05_22h41.30.869,DelayedExp,2020.1.3,MacIntel,60,,,,,,,,,,,,,,,,,,,,,,,,,,,,,,,,,,,,,,,,,,,,,,
,,,,CLOCK,4718.665,75,0,75,0,1,5f1eb74f9320b401289bfd0a,001,2021-06-05_22h41.30.869,DelayedExp,2020.1.3,MacIntel,60,,,,,,,,,,,,,,,,,,,,,,,,,,,,,,,,,,,,,,,,,,,,,,
,,,,NAIL,6919.96,76,0,76,0,1,5f1eb74f9320b401289bfd0a,001,2021-06-05_22h41.30.869,DelayedExp,2020.1.3,MacIntel,60,,,,,,,,,,,,,,,,,,,,,,,,,,,,,,,,,,,,,,,,,,,,,,
,,,,TOOL,2433.83,77,0,77,0,1,5f1eb74f9320b401289bfd0a,001,2021-06-05_22h41.30.869,DelayedExp,2020.1.3,MacIntel,60,,,,,,,,,,,,,,,,,,,,,,,,,,,,,,,,,,,,,,,,,,,,,,
,,,,,8006.97,78,0,78,0,1,5f1eb74f9320b401289bfd0a,001,2021-06-05_22h41.30.869,DelayedExp,2020.1.3,MacIntel,60,,,,,,,,,,,,,,,,,,,,,,,,,,,,,,,,,,,,,,,,,,,,,,
,,,,,8002.155,79,0,79,0,1,5f1eb74f9320b401289bfd0a,001,2021-06-05_22h41.30.869,DelayedExp,2020.1.3,MacIntel,60,,,,,,,,,,,,,,,,,,,,,,,,,,,,,,,,,,,,,,,,,,,,,,
,,,,LOGIC,1957.275,80,0,80,0,1,5f1eb74f9320b401289bfd0a,001,2021-06-05_22h41.30.869,DelayedExp,2020.1.3,MacIntel,60,,,,,,,,,,,,,,,,,,,,,,,,,,,,,,,,,,,,,,,,,,,,,,
,,,,CHAOS,4881.445,81,0,81,0,1,5f1eb74f9320b401289bfd0a,001,2021-06-05_22h41.30.869,DelayedExp,2020.1.3,MacIntel,60,,,,,,,,,,,,,,,,,,,,,,,,,,,,,,,,,,,,,,,,,,,,,,
,,,,ROAD,3185.27,82,0,82,0,1,5f1eb74f9320b401289bfd0a,001,2021-06-05_22h41.30.869,DelayedExp,2020.1.3,MacIntel,60,,,,,,,,,,,,,,,,,,,,,,,,,,,,,,,,,,,,,,,,,,,,,,
,,,,RAINBOW,6318.04,83,0,83,0,1,5f1eb74f9320b401289bfd0a,001,2021-06-05_22h41.30.869,DelayedExp,2020.1.3,MacIntel,60,,,,,,,,,,,,,,,,,,,,,,,,,,,,,,,,,,,,,,,,,,,,,,
,,,,,8004.855,84,0,84,0,1,5f1eb74f9320b401289bfd0a,001,2021-06-05_22h41.30.869,DelayedExp,2020.1.3,MacIntel,60,,,,,,,,,,,,,,,,,,,,,,,,,,,,,,,,,,,,,,,,,,,,,,
,,,,CHIPS,1920.905,85,0,85,0,1,5f1eb74f9320b401289bfd0a,001,2021-06-05_22h41.30.869,DelayedExp,2020.1.3,MacIntel,60,,,,,,,,,,,,,,,,,,,,,,,,,,,,,,,,,,,,,,,,,,,,,,
,,,,POST,7199.48,86,0,86,0,1,5f1eb74f9320b401289bfd0a,001,2021-06-05_22h41.30.869,DelayedExp,2020.1.3,MacIntel,60,,,,,,,,,,,,,,,,,,,,,,,,,,,,,,,,,,,,,,,,,,,,,,
,,,,BOOK,1543.055,87,0,87,0,1,5f1eb74f9320b401289bfd0a,001,2021-06-05_22h41.30.869,DelayedExp,2020.1.3,MacIntel,60,,,,,,,,,,,,,,,,,,,,,,,,,,,,,,,,,,,,,,,,,,,,,,
,,,,FOOT,7536.36,88,0,88,0,1,5f1eb74f9320b401289bfd0a,001,2021-06-05_22h41.30.869,DelayedExp,2020.1.3,MacIntel,60,,,,,,,,,,,,,,,,,,,,,,,,,,,,,,,,,,,,,,,,,,,,,,
,,,,PAN,5784.49,89,0,89,0,1,5f1eb74f9320b401289bfd0a,001,2021-06-05_22h41.30.869,DelayedExp,2020.1.3,MacIntel,60,,,,,,,,,,,,,,,,,,,,,,,,,,,,,,,,,,,,,,,,,,,,,,
,,,,TICKET,8000.24,90,0,90,0,1,5f1eb74f9320b401289bfd0a,001,2021-06-05_22h41.30.869,DelayedExp,2020.1.3,MacIntel,60,,,,,,,,,,,,,,,,,,,,,,,,,,,,,,,,,,,,,,,,,,,,,,
,,,,,8004.32,91,0,91,0,1,5f1eb74f9320b401289bfd0a,001,2021-06-05_22h41.30.869,DelayedExp,2020.1.3,MacIntel,60,,,,,,,,,,,,,,,,,,,,,,,,,,,,,,,,,,,,,,,,,,,,,,
,,,,TAP,2832.185,92,0,92,0,1,5f1eb74f9320b401289bfd0a,001,2021-06-05_22h41.30.869,DelayedExp,2020.1.3,MacIntel,60,,,,,,,,,,,,,,,,,,,,,,,,,,,,,,,,,,,,,,,,,,,,,,
,,,,,8001.7,93,0,93,0,1,5f1eb74f9320b401289bfd0a,001,2021-06-05_22h41.30.869,DelayedExp,2020.1.3,MacIntel,60,,,,,,,,,,,,,,,,,,,,,,,,,,,,,,,,,,,,,,,,,,,,,,
,,,,,234.5,94,0,94,0,1,5f1eb74f9320b401289bfd0a,001,2021-06-05_22h41.30.869,DelayedExp,2020.1.3,MacIntel,60,,,,,,,,,,,,,,,,,,,,,,,,,,,,,,,,,,,,,,,,,,,,,,
,,,,,,,,,,,5f1eb74f9320b401289bfd0a,001,2021-06-05_22h41.30.869,DelayedExp,2020.1.3,MacIntel,60,space,76.56897,,0,0,0,114,1,0.545482083,SHOVE,,,,,,,,,,,,,,,,,,,,,,,,,,,,,,,,,,,,
,,,,,,,,,,,5f1eb74f9320b401289bfd0a,001,2021-06-05_22h41.30.869,DelayedExp,2020.1.3,MacIntel,60,,,slash,0,1,1,48,1,0.472189689,BUTTER,2.681445,,,,,,,,,,,,,,,,,,,,,,,,,,,,,,,,,,,
,,,,,,,,,,,5f1eb74f9320b401289bfd0a,001,2021-06-05_22h41.30.869,DelayedExp,2020.1.3,MacIntel,60,,,slash,0,2,2,151,1,0.101877547,ORANGE,1.1604,,,,,,,,,,,,,,,,,,,,,,,,,,,,,,,,,,,
,,,,,,,,,,,5f1eb74f9320b401289bfd0a,001,2021-06-05_22h41.30.869,DelayedExp,2020.1.3,MacIntel,60,,,slash,0,3,3,330,1,0.822180444,SELF,0.89718,,,,,,,,,,,,,,,,,,,,,,,,,,,,,,,,,,,
,,,,,,,,,,,5f1eb74f9320b401289bfd0a,001,2021-06-05_22h41.30.869,DelayedExp,2020.1.3,MacIntel,60,,,slash,0,4,4,320,1,0.741824668,TOUCH,1.54721,,,,,,,,,,,,,,,,,,,,,,,,,,,,,,,,,,,
,,,,,,,,,,,5f1eb74f9320b401289bfd0a,001,2021-06-05_22h41.30.869,DelayedExp,2020.1.3,MacIntel,60,,,slash,0,5,5,43,1,0.86028452,BALLET,1.837725,,,,,,,,,,,,,,,,,,,,,,,,,,,,,,,,,,,
,,,,,,,,,,,5f1eb74f9320b401289bfd0a,001,2021-06-05_22h41.30.869,DelayedExp,2020.1.3,MacIntel,60,,,z,0,6,6,53,1,0.035225253,HUNGER,3.14792,,,,,,,,,,,,,,,,,,,,,,,,,,,,,,,,,,,
,,,,,,,,,,,5f1eb74f9320b401289bfd0a,001,2021-06-05_22h41.30.869,DelayedExp,2020.1.3,MacIntel,60,,,slash,0,7,7,169,1,0.227518623,SPICE,2.217955,,,,,,,,,,,,,,,,,,,,,,,,,,,,,,,,,,,
,,,,,,,,,,,5f1eb74f9320b401289bfd0a,001,2021-06-05_22h41.30.869,DelayedExp,2020.1.3,MacIntel,60,,,slash,0,8,8,57,1,0.864792964,FIRST,1.01453,,,,,,,,,,,,,,,,,,,,,,,,,,,,,,,,,,,
,,,,,,,,,,,5f1eb74f9320b401289bfd0a,001,2021-06-05_22h41.30.869,DelayedExp,2020.1.3,MacIntel,60,,,z,0,9,9,54,1,0.13933225,INHALE,3.247635,,,,,,,,,,,,,,,,,,,,,,,,,,,,,,,,,,,
,,,,,,,,,,,5f1eb74f9320b401289bfd0a,001,2021-06-05_22h41.30.869,DelayedExp,2020.1.3,MacIntel,60,,,slash,0,10,10,245,1,0.659684924,SHIP,0.81153,,,,,,,,,,,,,,,,,,,,,,,,,,,,,,,,,,,
,,,,,,,,,,,5f1eb74f9320b401289bfd0a,001,2021-06-05_22h41.30.869,DelayedExp,2020.1.3,MacIntel,60,,,slash,0,11,11,130,1,0.924861015,FLOWER,1.545585,,,,,,,,,,,,,,,,,,,,,,,,,,,,,,,,,,,
,,,,,,,,,,,5f1eb74f9320b401289bfd0a,001,2021-06-05_22h41.30.869,DelayedExp,2020.1.3,MacIntel,60,,,z,0,12,12,281,1,0.285120036,DISAGREE,1.414825,,,,,,,,,,,,,,,,,,,,,,,,,,,,,,,,,,,
,,,,,,,,,,,5f1eb74f9320b401289bfd0a,001,2021-06-05_22h41.30.869,DelayedExp,2020.1.3,MacIntel,60,,,slash,0,13,13,261,1,0.987188782,STRIPE,0.994745,,,,,,,,,,,,,,,,,,,,,,,,,,,,,,,,,,,
,,,,,,,,,,,5f1eb74f9320b401289bfd0a,001,2021-06-05_22h41.30.869,DelayedExp,2020.1.3,MacIntel,60,,,slash,0,14,14,18,1,0.596823272,JUMP,1.200425,,,,,,,,,,,,,,,,,,,,,,,,,,,,,,,,,,,
,,,,,,,,,,,5f1eb74f9320b401289bfd0a,001,2021-06-05_22h41.30.869,DelayedExp,2020.1.3,MacIntel,60,,,z,0,15,15,102,1,0.305795185,MINUS,1.33289,,,,,,,,,,,,,,,,,,,,,,,,,,,,,,,,,,,
,,,,,,,,,,,5f1eb74f9320b401289bfd0a,001,2021-06-05_22h41.30.869,DelayedExp,2020.1.3,MacIntel,60,,,slash,0,16,16,254,1,0.013339401,SILVER,1.1476,,,,,,,,,,,,,,,,,,,,,,,,,,,,,,,,,,,
,,,,,,,,,,,5f1eb74f9320b401289bfd0a,001,2021-06-05_22h41.30.869,DelayedExp,2020.1.3,MacIntel,60,,,slash,0,17,17,32,1,0.067157859,SMOKE,1.6173,,,,,,,,,,,,,,,,,,,,,,,,,,,,,,,,,,,
,,,,,,,,,,,5f1eb74f9320b401289bfd0a,001,2021-06-05_22h41.30.869,DelayedExp,2020.1.3,MacIntel,60,,,z,0,18,18,13,1,0.385660487,GEEK,1.187365,,,,,,,,,,,,,,,,,,,,,,,,,,,,,,,,,,,
,,,,,,,,,,,5f1eb74f9320b401289bfd0a,001,2021-06-05_22h41.30.869,DelayedExp,2020.1.3,MacIntel,60,,,slash,0,19,19,90,1,0.367068674,CORAL,0.86153,,,,,,,,,,,,,,,,,,,,,,,,,,,,,,,,,,,
,,,,,,,,,,,5f1eb74f9320b401289bfd0a,001,2021-06-05_22h41.30.869,DelayedExp,2020.1.3,MacIntel,60,,,slash,0,20,20,142,1,0.302092566,SHEETS,1.23016,,,,,,,,,,,,,,,,,,,,,,,,,,,,,,,,,,,
,,,,,,,,,,,5f1eb74f9320b401289bfd0a,001,2021-06-05_22h41.30.869,DelayedExp,2020.1.3,MacIntel,60,,,slash,0,21,21,256,1,0.440350151,VOTE,0.60336,,,,,,,,,,,,,,,,,,,,,,,,,,,,,,,,,,,
,,,,,,,,,,,5f1eb74f9320b401289bfd0a,001,2021-06-05_22h41.30.869,DelayedExp,2020.1.3,MacIntel,60,,,slash,0,22,22,302,1,0.807288891,HEAD,1.98641,,,,,,,,,,,,,,,,,,,,,,,,,,,,,,,,,,,
,,,,,,,,,,,5f1eb74f9320b401289bfd0a,001,2021-06-05_22h41.30.869,DelayedExp,2020.1.3,MacIntel,60,,,z,0,23,23,84,1,0.79498797,ANIMAL,1.58565,,,,,,,,,,,,,,,,,,,,,,,,,,,,,,,,,,,
,,,,,,,,,,,5f1eb74f9320b401289bfd0a,001,2021-06-05_22h41.30.869,DelayedExp,2020.1.3,MacIntel,60,,,,0,24,24,109,1,0.646797012,QUART,,,,,,,,,,,,,,,,,,,,,,,,,,,,,,,,,,,,
,,,,,,,,,,,5f1eb74f9320b401289bfd0a,001,2021-06-05_22h41.30.869,DelayedExp,2020.1.3,MacIntel,60,,,z,0,25,25,224,1,0.551265897,DRESS,0.184215,,,,,,,,,,,,,,,,,,,,,,,,,,,,,,,,,,,
,,,,,,,,,,,5f1eb74f9320b401289bfd0a,001,2021-06-05_22h41.30.869,DelayedExp,2020.1.3,MacIntel,60,,,slash,0,26,26,247,1,0.744897792,STORE,0.92984,,,,,,,,,,,,,,,,,,,,,,,,,,,,,,,,,,,
,,,,,,,,,,,5f1eb74f9320b401289bfd0a,001,2021-06-05_22h41.30.869,DelayedExp,2020.1.3,MacIntel,60,,,slash,0,27,27,2,1,0.74910301,BLACK,0.898405,,,,,,,,,,,,,,,,,,,,,,,,,,,,,,,,,,,
,,,,,,,,,,,5f1eb74f9320b401289bfd0a,001,2021-06-05_22h41.30.869,DelayedExp,2020.1.3,MacIntel,60,,,slash,0,28,28,171,1,0.821679804,PAPER,0.58127,,,,,,,,,,,,,,,,,,,,,,,,,,,,,,,,,,,
,,,,,,,,,,,5f1eb74f9320b401289bfd0a,001,2021-06-05_22h41.30.869,DelayedExp,2020.1.3,MacIntel,60,,,slash,0,29,29,75,1,0.337872762,TENNIS,2.364905,,,,,,,,,,,,,,,,,,,,,,,,,,,,,,,,,,,
,,,,,,,,,,,5f1eb74f9320b401289bfd0a,001,2021-06-05_22h41.30.869,DelayedExp,2020.1.3,MacIntel,60,,,slash,0,30,30,140,1,0.513462153,RIGHT,1.18119,,,,,,,,,,,,,,,,,,,,,,,,,,,,,,,,,,,
,,,,,,,,,,,5f1eb74f9320b401289bfd0a,001,2021-06-05_22h41.30.869,DelayedExp,2020.1.3,MacIntel,60,,,z,0,31,31,137,1,0.04922332,NEPHEW,1.215485,,,,,,,,,,,,,,,,,,,,,,,,,,,,,,,,,,,
,,,,,,,,,,,5f1eb74f9320b401289bfd0a,001,2021-06-05_22h41.30.869,DelayedExp,2020.1.3,MacIntel,60,,,slash,0,32,32,121,1,0.831197722,UNCLE,1.26824,,,,,,,,,,,,,,,,,,,,,,,,,,,,,,,,,,,
,,,,,,,,,,,5f1eb74f9320b401289bfd0a,001,2021-06-05_22h41.30.869,DelayedExp,2020.1.3,MacIntel,60,,,slash,0,33,33,124,1,0.0415978,WORST,0.946975,,,,,,,,,,,,,,,,,,,,,,,,,,,,,,,,,,,
,,,,,,,,,,,5f1eb74f9320b401289bfd0a,001,2021-06-05_22h41.30.869,DelayedExp,2020.1.3,MacIntel,60,,,slash,0,34,34,96,1,0.342544579,FOUND,1.429325,,,,,,,,,,,,,,,,,,,,,,,,,,,,,,,,,,,
,,,,,,,,,,,5f1eb74f9320b401289bfd0a,001,2021-06-05_22h41.30.869,DelayedExp,2020.1.3,MacIntel,60,,,z,0,35,35,80,1,0.330786118,VERB,1.046755,,,,,,,,,,,,,,,,,,,,,,,,,,,,,,,,,,,
,,,,,,,,,,,5f1eb74f9320b401289bfd0a,001,2021-06-05_22h41.30.869,DelayedExp,2020.1.3,MacIntel,60,,,slash,0,36,36,308,1,0.214947297,BABY,0.74522,,,,,,,,,,,,,,,,,,,,,,,,,,,,,,,,,,,
,,,,,,,,,,,5f1eb74f9320b401289bfd0a,001,2021-06-05_22h41.30.869,DelayedExp,2020.1.3,MacIntel,60,,,z,0,37,37,60,1,0.106867699,MOTHER,1.68854,,,,,,,,,,,,,,,,,,,,,,,,,,,,,,,,,,,
,,,,,,,,,,,5f1eb74f9320b401289bfd0a,001,2021-06-05_22h41.30.869,DelayedExp,2020.1.3,MacIntel,60,,,slash,0,38,38,253,1,0.604914171,TOCK,1.01783,,,,,,,,,,,,,,,,,,,,,,,,,,,,,,,,,,,
,,,,,,,,,,,5f1eb74f9320b401289bfd0a,001,2021-06-05_22h41.30.869,DelayedExp,2020.1.3,MacIntel,60,,,,0,39,39,329,1,0.617114391,STING,,,,,,,,,,,,,,,,,,,,,,,,,,,,,,,,,,,,
,,,,,,,,,,,5f1eb74f9320b401289bfd0a,001,2021-06-05_22h41.30.869,DelayedExp,2020.1.3,MacIntel,60,,,slash,0,40,40,189,1,0.022462029,OVEN,1.5509,,,,,,,,,,,,,,,,,,,,,,,,,,,,,,,,,,,
,,,,,,,,,,,5f1eb74f9320b401289bfd0a,001,2021-06-05_22h41.30.869,DelayedExp,2020.1.3,MacIntel,60,,,slash,0,41,41,185,1,0.563677501,PLAN,0.91206,,,,,,,,,,,,,,,,,,,,,,,,,,,,,,,,,,,
,,,,,,,,,,,5f1eb74f9320b401289bfd0a,001,2021-06-05_22h41.30.869,DelayedExp,2020.1.3,MacIntel,60,,,slash,0,42,42,31,1,0.761629448,SMILE,0.94891,,,,,,,,,,,,,,,,,,,,,,,,,,,,,,,,,,,
,,,,,,,,,,,5f1eb74f9320b401289bfd0a,001,2021-06-05_22h41.30.869,DelayedExp,2020.1.3,MacIntel,60,,,z,0,43,43,154,1,0.318502566,DREAM,2.436895,,,,,,,,,,,,,,,,,,,,,,,,,,,,,,,,,,,
,,,,,,,,,,,5f1eb74f9320b401289bfd0a,001,2021-06-05_22h41.30.869,DelayedExp,2020.1.3,MacIntel,60,,,z,0,44,44,284,1,0.111720609,THANKS,0.97827,,,,,,,,,,,,,,,,,,,,,,,,,,,,,,,,,,,
,,,,,,,,,,,5f1eb74f9320b401289bfd0a,001,2021-06-05_22h41.30.869,DelayedExp,2020.1.3,MacIntel,60,,,slash,0,45,45,103,1,0.052879296,MINUTE,1.63096,,,,,,,,,,,,,,,,,,,,,,,,,,,,,,,,,,,
,,,,,,,,,,,5f1eb74f9320b401289bfd0a,001,2021-06-05_22h41.30.869,DelayedExp,2020.1.3,MacIntel,60,,,slash,0,46,46,178,1,0.391613645,SMART,1.095385,,,,,,,,,,,,,,,,,,,,,,,,,,,,,,,,,,,
,,,,,,,,,,,5f1eb74f9320b401289bfd0a,001,2021-06-05_22h41.30.869,DelayedExp,2020.1.3,MacIntel,60,,,z,0,47,47,214,1,0.461447159,STRANGE,1.61518,,,,,,,,,,,,,,,,,,,,,,,,,,,,,,,,,,,
,,,,,,,,,,,5f1eb74f9320b401289bfd0a,001,2021-06-05_22h41.30.869,DelayedExp,2020.1.3,MacIntel,60,,,slash,0,48,48,4,1,0.151518023,CAMP,1.231275,,,,,,,,,,,,,,,,,,,,,,,,,,,,,,,,,,,
,,,,,,,,,,,5f1eb74f9320b401289bfd0a,001,2021-06-05_22h41.30.869,DelayedExp,2020.1.3,MacIntel,60,,,slash,0,49,49,98,1,0.54632307,GRASS,1.631715,,,,,,,,,,,,,,,,,,,,,,,,,,,,,,,,,,,
,,,,,,,,,,,5f1eb74f9320b401289bfd0a,001,2021-06-05_22h41.30.869,DelayedExp,2020.1.3,MacIntel,60,,,slash,0,50,50,205,1,0.50083135,CAKE,0.614455,,,,,,,,,,,,,,,,,,,,,,,,,,,,,,,,,,,
,,,,,,,,,,,5f1eb74f9320b401289bfd0a,001,2021-06-05_22h41.30.869,DelayedExp,2020.1.3,MacIntel,60,,,slash,0,51,51,107,1,0.70251761,PHONE,1.21967,,,,,,,,,,,,,,,,,,,,,,,,,,,,,,,,,,,
,,,,,,,,,,,5f1eb74f9320b401289bfd0a,001,2021-06-05_22h41.30.869,DelayedExp,2020.1.3,MacIntel,60,,,z,0,52,52,192,1,0.528406925,WANT,2.049115,,,,,,,,,,,,,,,,,,,,,,,,,,,,,,,,,,,
,,,,,,,,,,,5f1eb74f9320b401289bfd0a,001,2021-06-05_22h41.30.869,DelayedExp,2020.1.3,MacIntel,60,,,slash,0,53,53,35,1,0.859350925,PRESENT,1.751595,,,,,,,,,,,,,,,,,,,,,,,,,,,,,,,,,,,
,,,,,,,,,,,5f1eb74f9320b401289bfd0a,001,2021-06-05_22h41.30.869,DelayedExp,2020.1.3,MacIntel,60,,,slash,0,54,54,276,1,0.305492126,CARD,0.8295,,,,,,,,,,,,,,,,,,,,,,,,,,,,,,,,,,,
,,,,,,,,,,,5f1eb74f9320b401289bfd0a,001,2021-06-05_22h41.30.869,DelayedExp,2020.1.3,MacIntel,60,,,slash,0,55,55,328,1,0.478092108,KNIT,1.18202,,,,,,,,,,,,,,,,,,,,,,,,,,,,,,,,,,,
,,,,,,,,,,,5f1eb74f9320b401289bfd0a,001,2021-06-05_22h41.30.869,DelayedExp,2020.1.3,MacIntel,60,,,slash,0,56,56,212,1,0.933068314,FIND,1.21369,,,,,,,,,,,,,,,,,,,,,,,,,,,,,,,,,,,
,,,,,,,,,,,5f1eb74f9320b401289bfd0a,001,2021-06-05_22h41.30.869,DelayedExp,2020.1.3,MacIntel,60,,,slash,0,57,57,301,1,0.925475301,BIKE,0.796255,,,,,,,,,,,,,,,,,,,,,,,,,,,,,,,,,,,
,,,,,,,,,,,5f1eb74f9320b401289bfd0a,001,2021-06-05_22h41.30.869,DelayedExp,2020.1.3,MacIntel,60,,,slash,0,58,58,161,1,0.627204247,WORK,1.5981,,,,,,,,,,,,,,,,,,,,,,,,,,,,,,,,,,,
,,,,,,,,,,,5f1eb74f9320b401289bfd0a,001,2021-06-05_22h41.30.869,DelayedExp,2020.1.3,MacIntel,60,,,z,0,59,59,208,1,0.453940446,MAID,1.954705,,,,,,,,,,,,,,,,,,,,,,,,,,,,,,,,,,,
,,,,,,,,,,,5f1eb74f9320b401289bfd0a,001,2021-06-05_22h41.30.869,DelayedExp,2020.1.3,MacIntel,60,,,slash,0,60,60,314,1,0.429097089,GRAND,1.0445,,,,,,,,,,,,,,,,,,,,,,,,,,,,,,,,,,,
,,,,,,,,,,,5f1eb74f9320b401289bfd0a,001,2021-06-05_22h41.30.869,DelayedExp,2020.1.3,MacIntel,60,,,slash,0,61,61,177,1,0.459837106,HELLO,1.3817,,,,,,,,,,,,,,,,,,,,,,,,,,,,,,,,,,,
,,,,,,,,,,,5f1eb74f9320b401289bfd0a,001,2021-06-05_22h41.30.869,DelayedExp,2020.1.3,MacIntel,60,,,z,0,62,62,128,1,0.264208821,DAGGER,0.719235,,,,,,,,,,,,,,,,,,,,,,,,,,,,,,,,,,,
,,,,,,,,,,,5f1eb74f9320b401289bfd0a,001,2021-06-05_22h41.30.869,DelayedExp,2020.1.3,MacIntel,60,,,slash,0,63,63,309,1,0.479222319,MOVE,0.51532,,,,,,,,,,,,,,,,,,,,,,,,,,,,,,,,,,,
,,,,,,,,,,,5f1eb74f9320b401289bfd0a,001,2021-06-05_22h41.30.869,DelayedExp,2020.1.3,MacIntel,60,,,slash,0,64,64,321,1,0.950911015,BREAD,0.8117,,,,,,,,,,,,,,,,,,,,,,,,,,,,,,,,,,,
,,,,,,,,,,,5f1eb74f9320b401289bfd0a,001,2021-06-05_22h41.30.869,DelayedExp,2020.1.3,MacIntel,60,,,slash,0,65,65,0,1,0.529420303,STOMACH,2.803785,,,,,,,,,,,,,,,,,,,,,,,,,,,,,,,,,,,
,,,,,,,,,,,5f1eb74f9320b401289bfd0a,001,2021-06-05_22h41.30.869,DelayedExp,2020.1.3,MacIntel,60,,,slash,0,66,66,25,1,0.013252083,TRAIN,1.52821,,,,,,,,,,,,,,,,,,,,,,,,,,,,,,,,,,,
,,,,,,,,,,,5f1eb74f9320b401289bfd0a,001,2021-06-05_22h41.30.869,DelayedExp,2020.1.3,MacIntel,60,,,slash,0,67,67,108,1,0.062306235,PLANT,0.813935,,,,,,,,,,,,,,,,,,,,,,,,,,,,,,,,,,,
,,,,,,,,,,,5f1eb74f9320b401289bfd0a,001,2021-06-05_22h41.30.869,DelayedExp,2020.1.3,MacIntel,60,,,z,0,68,68,148,1,0.588095083,WEIGHT,0.912985,,,,,,,,,,,,,,,,,,,,,,,,,,,,,,,,,,,
,,,,,,,,,,,5f1eb74f9320b401289bfd0a,001,2021-06-05_22h41.30.869,DelayedExp,2020.1.3,MacIntel,60,,,z,0,69,69,292,1,0.259596472,SHERIFF,1.284255,,,,,,,,,,,,,,,,,,,,,,,,,,,,,,,,,,,
,,,,,,,,,,,5f1eb74f9320b401289bfd0a,001,2021-06-05_22h41.30.869,DelayedExp,2020.1.3,MacIntel,60,,,z,0,70,70,6,1,0.182134166,DEVIL,2.114215,,,,,,,,,,,,,,,,,,,,,,,,,,,,,,,,,,,
,,,,,,,,,,,5f1eb74f9320b401289bfd0a,001,2021-06-05_22h41.30.869,DelayedExp,2020.1.3,MacIntel,60,,,slash,0,71,71,91,1,0.23738116,DOLLAR,1.047935,,,,,,,,,,,,,,,,,,,,,,,,,,,,,,,,,,,
,,,,,,,,,,,5f1eb74f9320b401289bfd0a,001,2021-06-05_22h41.30.869,DelayedExp,2020.1.3,MacIntel,60,,,slash,0,72,72,260,1,0.260552149,RENT,0.84449,,,,,,,,,,,,,,,,,,,,,,,,,,,,,,,,,,,
,,,,,,,,,,,5f1eb74f9320b401289bfd0a,001,2021-06-05_22h41.30.869,DelayedExp,2020.1.3,MacIntel,60,,,slash,0,73,73,34,1,0.191245414,SOUTH,1.03613,,,,,,,,,,,,,,,,,,,,,,,,,,,,,,,,,,,
,,,,,,,,,,,5f1eb74f9320b401289bfd0a,001,2021-06-05_22h41.30.869,DelayedExp,2020.1.3,MacIntel,60,,,slash,0,74,74,194,1,0.109445088,FRONT,0.6333,,,,,,,,,,,,,,,,,,,,,,,,,,,,,,,,,,,
,,,,,,,,,,,5f1eb74f9320b401289bfd0a,001,2021-06-05_22h41.30.869,DelayedExp,2020.1.3,MacIntel,60,,,slash,0,75,75,311,1,0.789649172,STEAL,1.211395,,,,,,,,,,,,,,,,,,,,,,,,,,,,,,,,,,,
,,,,,,,,,,,5f1eb74f9320b401289bfd0a,001,2021-06-05_22h41.30.869,DelayedExp,2020.1.3,MacIntel,60,,,slash,0,76,76,258,1,0.636956338,RAIN,1.128665,,,,,,,,,,,,,,,,,,,,,,,,,,,,,,,,,,,
,,,,,,,,,,,5f1eb74f9320b401289bfd0a,001,2021-06-05_22h41.30.869,DelayedExp,2020.1.3,MacIntel,60,,,z,0,77,77,318,1,0.613130161,WRITE,1.56338,,,,,,,,,,,,,,,,,,,,,,,,,,,,,,,,,,,
,,,,,,,,,,,5f1eb74f9320b401289bfd0a,001,2021-06-05_22h41.30.869,DelayedExp,2020.1.3,MacIntel,60,,,slash,0,78,78,50,1,0.129107951,NEWS,0.679115,,,,,,,,,,,,,,,,,,,,,,,,,,,,,,,,,,,
,,,,,,,,,,,5f1eb74f9320b401289bfd0a,001,2021-06-05_22h41.30.869,DelayedExp,2020.1.3,MacIntel,60,,,slash,0,79,79,335,1,0.613096738,DOCTOR,1.21128,,,,,,,,,,,,,,,,,,,,,,,,,,,,,,,,,,,
,,,,,,,,,,,5f1eb74f9320b401289bfd0a,001,2021-06-05_22h41.30.869,DelayedExp,2020.1.3,MacIntel,60,,,slash,0,80,80,269,1,0.238019572,PIECE,1.162225,,,,,,,,,,,,,,,,,,,,,,,,,,,,,,,,,,,
,,,,,,,,,,,5f1eb74f9320b401289bfd0a,001,2021-06-05_22h41.30.869,DelayedExp,2020.1.3,MacIntel,60,,,slash,0,81,81,213,1,0.505086573,SICK,0.679605,,,,,,,,,,,,,,,,,,,,,,,,,,,,,,,,,,,
,,,,,,,,,,,5f1eb74f9320b401289bfd0a,001,2021-06-05_22h41.30.869,DelayedExp,2020.1.3,MacIntel,60,,,slash,0,82,82,225,1,0.330893298,LAUGH,1.89499,,,,,,,,,,,,,,,,,,,,,,,,,,,,,,,,,,,
,,,,,,,,,,,5f1eb74f9320b401289bfd0a,001,2021-06-05_22h41.30.869,DelayedExp,2020.1.3,MacIntel,60,,,slash,0,83,83,170,1,0.892972342,PENCIL,1.235685,,,,,,,,,,,,,,,,,,,,,,,,,,,,,,,,,,,
,,,,,,,,,,,5f1eb74f9320b401289bfd0a,001,2021-06-05_22h41.30.869,DelayedExp,2020.1.3,MacIntel,60,,,z,0,84,84,56,1,0.752687522,LESS,0.91299,,,,,,,,,,,,,,,,,,,,,,,,,,,,,,,,,,,
,,,,,,,,,,,5f1eb74f9320b401289bfd0a,001,2021-06-05_22h41.30.869,DelayedExp,2020.1.3,MacIntel,60,,,slash,0,85,85,252,1,0.847170391,DRUGS,0.89888,,,,,,,,,,,,,,,,,,,,,,,,,,,,,,,,,,,
,,,,,,,,,,,5f1eb74f9320b401289bfd0a,001,2021-06-05_22h41.30.869,DelayedExp,2020.1.3,MacIntel,60,,,slash,0,86,86,139,1,0.240033273,SONG,1.614225,,,,,,,,,,,,,,,,,,,,,,,,,,,,,,,,,,,
,,,,,,,,,,,5f1eb74f9320b401289bfd0a,001,2021-06-05_22h41.30.869,DelayedExp,2020.1.3,MacIntel,60,,,z,0,87,87,73,1,0.213554661,STATES,1.21426,,,,,,,,,,,,,,,,,,,,,,,,,,,,,,,,,,,
,,,,,,,,,,,5f1eb74f9320b401289bfd0a,001,2021-06-05_22h41.30.869,DelayedExp,2020.1.3,MacIntel,60,,,slash,0,88,88,195,1,0.873915539,SOFT,2.162925,,,,,,,,,,,,,,,,,,,,,,,,,,,,,,,,,,,
,,,,,,,,,,,5f1eb74f9320b401289bfd0a,001,2021-06-05_22h41.30.869,DelayedExp,2020.1.3,MacIntel,60,,,slash,0,89,89,200,1,0.617401957,LETTER,0.864475,,,,,,,,,,,,,,,,,,,,,,,,,,,,,,,,,,,
,,,,,,,,,,,5f1eb74f9320b401289bfd0a,001,2021-06-05_22h41.30.869,DelayedExp,2020.1.3,MacIntel,60,,,slash,0,90,90,234,1,0.910379519,BELL,1.065035,,,,,,,,,,,,,,,,,,,,,,,,,,,,,,,,,,,
,,,,,,,,,,,5f1eb74f9320b401289bfd0a,001,2021-06-05_22h41.30.869,DelayedExp,2020.1.3,MacIntel,60,,,slash,0,91,91,231,1,0.810473097,STICKY,2.36449,,,,,,,,,,,,,,,,,,,,,,,,,,,,,,,,,,,
,,,,,,,,,,,5f1eb74f9320b401289bfd0a,001,2021-06-05_22h41.30.869,DelayedExp,2020.1.3,MacIntel,60,,,slash,0,92,92,174,1,0.876517016,COPY,0.74589,,,,,,,,,,,,,,,,,,,,,,,,,,,,,,,,,,,
,,,,,,,,,,,5f1eb74f9320b401289bfd0a,001,2021-06-05_22h41.30.869,DelayedExp,2020.1.3,MacIntel,60,,,z,0,93,93,36,1,0.404338933,SWAMP,2.863825,,,,,,,,,,,,,,,,,,,,,,,,,,,,,,,,,,,
,,,,,,,,,,,5f1eb74f9320b401289bfd0a,001,2021-06-05_22h41.30.869,DelayedExp,2020.1.3,MacIntel,60,,,slash,0,94,94,303,1,0.123847496,RULE,1.36976,,,,,,,,,,,,,,,,,,,,,,,,,,,,,,,,,,,
,,,,,,,,,,,5f1eb74f9320b401289bfd0a,001,2021-06-05_22h41.30.869,DelayedExp,2020.1.3,MacIntel,60,,,slash,0,95,95,223,1,0.261202417,CHURCH,0.8812,,,,,,,,,,,,,,,,,,,,,,,,,,,,,,,,,,,
,,,,,,,,,,,5f1eb74f9320b401289bfd0a,001,2021-06-05_22h41.30.869,DelayedExp,2020.1.3,MacIntel,60,,,slash,0,96,96,79,1,0.946647028,TOES,1.01199,,,,,,,,,,,,,,,,,,,,,,,,,,,,,,,,,,,
,,,,,,,,,,,5f1eb74f9320b401289bfd0a,001,2021-06-05_22h41.30.869,DelayedExp,2020.1.3,MacIntel,60,,,slash,0,97,97,144,1,0.591531802,STAIRS,1.927595,,,,,,,,,,,,,,,,,,,,,,,,,,,,,,,,,,,
,,,,,,,,,,,5f1eb74f9320b401289bfd0a,001,2021-06-05_22h41.30.869,DelayedExp,2020.1.3,MacIntel,60,,,slash,0,98,98,167,1,0.395523204,LAWYER,1.061395,,,,,,,,,,,,,,,,,,,,,,,,,,,,,,,,,,,
,,,,,,,,,,,5f1eb74f9320b401289bfd0a,001,2021-06-05_22h41.30.869,DelayedExp,2020.1.3,MacIntel,60,,,slash,0,99,99,28,1,0.933394255,NOISE,1.31525,,,,,,,,,,,,,,,,,,,,,,,,,,,,,,,,,,,
,,,,,,,,,,,5f1eb74f9320b401289bfd0a,001,2021-06-05_22h41.30.869,DelayedExp,2020.1.3,MacIntel,60,,,slash,0,100,100,202,1,0.830510236,FIRE,0.647855,,,,,,,,,,,,,,,,,,,,,,,,,,,,,,,,,,,
,,,,,,,,,,,5f1eb74f9320b401289bfd0a,001,2021-06-05_22h41.30.869,DelayedExp,2020.1.3,MacIntel,60,,,z,0,101,101,295,1,0.329057886,GUILT,0.930315,,,,,,,,,,,,,,,,,,,,,,,,,,,,,,,,,,,
,,,,,,,,,,,5f1eb74f9320b401289bfd0a,001,2021-06-05_22h41.30.869,DelayedExp,2020.1.3,MacIntel,60,,,slash,0,102,102,166,1,0.37213925,YELLOW,0.882105,,,,,,,,,,,,,,,,,,,,,,,,,,,,,,,,,,,
,,,,,,,,,,,5f1eb74f9320b401289bfd0a,001,2021-06-05_22h41.30.869,DelayedExp,2020.1.3,MacIntel,60,,,z,0,103,103,46,1,0.627034201,BRANCH,3.86392,,,,,,,,,,,,,,,,,,,,,,,,,,,,,,,,,,,
,,,,,,,,,,,5f1eb74f9320b401289bfd0a,001,2021-06-05_22h41.30.869,DelayedExp,2020.1.3,MacIntel,60,,,slash,0,104,104,111,1,0.169088161,ROCK,1.17954,,,,,,,,,,,,,,,,,,,,,,,,,,,,,,,,,,,
,,,,,,,,,,,5f1eb74f9320b401289bfd0a,001,2021-06-05_22h41.30.869,DelayedExp,2020.1.3,MacIntel,60,,,z,0,105,105,104,1,0.361827926,MUSCLE,1.467305,,,,,,,,,,,,,,,,,,,,,,,,,,,,,,,,,,,
,,,,,,,,,,,5f1eb74f9320b401289bfd0a,001,2021-06-05_22h41.30.869,DelayedExp,2020.1.3,MacIntel,60,,,slash,0,106,106,275,1,0.591229651,SAME,0.78011,,,,,,,,,,,,,,,,,,,,,,,,,,,,,,,,,,,
,,,,,,,,,,,5f1eb74f9320b401289bfd0a,001,2021-06-05_22h41.30.869,DelayedExp,2020.1.3,MacIntel,60,,,slash,0,107,107,105,1,0.795560321,OFFICE,0.98433,,,,,,,,,,,,,,,,,,,,,,,,,,,,,,,,,,,
,,,,,,,,,,,5f1eb74f9320b401289bfd0a,001,2021-06-05_22h41.30.869,DelayedExp,2020.1.3,MacIntel,60,,,slash,0,108,108,168,1,0.349003517,SILK,0.89782,,,,,,,,,,,,,,,,,,,,,,,,,,,,,,,,,,,
,,,,,,,,,,,5f1eb74f9320b401289bfd0a,001,2021-06-05_22h41.30.869,DelayedExp,2020.1.3,MacIntel,60,,,slash,0,109,109,324,1,0.343912954,SHIRT,0.66839,,,,,,,,,,,,,,,,,,,,,,,,,,,,,,,,,,,
,,,,,,,,,,,5f1eb74f9320b401289bfd0a,001,2021-06-05_22h41.30.869,DelayedExp,2020.1.3,MacIntel,60,,,z,0,110,110,204,1,0.474320781,CASTLE,0.62999,,,,,,,,,,,,,,,,,,,,,,,,,,,,,,,,,,,
,,,,,,,,,,,5f1eb74f9320b401289bfd0a,001,2021-06-05_22h41.30.869,DelayedExp,2020.1.3,MacIntel,60,,,slash,0,111,111,197,1,0.207302344,EFFECT,1.79412,,,,,,,,,,,,,,,,,,,,,,,,,,,,,,,,,,,
,,,,,,,,,,,5f1eb74f9320b401289bfd0a,001,2021-06-05_22h41.30.869,DelayedExp,2020.1.3,MacIntel,60,,,slash,0,112,112,85,1,0.290537125,BEFORE,0.694305,,,,,,,,,,,,,,,,,,,,,,,,,,,,,,,,,,,
,,,,,,,,,,,5f1eb74f9320b401289bfd0a,001,2021-06-05_22h41.30.869,DelayedExp,2020.1.3,MacIntel,60,,,slash,0,113,113,289,1,0.500156877,TRAILER,1.43126,,,,,,,,,,,,,,,,,,,,,,,,,,,,,,,,,,,
,,,,,,,,,,,5f1eb74f9320b401289bfd0a,001,2021-06-05_22h41.30.869,DelayedExp,2020.1.3,MacIntel,60,,,slash,0,114,114,283,1,0.222912429,SCISSORS,1.39572,,,,,,,,,,,,,,,,,,,,,,,,,,,,,,,,,,,
,,,,,,,,,,,5f1eb74f9320b401289bfd0a,001,2021-06-05_22h41.30.869,DelayedExp,2020.1.3,MacIntel,60,,,slash,0,115,115,182,1,0.386108126,SNEEZE,1.380125,,,,,,,,,,,,,,,,,,,,,,,,,,,,,,,,,,,
,,,,,,,,,,,5f1eb74f9320b401289bfd0a,001,2021-06-05_22h41.30.869,DelayedExp,2020.1.3,MacIntel,60,,,slash,0,116,116,14,1,0.941717552,GHOST,0.78029,,,,,,,,,,,,,,,,,,,,,,,,,,,,,,,,,,,
,,,,,,,,,,,5f1eb74f9320b401289bfd0a,001,2021-06-05_22h41.30.869,DelayedExp,2020.1.3,MacIntel,60,,,z,0,117,117,131,1,0.977757327,GLORY,0.804025,,,,,,,,,,,,,,,,,,,,,,,,,,,,,,,,,,,
,,,,,,,,,,,5f1eb74f9320b401289bfd0a,001,2021-06-05_22h41.30.869,DelayedExp,2020.1.3,MacIntel,60,,,z,0,118,118,81,1,0.672881454,WAITER,1.434735,,,,,,,,,,,,,,,,,,,,,,,,,,,,,,,,,,,
,,,,,,,,,,,5f1eb74f9320b401289bfd0a,001,2021-06-05_22h41.30.869,DelayedExp,2020.1.3,MacIntel,60,,,slash,0,119,119,110,1,0.974766317,QUEEN,3.183985,,,,,,,,,,,,,,,,,,,,,,,,,,,,,,,,,,,
,,,,,,,,,,,5f1eb74f9320b401289bfd0a,001,2021-06-05_22h41.30.869,DelayedExp,2020.1.3,MacIntel,60,,,z,0,120,120,27,1,0.115207754,MINOR,2.18153,,,,,,,,,,,,,,,,,,,,,,,,,,,,,,,,,,,
,,,,,,,,,,,5f1eb74f9320b401289bfd0a,001,2021-06-05_22h41.30.869,DelayedExp,2020.1.3,MacIntel,60,,,slash,0,121,121,255,1,0.672261175,WRONG,1.831075,,,,,,,,,,,,,,,,,,,,,,,,,,,,,,,,,,,
,,,,,,,,,,,5f1eb74f9320b401289bfd0a,001,2021-06-05_22h41.30.869,DelayedExp,2020.1.3,MacIntel,60,,,slash,0,122,122,186,1,0.020590653,MONKEY,0.99469,,,,,,,,,,,,,,,,,,,,,,,,,,,,,,,,,,,
,,,,,,,,,,,5f1eb74f9320b401289bfd0a,001,2021-06-05_22h41.30.869,DelayedExp,2020.1.3,MacIntel,60,,,slash,0,123,123,203,1,0.823840101,BALL ,2.5309,,,,,,,,,,,,,,,,,,,,,,,,,,,,,,,,,,,
,,,,,,,,,,,5f1eb74f9320b401289bfd0a,001,2021-06-05_22h41.30.869,DelayedExp,2020.1.3,MacIntel,60,,,slash,0,124,124,180,1,0.596776993,MINIMUM,1.300035,,,,,,,,,,,,,,,,,,,,,,,,,,,,,,,,,,,
,,,,,,,,,,,5f1eb74f9320b401289bfd0a,001,2021-06-05_22h41.30.869,DelayedExp,2020.1.3,MacIntel,60,,,slash,0,125,125,316,1,0.468087973,EXPLODE,2.00061,,,,,,,,,,,,,,,,,,,,,,,,,,,,,,,,,,,
,,,,,,,,,,,5f1eb74f9320b401289bfd0a,001,2021-06-05_22h41.30.869,DelayedExp,2020.1.3,MacIntel,60,,,slash,0,126,126,116,1,0.438487149,MEAN,0.99921,,,,,,,,,,,,,,,,,,,,,,,,,,,,,,,,,,,
,,,,,,,,,,,5f1eb74f9320b401289bfd0a,001,2021-06-05_22h41.30.869,DelayedExp,2020.1.3,MacIntel,60,,,slash,0,127,127,118,1,0.736402598,THERE,3.381445,,,,,,,,,,,,,,,,,,,,,,,,,,,,,,,,,,,
,,,,,,,,,,,5f1eb74f9320b401289bfd0a,001,2021-06-05_22h41.30.869,DelayedExp,2020.1.3,MacIntel,60,,,z,0,128,128,149,1,0.72994759,WEST,1.5817,,,,,,,,,,,,,,,,,,,,,,,,,,,,,,,,,,,
,,,,,,,,,,,5f1eb74f9320b401289bfd0a,001,2021-06-05_22h41.30.869,DelayedExp,2020.1.3,MacIntel,60,,,slash,0,129,129,95,1,0.229194801,FINGER,1.264035,,,,,,,,,,,,,,,,,,,,,,,,,,,,,,,,,,,
,,,,,,,,,,,5f1eb74f9320b401289bfd0a,001,2021-06-05_22h41.30.869,DelayedExp,2020.1.3,MacIntel,60,,,slash,0,130,130,277,1,0.952296572,MARRY,1.07779,,,,,,,,,,,,,,,,,,,,,,,,,,,,,,,,,,,
,,,,,,,,,,,5f1eb74f9320b401289bfd0a,001,2021-06-05_22h41.30.869,DelayedExp,2020.1.3,MacIntel,60,,,slash,0,131,131,58,1,0.365289125,LOOK,1.5637,,,,,,,,,,,,,,,,,,,,,,,,,,,,,,,,,,,
,,,,,,,,,,,5f1eb74f9320b401289bfd0a,001,2021-06-05_22h41.30.869,DelayedExp,2020.1.3,MacIntel,60,,,slash,0,132,132,298,1,0.076489794,CLASS,2.247515,,,,,,,,,,,,,,,,,,,,,,,,,,,,,,,,,,,
,,,,,,,,,,,5f1eb74f9320b401289bfd0a,001,2021-06-05_22h41.30.869,DelayedExp,2020.1.3,MacIntel,60,,,slash,0,133,133,112,1,0.648273378,SHARK,2.228285,,,,,,,,,,,,,,,,,,,,,,,,,,,,,,,,,,,
,,,,,,,,,,,5f1eb74f9320b401289bfd0a,001,2021-06-05_22h41.30.869,DelayedExp,2020.1.3,MacIntel,60,,,slash,0,134,134,211,1,0.83196302,JACKET,1.31269,,,,,,,,,,,,,,,,,,,,,,,,,,,,,,,,,,,
,,,,,,,,,,,5f1eb74f9320b401289bfd0a,001,2021-06-05_22h41.30.869,DelayedExp,2020.1.3,MacIntel,60,,,slash,0,135,135,10,1,0.531477438,SORRY,1.196305,,,,,,,,,,,,,,,,,,,,,,,,,,,,,,,,,,,
,,,,,,,,,,,5f1eb74f9320b401289bfd0a,001,2021-06-05_22h41.30.869,DelayedExp,2020.1.3,MacIntel,60,,,z,0,136,136,190,1,0.686155583,LARGE,1.111345,,,,,,,,,,,,,,,,,,,,,,,,,,,,,,,,,,,
,,,,,,,,,,,5f1eb74f9320b401289bfd0a,001,2021-06-05_22h41.30.869,DelayedExp,2020.1.3,MacIntel,60,,,slash,0,137,137,150,1,0.990811347,BIRD,1.294445,,,,,,,,,,,,,,,,,,,,,,,,,,,,,,,,,,,
,,,,,,,,,,,5f1eb74f9320b401289bfd0a,001,2021-06-05_22h41.30.869,DelayedExp,2020.1.3,MacIntel,60,,,slash,0,138,138,250,1,0.374148471,SING,1.53192,,,,,,,,,,,,,,,,,,,,,,,,,,,,,,,,,,,
,,,,,,,,,,,5f1eb74f9320b401289bfd0a,001,2021-06-05_22h41.30.869,DelayedExp,2020.1.3,MacIntel,60,,,slash,0,139,139,38,1,0.278858385,THIEF,0.980335,,,,,,,,,,,,,,,,,,,,,,,,,,,,,,,,,,,
,,,,,,,,,,,5f1eb74f9320b401289bfd0a,001,2021-06-05_22h41.30.869,DelayedExp,2020.1.3,MacIntel,60,,,slash,0,140,140,87,1,0.347621821,CANCER,1.25009,,,,,,,,,,,,,,,,,,,,,,,,,,,,,,,,,,,
,,,,,,,,,,,5f1eb74f9320b401289bfd0a,001,2021-06-05_22h41.30.869,DelayedExp,2020.1.3,MacIntel,60,,,z,0,141,141,39,1,0.155263568,TIGHT,1.297575,,,,,,,,,,,,,,,,,,,,,,,,,,,,,,,,,,,
,,,,,,,,,,,5f1eb74f9320b401289bfd0a,001,2021-06-05_22h41.30.869,DelayedExp,2020.1.3,MacIntel,60,,,slash,0,142,142,136,1,0.465404883,LENGTH,0.627995,,,,,,,,,,,,,,,,,,,,,,,,,,,,,,,,,,,
,,,,,,,,,,,5f1eb74f9320b401289bfd0a,001,2021-06-05_22h41.30.869,DelayedExp,2020.1.3,MacIntel,60,,,slash,0,143,143,259,1,0.263066175,STAMP,0.711,,,,,,,,,,,,,,,,,,,,,,,,,,,,,,,,,,,
,,,,,,,,,,,5f1eb74f9320b401289bfd0a,001,2021-06-05_22h41.30.869,DelayedExp,2020.1.3,MacIntel,60,,,slash,0,144,144,160,1,0.555276839,MONEY,2.71484,,,,,,,,,,,,,,,,,,,,,,,,,,,,,,,,,,,
,,,,,,,,,,,5f1eb74f9320b401289bfd0a,001,2021-06-05_22h41.30.869,DelayedExp,2020.1.3,MacIntel,60,,,slash,0,145,145,233,1,0.915717705,LOSE,0.864165,,,,,,,,,,,,,,,,,,,,,,,,,,,,,,,,,,,
,,,,,,,,,,,5f1eb74f9320b401289bfd0a,001,2021-06-05_22h41.30.869,DelayedExp,2020.1.3,MacIntel,60,,,slash,0,146,146,132,1,0.356074536,FRIGHT,0.89448,,,,,,,,,,,,,,,,,,,,,,,,,,,,,,,,,,,
,,,,,,,,,,,5f1eb74f9320b401289bfd0a,001,2021-06-05_22h41.30.869,DelayedExp,2020.1.3,MacIntel,60,,,slash,0,147,147,201,1,0.642131457,JEANS,0.99793,,,,,,,,,,,,,,,,,,,,,,,,,,,,,,,,,,,
,,,,,,,,,,,5f1eb74f9320b401289bfd0a,001,2021-06-05_22h41.30.869,DelayedExp,2020.1.3,MacIntel,60,,,slash,0,148,148,285,1,0.354414689,TOOL,0.694985,,,,,,,,,,,,,,,,,,,,,,,,,,,,,,,,,,,
,,,,,,,,,,,5f1eb74f9320b401289bfd0a,001,2021-06-05_22h41.30.869,DelayedExp,2020.1.3,MacIntel,60,,,slash,0,149,149,129,1,0.600881716,JAIL,2.865725,,,,,,,,,,,,,,,,,,,,,,,,,,,,,,,,,,,
,,,,,,,,,,,5f1eb74f9320b401289bfd0a,001,2021-06-05_22h41.30.869,DelayedExp,2020.1.3,MacIntel,60,,,slash,0,150,150,334,1,0.668643625,CELL,0.96076,,,,,,,,,,,,,,,,,,,,,,,,,,,,,,,,,,,
,,,,,,,,,,,5f1eb74f9320b401289bfd0a,001,2021-06-05_22h41.30.869,DelayedExp,2020.1.3,MacIntel,60,,,slash,0,151,151,22,1,0.445369281,LAND,2.797895,,,,,,,,,,,,,,,,,,,,,,,,,,,,,,,,,,,
,,,,,,,,,,,5f1eb74f9320b401289bfd0a,001,2021-06-05_22h41.30.869,DelayedExp,2020.1.3,MacIntel,60,,,slash,0,152,152,17,1,0.750146408,TRASH,0.864805,,,,,,,,,,,,,,,,,,,,,,,,,,,,,,,,,,,
,,,,,,,,,,,5f1eb74f9320b401289bfd0a,001,2021-06-05_22h41.30.869,DelayedExp,2020.1.3,MacIntel,60,,,slash,0,153,153,45,1,0.372193724,BORROW,0.930045,,,,,,,,,,,,,,,,,,,,,,,,,,,,,,,,,,,
,,,,,,,,,,,5f1eb74f9320b401289bfd0a,001,2021-06-05_22h41.30.869,DelayedExp,2020.1.3,MacIntel,60,,,slash,0,154,154,7,1,0.772916293,DIRT,0.597415,,,,,,,,,,,,,,,,,,,,,,,,,,,,,,,,,,,
,,,,,,,,,,,5f1eb74f9320b401289bfd0a,001,2021-06-05_22h41.30.869,DelayedExp,2020.1.3,MacIntel,60,,,slash,0,155,155,89,1,0.225802842,CLOSE,0.611745,,,,,,,,,,,,,,,,,,,,,,,,,,,,,,,,,,,
,,,,,,,,,,,5f1eb74f9320b401289bfd0a,001,2021-06-05_22h41.30.869,DelayedExp,2020.1.3,MacIntel,60,,,slash,0,156,156,323,1,0.752914843,GRAVE,1.51114,,,,,,,,,,,,,,,,,,,,,,,,,,,,,,,,,,,
,,,,,,,,,,,5f1eb74f9320b401289bfd0a,001,2021-06-05_22h41.30.869,DelayedExp,2020.1.3,MacIntel,60,,,slash,0,157,157,77,1,0.722906444,THIRST,1.197165,,,,,,,,,,,,,,,,,,,,,,,,,,,,,,,,,,,
,,,,,,,,,,,5f1eb74f9320b401289bfd0a,001,2021-06-05_22h41.30.869,DelayedExp,2020.1.3,MacIntel,60,,,slash,0,158,158,243,1,0.741808225,WARM,0.896395,,,,,,,,,,,,,,,,,,,,,,,,,,,,,,,,,,,
,,,,,,,,,,,5f1eb74f9320b401289bfd0a,001,2021-06-05_22h41.30.869,DelayedExp,2020.1.3,MacIntel,60,,,z,0,159,159,11,1,0.990945607,FIVE,1.245785,,,,,,,,,,,,,,,,,,,,,,,,,,,,,,,,,,,
,,,,,,,,,,,5f1eb74f9320b401289bfd0a,001,2021-06-05_22h41.30.869,DelayedExp,2020.1.3,MacIntel,60,,,slash,0,160,160,288,1,0.439318871,CHILD,1.52036,,,,,,,,,,,,,,,,,,,,,,,,,,,,,,,,,,,
,,,,,,,,,,,5f1eb74f9320b401289bfd0a,001,2021-06-05_22h41.30.869,DelayedExp,2020.1.3,MacIntel,60,,,slash,0,161,161,294,1,0.470676838,NIGHTS,1.412995,,,,,,,,,,,,,,,,,,,,,,,,,,,,,,,,,,,
,,,,,,,,,,,5f1eb74f9320b401289bfd0a,001,2021-06-05_22h41.30.869,DelayedExp,2020.1.3,MacIntel,60,,,slash,0,162,162,173,1,0.226878614,NINE,0.832155,,,,,,,,,,,,,,,,,,,,,,,,,,,,,,,,,,,
,,,,,,,,,,,5f1eb74f9320b401289bfd0a,001,2021-06-05_22h41.30.869,DelayedExp,2020.1.3,MacIntel,60,,,slash,0,163,163,72,1,0.229864241,SQUARE,1.31179,,,,,,,,,,,,,,,,,,,,,,,,,,,,,,,,,,,
,,,,,,,,,,,5f1eb74f9320b401289bfd0a,001,2021-06-05_22h41.30.869,DelayedExp,2020.1.3,MacIntel,60,,,slash,0,164,164,268,1,0.845138213,DRAW,0.811165,,,,,,,,,,,,,,,,,,,,,,,,,,,,,,,,,,,
,,,,,,,,,,,5f1eb74f9320b401289bfd0a,001,2021-06-05_22h41.30.869,DelayedExp,2020.1.3,MacIntel,60,,,slash,0,165,165,262,1,0.768450809,POTATO,0.83008,,,,,,,,,,,,,,,,,,,,,,,,,,,,,,,,,,,
,,,,,,,,,,,5f1eb74f9320b401289bfd0a,001,2021-06-05_22h41.30.869,DelayedExp,2020.1.3,MacIntel,60,,,slash,0,166,166,93,1,0.356605252,ENTER,0.814875,,,,,,,,,,,,,,,,,,,,,,,,,,,,,,,,,,,
,,,,,,,,,,,5f1eb74f9320b401289bfd0a,001,2021-06-05_22h41.30.869,DelayedExp,2020.1.3,MacIntel,60,,,slash,0,167,167,74,1,0.732530315,SUPPER,1.02023,,,,,,,,,,,,,,,,,,,,,,,,,,,,,,,,,,,
,,,,,,,,,,,5f1eb74f9320b401289bfd0a,001,2021-06-05_22h41.30.869,DelayedExp,2020.1.3,MacIntel,60,,,slash,0,168,168,176,1,0.397833275,WATER,1.315665,,,,,,,,,,,,,,,,,,,,,,,,,,,,,,,,,,,
,,,,,,,,,,,5f1eb74f9320b401289bfd0a,001,2021-06-05_22h41.30.869,DelayedExp,2020.1.3,MacIntel,60,,,slash,0,169,169,199,1,0.191406649,SMALL,1.530375,,,,,,,,,,,,,,,,,,,,,,,,,,,,,,,,,,,
,,,,,,,,,,,5f1eb74f9320b401289bfd0a,001,2021-06-05_22h41.30.869,DelayedExp,2020.1.3,MacIntel,60,,,slash,0,170,170,216,1,0.181342252,LETTUCE,2.10133,,,,,,,,,,,,,,,,,,,,,,,,,,,,,,,,,,,
,,,,,,,,,,,5f1eb74f9320b401289bfd0a,001,2021-06-05_22h41.30.869,DelayedExp,2020.1.3,MacIntel,60,,,z,0,171,171,126,1,0.121983524,CHANGE,1.7522,,,,,,,,,,,,,,,,,,,,,,,,,,,,,,,,,,,
,,,,,,,,,,,5f1eb74f9320b401289bfd0a,001,2021-06-05_22h41.30.869,DelayedExp,2020.1.3,MacIntel,60,,,slash,0,172,172,153,1,0.963519542,BEACH,2.678305,,,,,,,,,,,,,,,,,,,,,,,,,,,,,,,,,,,
,,,,,,,,,,,5f1eb74f9320b401289bfd0a,001,2021-06-05_22h41.30.869,DelayedExp,2020.1.3,MacIntel,60,,,slash,0,173,173,228,1,0.461945718,BOARD,1.41217,,,,,,,,,,,,,,,,,,,,,,,,,,,,,,,,,,,
,,,,,,,,,,,5f1eb74f9320b401289bfd0a,001,2021-06-05_22h41.30.869,DelayedExp,2020.1.3,MacIntel,60,,,slash,0,174,174,37,1,0.811017401,SWEET,0.76402,,,,,,,,,,,,,,,,,,,,,,,,,,,,,,,,,,,
,,,,,,,,,,,5f1eb74f9320b401289bfd0a,001,2021-06-05_22h41.30.869,DelayedExp,2020.1.3,MacIntel,60,,,slash,0,175,175,78,1,0.083350371,THREAD,1.98298,,,,,,,,,,,,,,,,,,,,,,,,,,,,,,,,,,,
,,,,,,,,,,,5f1eb74f9320b401289bfd0a,001,2021-06-05_22h41.30.869,DelayedExp,2020.1.3,MacIntel,60,,,z,0,176,176,19,1,0.073746614,KILL,0.96508,,,,,,,,,,,,,,,,,,,,,,,,,,,,,,,,,,,
,,,,,,,,,,,5f1eb74f9320b401289bfd0a,001,2021-06-05_22h41.30.869,DelayedExp,2020.1.3,MacIntel,60,,,slash,0,177,177,16,1,0.237213652,HOTEL,0.90041,,,,,,,,,,,,,,,,,,,,,,,,,,,,,,,,,,,
,,,,,,,,,,,5f1eb74f9320b401289bfd0a,001,2021-06-05_22h41.30.869,DelayedExp,2020.1.3,MacIntel,60,,,slash,0,178,178,68,1,0.125988035,TOUR,2.080855,,,,,,,,,,,,,,,,,,,,,,,,,,,,,,,,,,,
,,,,,,,,,,,5f1eb74f9320b401289bfd0a,001,2021-06-05_22h41.30.869,DelayedExp,2020.1.3,MacIntel,60,,,slash,0,179,179,315,1,0.645549085,SHEEP,1.394525,,,,,,,,,,,,,,,,,,,,,,,,,,,,,,,,,,,
,,,,,,,,,,,5f1eb74f9320b401289bfd0a,001,2021-06-05_22h41.30.869,DelayedExp,2020.1.3,MacIntel,60,,,slash,0,180,180,97,1,0.408270707,GIRLS,1.014585,,,,,,,,,,,,,,,,,,,,,,,,,,,,,,,,,,,
,,,,,,,,,,,5f1eb74f9320b401289bfd0a,001,2021-06-05_22h41.30.869,DelayedExp,2020.1.3,MacIntel,60,,,slash,0,181,181,312,1,0.180128071,UNDER,1.92971,,,,,,,,,,,,,,,,,,,,,,,,,,,,,,,,,,,
,,,,,,,,,,,5f1eb74f9320b401289bfd0a,001,2021-06-05_22h41.30.869,DelayedExp,2020.1.3,MacIntel,60,,,slash,0,182,182,242,1,0.154783212,VOLCANO,1.17767,,,,,,,,,,,,,,,,,,,,,,,,,,,,,,,,,,,
,,,,,,,,,,,5f1eb74f9320b401289bfd0a,001,2021-06-05_22h41.30.869,DelayedExp,2020.1.3,MacIntel,60,,,z,0,183,183,119,1,0.68933552,THROW,1.635365,,,,,,,,,,,,,,,,,,,,,,,,,,,,,,,,,,,
,,,,,,,,,,,5f1eb74f9320b401289bfd0a,001,2021-06-05_22h41.30.869,DelayedExp,2020.1.3,MacIntel,60,,,slash,0,184,184,265,1,0.119631431,PACKAGE,0.913375,,,,,,,,,,,,,,,,,,,,,,,,,,,,,,,,,,,
,,,,,,,,,,,5f1eb74f9320b401289bfd0a,001,2021-06-05_22h41.30.869,DelayedExp,2020.1.3,MacIntel,60,,,slash,0,185,185,331,1,0.350721723,CLIMB,0.912175,,,,,,,,,,,,,,,,,,,,,,,,,,,,,,,,,,,
,,,,,,,,,,,5f1eb74f9320b401289bfd0a,001,2021-06-05_22h41.30.869,DelayedExp,2020.1.3,MacIntel,60,,,slash,0,186,186,5,1,0.672348018,DEAF,0.680075,,,,,,,,,,,,,,,,,,,,,,,,,,,,,,,,,,,
,,,,,,,,,,,5f1eb74f9320b401289bfd0a,001,2021-06-05_22h41.30.869,DelayedExp,2020.1.3,MacIntel,60,,,slash,0,187,187,266,1,0.280803551,REAL,0.628175,,,,,,,,,,,,,,,,,,,,,,,,,,,,,,,,,,,
,,,,,,,,,,,5f1eb74f9320b401289bfd0a,001,2021-06-05_22h41.30.869,DelayedExp,2020.1.3,MacIntel,60,,,slash,0,188,188,239,1,0.859566691,LOVE,0.646325,,,,,,,,,,,,,,,,,,,,,,,,,,,,,,,,,,,
,,,,,,,,,,,5f1eb74f9320b401289bfd0a,001,2021-06-05_22h41.30.869,DelayedExp,2020.1.3,MacIntel,60,,,z,0,189,189,319,1,0.496843659,STUPID,1.145435,,,,,,,,,,,,,,,,,,,,,,,,,,,,,,,,,,,
,,,,,,,,,,,5f1eb74f9320b401289bfd0a,001,2021-06-05_22h41.30.869,DelayedExp,2020.1.3,MacIntel,60,,,slash,0,190,190,63,1,0.90630703,PAIN,1.132445,,,,,,,,,,,,,,,,,,,,,,,,,,,,,,,,,,,
,,,,,,,,,,,5f1eb74f9320b401289bfd0a,001,2021-06-05_22h41.30.869,DelayedExp,2020.1.3,MacIntel,60,,,slash,0,191,191,274,1,0.176981717,SHALLOW,0.927825,,,,,,,,,,,,,,,,,,,,,,,,,,,,,,,,,,,
,,,,,,,,,,,5f1eb74f9320b401289bfd0a,001,2021-06-05_22h41.30.869,DelayedExp,2020.1.3,MacIntel,60,,,slash,0,192,192,100,1,0.655582154,LEAVES,1.112305,,,,,,,,,,,,,,,,,,,,,,,,,,,,,,,,,,,
,,,,,,,,,,,5f1eb74f9320b401289bfd0a,001,2021-06-05_22h41.30.869,DelayedExp,2020.1.3,MacIntel,60,,,slash,0,193,193,61,1,0.114204089,NAVY,2.314945,,,,,,,,,,,,,,,,,,,,,,,,,,,,,,,,,,,
,,,,,,,,,,,5f1eb74f9320b401289bfd0a,001,2021-06-05_22h41.30.869,DelayedExp,2020.1.3,MacIntel,60,,,z,0,194,194,273,1,0.869923532,PURPOSE,2.30103,,,,,,,,,,,,,,,,,,,,,,,,,,,,,,,,,,,
,,,,,,,,,,,5f1eb74f9320b401289bfd0a,001,2021-06-05_22h41.30.869,DelayedExp,2020.1.3,MacIntel,60,,,slash,0,195,195,306,1,0.37743271,LIGHT,1.25008,,,,,,,,,,,,,,,,,,,,,,,,,,,,,,,,,,,
,,,,,,,,,,,5f1eb74f9320b401289bfd0a,001,2021-06-05_22h41.30.869,DelayedExp,2020.1.3,MacIntel,60,,,slash,0,196,196,280,1,0.045251049,EXACT,1.965455,,,,,,,,,,,,,,,,,,,,,,,,,,,,,,,,,,,
,,,,,,,,,,,5f1eb74f9320b401289bfd0a,001,2021-06-05_22h41.30.869,DelayedExp,2020.1.3,MacIntel,60,,,z,0,197,197,42,1,0.103207997,ALIVE,1.079555,,,,,,,,,,,,,,,,,,,,,,,,,,,,,,,,,,,
,,,,,,,,,,,5f1eb74f9320b401289bfd0a,001,2021-06-05_22h41.30.869,DelayedExp,2020.1.3,MacIntel,60,,,slash,0,198,198,47,1,0.431134502,BUCKET,1.24893,,,,,,,,,,,,,,,,,,,,,,,,,,,,,,,,,,,
,,,,,,,,,,,5f1eb74f9320b401289bfd0a,001,2021-06-05_22h41.30.869,DelayedExp,2020.1.3,MacIntel,60,,,slash,0,199,199,159,1,0.74197637,FISH,0.897585,,,,,,,,,,,,,,,,,,,,,,,,,,,,,,,,,,,
,,,,,,,,,,,5f1eb74f9320b401289bfd0a,001,2021-06-05_22h41.30.869,DelayedExp,2020.1.3,MacIntel,60,,,slash,0,200,200,287,1,0.157912468,YOUNG,0.911865,,,,,,,,,,,,,,,,,,,,,,,,,,,,,,,,,,,
,,,,,,,,,,,5f1eb74f9320b401289bfd0a,001,2021-06-05_22h41.30.869,DelayedExp,2020.1.3,MacIntel,60,,,slash,0,201,201,220,1,0.585266459,TALK,0.81278,,,,,,,,,,,,,,,,,,,,,,,,,,,,,,,,,,,
,,,,,,,,,,,5f1eb74f9320b401289bfd0a,001,2021-06-05_22h41.30.869,DelayedExp,2020.1.3,MacIntel,60,,,z,0,202,202,235,1,0.146098407,HEAR,2.191515,,,,,,,,,,,,,,,,,,,,,,,,,,,,,,,,,,,
,,,,,,,,,,,5f1eb74f9320b401289bfd0a,001,2021-06-05_22h41.30.869,DelayedExp,2020.1.3,MacIntel,60,,,slash,0,203,203,279,1,0.47019639,PLANE ,0.402305,,,,,,,,,,,,,,,,,,,,,,,,,,,,,,,,,,,
,,,,,,,,,,,5f1eb74f9320b401289bfd0a,001,2021-06-05_22h41.30.869,DelayedExp,2020.1.3,MacIntel,60,,,slash,0,204,204,23,1,0.75381934,ROAD,1.08081,,,,,,,,,,,,,,,,,,,,,,,,,,,,,,,,,,,
,,,,,,,,,,,5f1eb74f9320b401289bfd0a,001,2021-06-05_22h41.30.869,DelayedExp,2020.1.3,MacIntel,60,,,slash,0,205,205,219,1,0.384924291,MUSIC ,0.681075,,,,,,,,,,,,,,,,,,,,,,,,,,,,,,,,,,,
,,,,,,,,,,,5f1eb74f9320b401289bfd0a,001,2021-06-05_22h41.30.869,DelayedExp,2020.1.3,MacIntel,60,,,slash,0,206,206,21,1,0.817537999,LAKE,1.20136,,,,,,,,,,,,,,,,,,,,,,,,,,,,,,,,,,,
,,,,,,,,,,,5f1eb74f9320b401289bfd0a,001,2021-06-05_22h41.30.869,DelayedExp,2020.1.3,MacIntel,60,,,z,0,207,207,59,1,0.622354057,MIDDLE,1.148505,,,,,,,,,,,,,,,,,,,,,,,,,,,,,,,,,,,
,,,,,,,,,,,5f1eb74f9320b401289bfd0a,001,2021-06-05_22h41.30.869,DelayedExp,2020.1.3,MacIntel,60,,,z,0,208,208,15,1,0.767362569,HOOP,1.554255,,,,,,,,,,,,,,,,,,,,,,,,,,,,,,,,,,,
,,,,,,,,,,,5f1eb74f9320b401289bfd0a,001,2021-06-05_22h41.30.869,DelayedExp,2020.1.3,MacIntel,60,,,slash,0,209,209,94,1,0.032716766,FENCE,1.9482,,,,,,,,,,,,,,,,,,,,,,,,,,,,,,,,,,,
,,,,,,,,,,,5f1eb74f9320b401289bfd0a,001,2021-06-05_22h41.30.869,DelayedExp,2020.1.3,MacIntel,60,,,slash,0,210,210,238,1,0.928411832,HAPPY,0.84898,,,,,,,,,,,,,,,,,,,,,,,,,,,,,,,,,,,
,,,,,,,,,,,5f1eb74f9320b401289bfd0a,001,2021-06-05_22h41.30.869,DelayedExp,2020.1.3,MacIntel,60,,,slash,0,211,211,229,1,0.863538948,STREET,1.897405,,,,,,,,,,,,,,,,,,,,,,,,,,,,,,,,,,,
,,,,,,,,,,,5f1eb74f9320b401289bfd0a,001,2021-06-05_22h41.30.869,DelayedExp,2020.1.3,MacIntel,60,,,slash,0,212,212,122,1,0.850519608,WHERE,0.88458,,,,,,,,,,,,,,,,,,,,,,,,,,,,,,,,,,,
,,,,,,,,,,,5f1eb74f9320b401289bfd0a,001,2021-06-05_22h41.30.869,DelayedExp,2020.1.3,MacIntel,60,,,slash,0,213,213,62,1,0.365921469,NOSE,0.9215,,,,,,,,,,,,,,,,,,,,,,,,,,,,,,,,,,,
,,,,,,,,,,,5f1eb74f9320b401289bfd0a,001,2021-06-05_22h41.30.869,DelayedExp,2020.1.3,MacIntel,60,,,slash,0,214,214,291,1,0.807266811,SLIDE,0.713005,,,,,,,,,,,,,,,,,,,,,,,,,,,,,,,,,,,
,,,,,,,,,,,5f1eb74f9320b401289bfd0a,001,2021-06-05_22h41.30.869,DelayedExp,2020.1.3,MacIntel,60,,,slash,0,215,215,188,1,0.312944791,ONCE,2.131265,,,,,,,,,,,,,,,,,,,,,,,,,,,,,,,,,,,
,,,,,,,,,,,5f1eb74f9320b401289bfd0a,001,2021-06-05_22h41.30.869,DelayedExp,2020.1.3,MacIntel,60,,,slash,0,216,216,51,1,0.207299492,CHAIN,0.93492,,,,,,,,,,,,,,,,,,,,,,,,,,,,,,,,,,,
,,,,,,,,,,,5f1eb74f9320b401289bfd0a,001,2021-06-05_22h41.30.869,DelayedExp,2020.1.3,MacIntel,60,,,slash,0,217,217,237,1,0.566160346,MAGIC,0.847685,,,,,,,,,,,,,,,,,,,,,,,,,,,,,,,,,,,
,,,,,,,,,,,5f1eb74f9320b401289bfd0a,001,2021-06-05_22h41.30.869,DelayedExp,2020.1.3,MacIntel,60,,,z,0,218,218,20,1,0.806909613,KISS,1.114975,,,,,,,,,,,,,,,,,,,,,,,,,,,,,,,,,,,
,,,,,,,,,,,5f1eb74f9320b401289bfd0a,001,2021-06-05_22h41.30.869,DelayedExp,2020.1.3,MacIntel,60,,,slash,0,219,219,29,1,0.170546156,POUND,0.764485,,,,,,,,,,,,,,,,,,,,,,,,,,,,,,,,,,,
,,,,,,,,,,,5f1eb74f9320b401289bfd0a,001,2021-06-05_22h41.30.869,DelayedExp,2020.1.3,MacIntel,60,,,z,0,220,220,257,1,0.166037545,SPIT,1.46386,,,,,,,,,,,,,,,,,,,,,,,,,,,,,,,,,,,
,,,,,,,,,,,5f1eb74f9320b401289bfd0a,001,2021-06-05_22h41.30.869,DelayedExp,2020.1.3,MacIntel,60,,,slash,0,221,221,193,1,0.804995998,ALLOW,1.081515,,,,,,,,,,,,,,,,,,,,,,,,,,,,,,,,,,,
,,,,,,,,,,,5f1eb74f9320b401289bfd0a,001,2021-06-05_22h41.30.869,DelayedExp,2020.1.3,MacIntel,60,,,slash,0,222,222,218,1,0.585156293,MAYBE,0.548085,,,,,,,,,,,,,,,,,,,,,,,,,,,,,,,,,,,
,,,,,,,,,,,5f1eb74f9320b401289bfd0a,001,2021-06-05_22h41.30.869,DelayedExp,2020.1.3,MacIntel,60,,,z,0,223,223,300,1,0.880342989,TOWN,1.615675,,,,,,,,,,,,,,,,,,,,,,,,,,,,,,,,,,,
,,,,,,,,,,,5f1eb74f9320b401289bfd0a,001,2021-06-05_22h41.30.869,DelayedExp,2020.1.3,MacIntel,60,,,slash,0,224,224,172,1,0.2900152,PRIDE,0.480815,,,,,,,,,,,,,,,,,,,,,,,,,,,,,,,,,,,
,,,,,,,,,,,5f1eb74f9320b401289bfd0a,001,2021-06-05_22h41.30.869,DelayedExp,2020.1.3,MacIntel,60,,,slash,0,225,225,86,1,0.228342003,BEHIND,0.897125,,,,,,,,,,,,,,,,,,,,,,,,,,,,,,,,,,,
,,,,,,,,,,,5f1eb74f9320b401289bfd0a,001,2021-06-05_22h41.30.869,DelayedExp,2020.1.3,MacIntel,60,,,slash,0,226,226,230,1,0.204536132,HAIR,0.76478,,,,,,,,,,,,,,,,,,,,,,,,,,,,,,,,,,,
,,,,,,,,,,,5f1eb74f9320b401289bfd0a,001,2021-06-05_22h41.30.869,DelayedExp,2020.1.3,MacIntel,60,,,slash,0,227,227,227,1,0.774027327,SWORD,0.89662,,,,,,,,,,,,,,,,,,,,,,,,,,,,,,,,,,,
,,,,,,,,,,,5f1eb74f9320b401289bfd0a,001,2021-06-05_22h41.30.869,DelayedExp,2020.1.3,MacIntel,60,,,slash,0,228,228,64,1,0.94223127,PURPLE,1.21753,,,,,,,,,,,,,,,,,,,,,,,,,,,,,,,,,,,
,,,,,,,,,,,5f1eb74f9320b401289bfd0a,001,2021-06-05_22h41.30.869,DelayedExp,2020.1.3,MacIntel,60,,,z,0,229,229,125,1,0.438481598,YOURS,1.047975,,,,,,,,,,,,,,,,,,,,,,,,,,,,,,,,,,,
,,,,,,,,,,,5f1eb74f9320b401289bfd0a,001,2021-06-05_22h41.30.869,DelayedExp,2020.1.3,MacIntel,60,,,slash,0,230,230,333,1,0.442716238,PROPER,1.350225,,,,,,,,,,,,,,,,,,,,,,,,,,,,,,,,,,,
,,,,,,,,,,,5f1eb74f9320b401289bfd0a,001,2021-06-05_22h41.30.869,DelayedExp,2020.1.3,MacIntel,60,,,slash,0,231,231,181,1,0.652963107,BANK,1.23184,,,,,,,,,,,,,,,,,,,,,,,,,,,,,,,,,,,
,,,,,,,,,,,5f1eb74f9320b401289bfd0a,001,2021-06-05_22h41.30.869,DelayedExp,2020.1.3,MacIntel,60,,,slash,0,232,232,310,1,0.231906758,TOOTH,0.901715,,,,,,,,,,,,,,,,,,,,,,,,,,,,,,,,,,,
,,,,,,,,,,,5f1eb74f9320b401289bfd0a,001,2021-06-05_22h41.30.869,DelayedExp,2020.1.3,MacIntel,60,,,slash,0,233,233,244,1,0.291831281,BREAK,0.7815,,,,,,,,,,,,,,,,,,,,,,,,,,,,,,,,,,,
,,,,,,,,,,,5f1eb74f9320b401289bfd0a,001,2021-06-05_22h41.30.869,DelayedExp,2020.1.3,MacIntel,60,,,slash,0,234,234,70,1,0.823002092,SOAP,2.864815,,,,,,,,,,,,,,,,,,,,,,,,,,,,,,,,,,,
,,,,,,,,,,,5f1eb74f9320b401289bfd0a,001,2021-06-05_22h41.30.869,DelayedExp,2020.1.3,MacIntel,60,,,z,0,235,235,210,1,0.329003806,COLLECT,0.931795,,,,,,,,,,,,,,,,,,,,,,,,,,,,,,,,,,,
,,,,,,,,,,,5f1eb74f9320b401289bfd0a,001,2021-06-05_22h41.30.869,DelayedExp,2020.1.3,MacIntel,60,,,slash,0,236,236,270,1,0.820147356,BUSH,0.702265,,,,,,,,,,,,,,,,,,,,,,,,,,,,,,,,,,,
,,,,,,,,,,,5f1eb74f9320b401289bfd0a,001,2021-06-05_22h41.30.869,DelayedExp,2020.1.3,MacIntel,60,,,slash,0,237,237,293,1,0.999836289,NECK,0.731755,,,,,,,,,,,,,,,,,,,,,,,,,,,,,,,,,,,
,,,,,,,,,,,5f1eb74f9320b401289bfd0a,001,2021-06-05_22h41.30.869,DelayedExp,2020.1.3,MacIntel,60,,,slash,0,238,238,313,1,0.66506893,MILK,0.749245,,,,,,,,,,,,,,,,,,,,,,,,,,,,,,,,,,,
,,,,,,,,,,,5f1eb74f9320b401289bfd0a,001,2021-06-05_22h41.30.869,DelayedExp,2020.1.3,MacIntel,60,,,slash,0,239,239,290,1,0.36148772,QUIET,0.68324,,,,,,,,,,,,,,,,,,,,,,,,,,,,,,,,,,,
,,,,,,,,,,,5f1eb74f9320b401289bfd0a,001,2021-06-05_22h41.30.869,DelayedExp,2020.1.3,MacIntel,60,,,slash,0,240,240,152,1,0.65748794,CRACKER,1.24855,,,,,,,,,,,,,,,,,,,,,,,,,,,,,,,,,,,
,,,,,,,,,,,5f1eb74f9320b401289bfd0a,001,2021-06-05_22h41.30.869,DelayedExp,2020.1.3,MacIntel,60,,,z,0,241,241,175,1,0.487151799,ITCH,0.865435,,,,,,,,,,,,,,,,,,,,,,,,,,,,,,,,,,,
,,,,,,,,,,,5f1eb74f9320b401289bfd0a,001,2021-06-05_22h41.30.869,DelayedExp,2020.1.3,MacIntel,60,,,slash,0,242,242,65,1,0.218240095,READ,0.59853,,,,,,,,,,,,,,,,,,,,,,,,,,,,,,,,,,,
,,,,,,,,,,,5f1eb74f9320b401289bfd0a,001,2021-06-05_22h41.30.869,DelayedExp,2020.1.3,MacIntel,60,,,z,0,243,243,101,1,0.521607152,LEMON,1.480535,,,,,,,,,,,,,,,,,,,,,,,,,,,,,,,,,,,
,,,,,,,,,,,5f1eb74f9320b401289bfd0a,001,2021-06-05_22h41.30.869,DelayedExp,2020.1.3,MacIntel,60,,,z,0,244,244,158,1,0.206321793,EGGS,1.16353,,,,,,,,,,,,,,,,,,,,,,,,,,,,,,,,,,,
,,,,,,,,,,,5f1eb74f9320b401289bfd0a,001,2021-06-05_22h41.30.869,DelayedExp,2020.1.3,MacIntel,60,,,slash,0,245,245,146,1,0.140478509,STREAM,1.100475,,,,,,,,,,,,,,,,,,,,,,,,,,,,,,,,,,,
,,,,,,,,,,,5f1eb74f9320b401289bfd0a,001,2021-06-05_22h41.30.869,DelayedExp,2020.1.3,MacIntel,60,,,z,0,246,246,106,1,0.013266111,PEPPER,1.886605,,,,,,,,,,,,,,,,,,,,,,,,,,,,,,,,,,,
,,,,,,,,,,,5f1eb74f9320b401289bfd0a,001,2021-06-05_22h41.30.869,DelayedExp,2020.1.3,MacIntel,60,,,slash,0,247,247,215,1,0.232175276,TREE,0.7476,,,,,,,,,,,,,,,,,,,,,,,,,,,,,,,,,,,
,,,,,,,,,,,5f1eb74f9320b401289bfd0a,001,2021-06-05_22h41.30.869,DelayedExp,2020.1.3,MacIntel,60,,,slash,0,248,248,305,1,0.229839417,WOOD,0.748725,,,,,,,,,,,,,,,,,,,,,,,,,,,,,,,,,,,
,,,,,,,,,,,5f1eb74f9320b401289bfd0a,001,2021-06-05_22h41.30.869,DelayedExp,2020.1.3,MacIntel,60,,,slash,0,249,249,251,1,0.755504853,SMELL,0.681185,,,,,,,,,,,,,,,,,,,,,,,,,,,,,,,,,,,
,,,,,,,,,,,5f1eb74f9320b401289bfd0a,001,2021-06-05_22h41.30.869,DelayedExp,2020.1.3,MacIntel,60,,,slash,0,250,250,222,1,0.174208109,CLEAR,0.98162,,,,,,,,,,,,,,,,,,,,,,,,,,,,,,,,,,,
,,,,,,,,,,,5f1eb74f9320b401289bfd0a,001,2021-06-05_22h41.30.869,DelayedExp,2020.1.3,MacIntel,60,,,z,0,251,251,165,1,0.761584316,HORN,0.74751,,,,,,,,,,,,,,,,,,,,,,,,,,,,,,,,,,,
,,,,,,,,,,,5f1eb74f9320b401289bfd0a,001,2021-06-05_22h41.30.869,DelayedExp,2020.1.3,MacIntel,60,,,slash,0,252,252,55,1,0.847502284,KIDNAP,0.51556,,,,,,,,,,,,,,,,,,,,,,,,,,,,,,,,,,,
,,,,,,,,,,,5f1eb74f9320b401289bfd0a,001,2021-06-05_22h41.30.869,DelayedExp,2020.1.3,MacIntel,60,,,slash,0,253,253,307,1,0.390412025,PENNY,1.29808,,,,,,,,,,,,,,,,,,,,,,,,,,,,,,,,,,,
,,,,,,,,,,,5f1eb74f9320b401289bfd0a,001,2021-06-05_22h41.30.869,DelayedExp,2020.1.3,MacIntel,60,,,slash,0,254,254,49,1,0.205818425,CANDLE,1.39556,,,,,,,,,,,,,,,,,,,,,,,,,,,,,,,,,,,
,,,,,,,,,,,5f1eb74f9320b401289bfd0a,001,2021-06-05_22h41.30.869,DelayedExp,2020.1.3,MacIntel,60,,,z,0,255,255,8,1,0.734539943,STARS,1.416155,,,,,,,,,,,,,,,,,,,,,,,,,,,,,,,,,,,
,,,,,,,,,,,5f1eb74f9320b401289bfd0a,001,2021-06-05_22h41.30.869,DelayedExp,2020.1.3,MacIntel,60,,,slash,0,256,256,240,1,0.608522653,ROOF,0.729795,,,,,,,,,,,,,,,,,,,,,,,,,,,,,,,,,,,
,,,,,,,,,,,5f1eb74f9320b401289bfd0a,001,2021-06-05_22h41.30.869,DelayedExp,2020.1.3,MacIntel,60,,,slash,0,257,257,115,1,0.098200855,SPOON,1.16878,,,,,,,,,,,,,,,,,,,,,,,,,,,,,,,,,,,
,,,,,,,,,,,5f1eb74f9320b401289bfd0a,001,2021-06-05_22h41.30.869,DelayedExp,2020.1.3,MacIntel,60,,,slash,0,258,258,249,1,0.265528704,SOUR,0.73026,,,,,,,,,,,,,,,,,,,,,,,,,,,,,,,,,,,
,,,,,,,,,,,5f1eb74f9320b401289bfd0a,001,2021-06-05_22h41.30.869,DelayedExp,2020.1.3,MacIntel,60,,,slash,0,259,259,156,1,0.965556302,STORY,1.34796,,,,,,,,,,,,,,,,,,,,,,,,,,,,,,,,,,,
,,,,,,,,,,,5f1eb74f9320b401289bfd0a,001,2021-06-05_22h41.30.869,DelayedExp,2020.1.3,MacIntel,60,,,slash,0,260,260,133,1,0.488487033,GUITAR,0.947255,,,,,,,,,,,,,,,,,,,,,,,,,,,,,,,,,,,
,,,,,,,,,,,5f1eb74f9320b401289bfd0a,001,2021-06-05_22h41.30.869,DelayedExp,2020.1.3,MacIntel,60,,,slash,0,261,261,267,1,0.251154165,ANNOY,1.484,,,,,,,,,,,,,,,,,,,,,,,,,,,,,,,,,,,
,,,,,,,,,,,5f1eb74f9320b401289bfd0a,001,2021-06-05_22h41.30.869,DelayedExp,2020.1.3,MacIntel,60,,,slash,0,262,262,135,1,0.258521111,GROSS,0.913915,,,,,,,,,,,,,,,,,,,,,,,,,,,,,,,,,,,
,,,,,,,,,,,5f1eb74f9320b401289bfd0a,001,2021-06-05_22h41.30.869,DelayedExp,2020.1.3,MacIntel,60,,,slash,0,263,263,1,1,0.591883168,BELOW,1.147225,,,,,,,,,,,,,,,,,,,,,,,,,,,,,,,,,,,
,,,,,,,,,,,5f1eb74f9320b401289bfd0a,001,2021-06-05_22h41.30.869,DelayedExp,2020.1.3,MacIntel,60,,,slash,0,264,264,3,1,0.930226099,BRIDE,1.45122,,,,,,,,,,,,,,,,,,,,,,,,,,,,,,,,,,,
,,,,,,,,,,,5f1eb74f9320b401289bfd0a,001,2021-06-05_22h41.30.869,DelayedExp,2020.1.3,MacIntel,60,,,z,0,265,265,147,1,0.678226791,TWELVE,1.148205,,,,,,,,,,,,,,,,,,,,,,,,,,,,,,,,,,,
,,,,,,,,,,,5f1eb74f9320b401289bfd0a,001,2021-06-05_22h41.30.869,DelayedExp,2020.1.3,MacIntel,60,,,slash,0,266,266,317,1,0.760979725,FAKE,0.93801,,,,,,,,,,,,,,,,,,,,,,,,,,,,,,,,,,,
,,,,,,,,,,,5f1eb74f9320b401289bfd0a,001,2021-06-05_22h41.30.869,DelayedExp,2020.1.3,MacIntel,60,,,slash,0,267,267,282,1,0.832454145,MANY,0.746935,,,,,,,,,,,,,,,,,,,,,,,,,,,,,,,,,,,
,,,,,,,,,,,5f1eb74f9320b401289bfd0a,001,2021-06-05_22h41.30.869,DelayedExp,2020.1.3,MacIntel,60,,,slash,0,268,268,263,1,0.53790981,THIN,2.020575,,,,,,,,,,,,,,,,,,,,,,,,,,,,,,,,,,,
,,,,,,,,,,,5f1eb74f9320b401289bfd0a,001,2021-06-05_22h41.30.869,DelayedExp,2020.1.3,MacIntel,60,,,slash,0,269,269,157,1,0.418697772,BOMB,2.02057,,,,,,,,,,,,,,,,,,,,,,,,,,,,,,,,,,,
,,,,,,,,,,,5f1eb74f9320b401289bfd0a,001,2021-06-05_22h41.30.869,DelayedExp,2020.1.3,MacIntel,60,,,slash,0,270,270,322,1,0.978580072,REPEAT,1.397035,,,,,,,,,,,,,,,,,,,,,,,,,,,,,,,,,,,
,,,,,,,,,,,5f1eb74f9320b401289bfd0a,001,2021-06-05_22h41.30.869,DelayedExp,2020.1.3,MacIntel,60,,,slash,0,271,271,12,1,0.88571937,FROG,0.682155,,,,,,,,,,,,,,,,,,,,,,,,,,,,,,,,,,,
,,,,,,,,,,,5f1eb74f9320b401289bfd0a,001,2021-06-05_22h41.30.869,DelayedExp,2020.1.3,MacIntel,60,,,slash,0,272,272,236,1,0.171134895,DESERT,0.94744,,,,,,,,,,,,,,,,,,,,,,,,,,,,,,,,,,,
,,,,,,,,,,,5f1eb74f9320b401289bfd0a,001,2021-06-05_22h41.30.869,DelayedExp,2020.1.3,MacIntel,60,,,slash,0,273,273,207,1,0.102261305,SLEEP,0.76613,,,,,,,,,,,,,,,,,,,,,,,,,,,,,,,,,,,
,,,,,,,,,,,5f1eb74f9320b401289bfd0a,001,2021-06-05_22h41.30.869,DelayedExp,2020.1.3,MacIntel,60,,,z,0,274,274,40,1,0.688159484,WHEAT,1.469185,,,,,,,,,,,,,,,,,,,,,,,,,,,,,,,,,,,
,,,,,,,,,,,5f1eb74f9320b401289bfd0a,001,2021-06-05_22h41.30.869,DelayedExp,2020.1.3,MacIntel,60,,,slash,0,275,275,246,1,0.621310232,NONE,0.851155,,,,,,,,,,,,,,,,,,,,,,,,,,,,,,,,,,,
,,,,,,,,,,,5f1eb74f9320b401289bfd0a,001,2021-06-05_22h41.30.869,DelayedExp,2020.1.3,MacIntel,60,,,slash,0,276,276,145,1,0.237609271,STOP,0.547995,,,,,,,,,,,,,,,,,,,,,,,,,,,,,,,,,,,
,,,,,,,,,,,5f1eb74f9320b401289bfd0a,001,2021-06-05_22h41.30.869,DelayedExp,2020.1.3,MacIntel,60,,,slash,0,277,277,44,1,0.959776627,CLUE,0.83159,,,,,,,,,,,,,,,,,,,,,,,,,,,,,,,,,,,
,,,,,,,,,,,5f1eb74f9320b401289bfd0a,001,2021-06-05_22h41.30.869,DelayedExp,2020.1.3,MacIntel,60,,,slash,0,278,278,304,1,0.830035289,SUBJECT,0.76509,,,,,,,,,,,,,,,,,,,,,,,,,,,,,,,,,,,
,,,,,,,,,,,5f1eb74f9320b401289bfd0a,001,2021-06-05_22h41.30.869,DelayedExp,2020.1.3,MacIntel,60,,,slash,0,279,279,155,1,0.095154608,CHAIR,1.134355,,,,,,,,,,,,,,,,,,,,,,,,,,,,,,,,,,,
,,,,,,,,,,,5f1eb74f9320b401289bfd0a,001,2021-06-05_22h41.30.869,DelayedExp,2020.1.3,MacIntel,60,,,slash,0,280,280,83,1,0.628335846,WINTER,1.084415,,,,,,,,,,,,,,,,,,,,,,,,,,,,,,,,,,,
,,,,,,,,,,,5f1eb74f9320b401289bfd0a,001,2021-06-05_22h41.30.869,DelayedExp,2020.1.3,MacIntel,60,,,slash,0,281,281,117,1,0.662095356,TEETH,0.6845,,,,,,,,,,,,,,,,,,,,,,,,,,,,,,,,,,,
,,,,,,,,,,,5f1eb74f9320b401289bfd0a,001,2021-06-05_22h41.30.869,DelayedExp,2020.1.3,MacIntel,60,,,slash,0,282,282,127,1,0.84080731,CHEESE,3.34844,,,,,,,,,,,,,,,,,,,,,,,,,,,,,,,,,,,
,,,,,,,,,,,5f1eb74f9320b401289bfd0a,001,2021-06-05_22h41.30.869,DelayedExp,2020.1.3,MacIntel,60,,,slash,0,283,283,143,1,0.836621785,SMOOTH,1.43004,,,,,,,,,,,,,,,,,,,,,,,,,,,,,,,,,,,
,,,,,,,,,,,5f1eb74f9320b401289bfd0a,001,2021-06-05_22h41.30.869,DelayedExp,2020.1.3,MacIntel,60,,,slash,0,284,284,99,1,0.276937663,HORSE,1.41448,,,,,,,,,,,,,,,,,,,,,,,,,,,,,,,,,,,
,,,,,,,,,,,5f1eb74f9320b401289bfd0a,001,2021-06-05_22h41.30.869,DelayedExp,2020.1.3,MacIntel,60,,,slash,0,285,285,297,1,0.329692231,STRESS,1.446965,,,,,,,,,,,,,,,,,,,,,,,,,,,,,,,,,,,
,,,,,,,,,,,5f1eb74f9320b401289bfd0a,001,2021-06-05_22h41.30.869,DelayedExp,2020.1.3,MacIntel,60,,,z,0,286,286,141,1,0.039524914,SELLER,1.42798,,,,,,,,,,,,,,,,,,,,,,,,,,,,,,,,,,,
,,,,,,,,,,,5f1eb74f9320b401289bfd0a,001,2021-06-05_22h41.30.869,DelayedExp,2020.1.3,MacIntel,60,,,z,0,287,287,134,1,0.498263926,OUTTAKE,1.497845,,,,,,,,,,,,,,,,,,,,,,,,,,,,,,,,,,,
,,,,,,,,,,,5f1eb74f9320b401289bfd0a,001,2021-06-05_22h41.30.869,DelayedExp,2020.1.3,MacIntel,60,,,slash,0,288,288,271,1,0.488682014,EXCUSE,0.764915,,,,,,,,,,,,,,,,,,,,,,,,,,,,,,,,,,,
,,,,,,,,,,,5f1eb74f9320b401289bfd0a,001,2021-06-05_22h41.30.869,DelayedExp,2020.1.3,MacIntel,60,,,slash,0,289,289,232,1,0.742775951,TAKE,0.731125,,,,,,,,,,,,,,,,,,,,,,,,,,,,,,,,,,,
,,,,,,,,,,,5f1eb74f9320b401289bfd0a,001,2021-06-05_22h41.30.869,DelayedExp,2020.1.3,MacIntel,60,,,slash,0,290,290,196,1,0.439241736,BOSS,0.74839,,,,,,,,,,,,,,,,,,,,,,,,,,,,,,,,,,,
,,,,,,,,,,,5f1eb74f9320b401289bfd0a,001,2021-06-05_22h41.30.869,DelayedExp,2020.1.3,MacIntel,60,,,slash,0,291,291,66,1,0.644718582,MOST,0.7985,,,,,,,,,,,,,,,,,,,,,,,,,,,,,,,,,,,
,,,,,,,,,,,5f1eb74f9320b401289bfd0a,001,2021-06-05_22h41.30.869,DelayedExp,2020.1.3,MacIntel,60,,,slash,0,292,292,209,1,0.590464133,CARRY,1.51437,,,,,,,,,,,,,,,,,,,,,,,,,,,,,,,,,,,
,,,,,,,,,,,5f1eb74f9320b401289bfd0a,001,2021-06-05_22h41.30.869,DelayedExp,2020.1.3,MacIntel,60,,,slash,0,293,293,163,1,0.484391305,PICKLE,1.230815,,,,,,,,,,,,,,,,,,,,,,,,,,,,,,,,,,,
,,,,,,,,,,,5f1eb74f9320b401289bfd0a,001,2021-06-05_22h41.30.869,DelayedExp,2020.1.3,MacIntel,60,,,z,0,294,294,162,1,0.263908753,CLAM,1.31718,,,,,,,,,,,,,,,,,,,,,,,,,,,,,,,,,,,
,,,,,,,,,,,5f1eb74f9320b401289bfd0a,001,2021-06-05_22h41.30.869,DelayedExp,2020.1.3,MacIntel,60,,,slash,0,295,295,264,1,0.953873517,DEATH,1.563975,,,,,,,,,,,,,,,,,,,,,,,,,,,,,,,,,,,
,,,,,,,,,,,5f1eb74f9320b401289bfd0a,001,2021-06-05_22h41.30.869,DelayedExp,2020.1.3,MacIntel,60,,,slash,0,296,296,217,1,0.635377534,GAME,0.914825,,,,,,,,,,,,,,,,,,,,,,,,,,,,,,,,,,,
,,,,,,,,,,,5f1eb74f9320b401289bfd0a,001,2021-06-05_22h41.30.869,DelayedExp,2020.1.3,MacIntel,60,,,slash,0,297,297,198,1,0.339677471,TIRED,0.83373,,,,,,,,,,,,,,,,,,,,,,,,,,,,,,,,,,,
,,,,,,,,,,,5f1eb74f9320b401289bfd0a,001,2021-06-05_22h41.30.869,DelayedExp,2020.1.3,MacIntel,60,,,z,0,298,298,206,1,0.180692856,MAD,0.88069,,,,,,,,,,,,,,,,,,,,,,,,,,,,,,,,,,,
,,,,,,,,,,,5f1eb74f9320b401289bfd0a,001,2021-06-05_22h41.30.869,DelayedExp,2020.1.3,MacIntel,60,,,slash,0,299,299,272,1,0.799885569,CLOWN,0.99694,,,,,,,,,,,,,,,,,,,,,,,,,,,,,,,,,,,
,,,,,,,,,,,5f1eb74f9320b401289bfd0a,001,2021-06-05_22h41.30.869,DelayedExp,2020.1.3,MacIntel,60,,,slash,0,300,300,326,1,0.226935378,ARMS,1.61545,,,,,,,,,,,,,,,,,,,,,,,,,,,,,,,,,,,
,,,,,,,,,,,5f1eb74f9320b401289bfd0a,001,2021-06-05_22h41.30.869,DelayedExp,2020.1.3,MacIntel,60,,,z,0,301,301,164,1,0.499184699,NICKEL,1.368855,,,,,,,,,,,,,,,,,,,,,,,,,,,,,,,,,,,
,,,,,,,,,,,5f1eb74f9320b401289bfd0a,001,2021-06-05_22h41.30.869,DelayedExp,2020.1.3,MacIntel,60,,,slash,0,302,302,187,1,0.991505378,ENGLISH,1.018635,,,,,,,,,,,,,,,,,,,,,,,,,,,,,,,,,,,
,,,,,,,,,,,5f1eb74f9320b401289bfd0a,001,2021-06-05_22h41.30.869,DelayedExp,2020.1.3,MacIntel,60,,,slash,0,303,303,9,1,0.319978901,DUSK,0.75166,,,,,,,,,,,,,,,,,,,,,,,,,,,,,,,,,,,
,,,,,,,,,,,5f1eb74f9320b401289bfd0a,001,2021-06-05_22h41.30.869,DelayedExp,2020.1.3,MacIntel,60,,,slash,0,304,304,191,1,0.181013519,GLASSES,0.848055,,,,,,,,,,,,,,,,,,,,,,,,,,,,,,,,,,,
,,,,,,,,,,,5f1eb74f9320b401289bfd0a,001,2021-06-05_22h41.30.869,DelayedExp,2020.1.3,MacIntel,60,,,slash,0,305,305,332,1,0.974059223,SPOTS,0.94705,,,,,,,,,,,,,,,,,,,,,,,,,,,,,,,,,,,
,,,,,,,,,,,5f1eb74f9320b401289bfd0a,001,2021-06-05_22h41.30.869,DelayedExp,2020.1.3,MacIntel,60,,,slash,0,306,306,248,1,0.526050867,PROBLEM,0.769005,,,,,,,,,,,,,,,,,,,,,,,,,,,,,,,,,,,
,,,,,,,,,,,5f1eb74f9320b401289bfd0a,001,2021-06-05_22h41.30.869,DelayedExp,2020.1.3,MacIntel,60,,,slash,0,307,307,24,1,0.535356266,LEARN,0.68053,,,,,,,,,,,,,,,,,,,,,,,,,,,,,,,,,,,
,,,,,,,,,,,5f1eb74f9320b401289bfd0a,001,2021-06-05_22h41.30.869,DelayedExp,2020.1.3,MacIntel,60,,,slash,0,308,308,120,1,0.934235852,TIGER,0.884765,,,,,,,,,,,,,,,,,,,,,,,,,,,,,,,,,,,
,,,,,,,,,,,5f1eb74f9320b401289bfd0a,001,2021-06-05_22h41.30.869,DelayedExp,2020.1.3,MacIntel,60,,,slash,0,309,309,52,1,0.364296942,ARGUE,0.965815,,,,,,,,,,,,,,,,,,,,,,,,,,,,,,,,,,,
,,,,,,,,,,,5f1eb74f9320b401289bfd0a,001,2021-06-05_22h41.30.869,DelayedExp,2020.1.3,MacIntel,60,,,z,0,310,310,183,1,0.024613839,UNCLEAR,0.71916,,,,,,,,,,,,,,,,,,,,,,,,,,,,,,,,,,,
,,,,,,,,,,,5f1eb74f9320b401289bfd0a,001,2021-06-05_22h41.30.869,DelayedExp,2020.1.3,MacIntel,60,,,slash,0,311,311,286,1,0.969991653,HATE,0.814665,,,,,,,,,,,,,,,,,,,,,,,,,,,,,,,,,,,
,,,,,,,,,,,5f1eb74f9320b401289bfd0a,001,2021-06-05_22h41.30.869,DelayedExp,2020.1.3,MacIntel,60,,,slash,0,312,312,299,1,0.551741698,MATH,0.570215,,,,,,,,,,,,,,,,,,,,,,,,,,,,,,,,,,,
,,,,,,,,,,,5f1eb74f9320b401289bfd0a,001,2021-06-05_22h41.30.869,DelayedExp,2020.1.3,MacIntel,60,,,slash,0,313,313,92,1,0.347317824,EARLY,1.181505,,,,,,,,,,,,,,,,,,,,,,,,,,,,,,,,,,,
,,,,,,,,,,,5f1eb74f9320b401289bfd0a,001,2021-06-05_22h41.30.869,DelayedExp,2020.1.3,MacIntel,60,,,slash,0,314,314,184,1,0.25753243,SURE,0.569735,,,,,,,,,,,,,,,,,,,,,,,,,,,,,,,,,,,
,,,,,,,,,,,5f1eb74f9320b401289bfd0a,001,2021-06-05_22h41.30.869,DelayedExp,2020.1.3,MacIntel,60,,,slash,0,315,315,33,1,0.657670218,DOOR,0.582095,,,,,,,,,,,,,,,,,,,,,,,,,,,,,,,,,,,
,,,,,,,,,,,5f1eb74f9320b401289bfd0a,001,2021-06-05_22h41.30.869,DelayedExp,2020.1.3,MacIntel,60,,,z,0,316,316,41,1,0.774719699,WORLD,0.61262,,,,,,,,,,,,,,,,,,,,,,,,,,,,,,,,,,,
,,,,,,,,,,,5f1eb74f9320b401289bfd0a,001,2021-06-05_22h41.30.869,DelayedExp,2020.1.3,MacIntel,60,,,slash,0,317,317,296,1,0.044271884,BRAIN,0.649655,,,,,,,,,,,,,,,,,,,,,,,,,,,,,,,,,,,
,,,,,,,,,,,5f1eb74f9320b401289bfd0a,001,2021-06-05_22h41.30.869,DelayedExp,2020.1.3,MacIntel,60,,,slash,0,318,318,88,1,0.827935153,CLOCK,0.579475,,,,,,,,,,,,,,,,,,,,,,,,,,,,,,,,,,,
,,,,,,,,,,,5f1eb74f9320b401289bfd0a,001,2021-06-05_22h41.30.869,DelayedExp,2020.1.3,MacIntel,60,,,slash,0,319,319,138,1,0.399296296,NUMBER,1.415735,,,,,,,,,,,,,,,,,,,,,,,,,,,,,,,,,,,
,,,,,,,,,,,5f1eb74f9320b401289bfd0a,001,2021-06-05_22h41.30.869,DelayedExp,2020.1.3,MacIntel,60,,,slash,0,320,320,123,1,0.581148527,WHOLE,1.020525,,,,,,,,,,,,,,,,,,,,,,,,,,,,,,,,,,,
,,,,,,,,,,,5f1eb74f9320b401289bfd0a,001,2021-06-05_22h41.30.869,DelayedExp,2020.1.3,MacIntel,60,,,z,0,321,321,241,1,0.580617365,CHOOSE,2.680905,,,,,,,,,,,,,,,,,,,,,,,,,,,,,,,,,,,
,,,,,,,,,,,5f1eb74f9320b401289bfd0a,001,2021-06-05_22h41.30.869,DelayedExp,2020.1.3,MacIntel,60,,,slash,0,322,322,179,1,0.623626223,FINISH,1.03113,,,,,,,,,,,,,,,,,,,,,,,,,,,,,,,,,,,
,,,,,,,,,,,5f1eb74f9320b401289bfd0a,001,2021-06-05_22h41.30.869,DelayedExp,2020.1.3,MacIntel,60,,,slash,0,323,323,221,1,0.684596534,FOOD,1.963535,,,,,,,,,,,,,,,,,,,,,,,,,,,,,,,,,,,
,,,,,,,,,,,5f1eb74f9320b401289bfd0a,001,2021-06-05_22h41.30.869,DelayedExp,2020.1.3,MacIntel,60,,,slash,0,324,324,76,1,0.187752518,TEST,1.055115,,,,,,,,,,,,,,,,,,,,,,,,,,,,,,,,,,,
,,,,,,,,,,,5f1eb74f9320b401289bfd0a,001,2021-06-05_22h41.30.869,DelayedExp,2020.1.3,MacIntel,60,,,slash,0,325,325,278,1,0.493656389,KNIFE,1.098525,,,,,,,,,,,,,,,,,,,,,,,,,,,,,,,,,,,
,,,,,,,,,,,5f1eb74f9320b401289bfd0a,001,2021-06-05_22h41.30.869,DelayedExp,2020.1.3,MacIntel,60,,,z,0,326,326,325,1,0.071143329,ROSE,2.26811,,,,,,,,,,,,,,,,,,,,,,,,,,,,,,,,,,,
,,,,,,,,,,,5f1eb74f9320b401289bfd0a,001,2021-06-05_22h41.30.869,DelayedExp,2020.1.3,MacIntel,60,,,slash,0,327,327,71,1,0.31286938,SPIDER,0.81411,,,,,,,,,,,,,,,,,,,,,,,,,,,,,,,,,,,
,,,,,,,,,,,5f1eb74f9320b401289bfd0a,001,2021-06-05_22h41.30.869,DelayedExp,2020.1.3,MacIntel,60,,,slash,0,328,328,26,1,0.374813835,PICTURE,1.3138,,,,,,,,,,,,,,,,,,,,,,,,,,,,,,,,,,,
,,,,,,,,,,,5f1eb74f9320b401289bfd0a,001,2021-06-05_22h41.30.869,DelayedExp,2020.1.3,MacIntel,60,,,slash,0,329,329,226,1,0.48975986,YEAR,0.464945,,,,,,,,,,,,,,,,,,,,,,,,,,,,,,,,,,,
,,,,,,,,,,,5f1eb74f9320b401289bfd0a,001,2021-06-05_22h41.30.869,DelayedExp,2020.1.3,MacIntel,60,,,slash,0,330,330,69,1,0.895309833,SLOW,1.73635,,,,,,,,,,,,,,,,,,,,,,,,,,,,,,,,,,,
,,,,,,,,,,,5f1eb74f9320b401289bfd0a,001,2021-06-05_22h41.30.869,DelayedExp,2020.1.3,MacIntel,60,,,z,0,331,331,67,1,0.062957731,SEEK,1.681465,,,,,,,,,,,,,,,,,,,,,,,,,,,,,,,,,,,
,,,,,,,,,,,5f1eb74f9320b401289bfd0a,001,2021-06-05_22h41.30.869,DelayedExp,2020.1.3,MacIntel,60,,,slash,0,332,332,82,1,0.014768335,WILD,1.498265,,,,,,,,,,,,,,,,,,,,,,,,,,,,,,,,,,,
,,,,,,,,,,,5f1eb74f9320b401289bfd0a,001,2021-06-05_22h41.30.869,DelayedExp,2020.1.3,MacIntel,60,,,z,0,333,333,30,1,0.692372227,SHOES,2.44858,,,,,,,,,,,,,,,,,,,,,,,,,,,,,,,,,,,
,,,,,,,,,,,5f1eb74f9320b401289bfd0a,001,2021-06-05_22h41.30.869,DelayedExp,2020.1.3,MacIntel,60,,,slash,0,334,334,113,1,0.596909304,SHORT,0.746395,,,,,,,,,,,,,,,,,,,,,,,,,,,,,,,,,,,
,,,,,,,,,,,5f1eb74f9320b401289bfd0a,001,2021-06-05_22h41.30.869,DelayedExp,2020.1.3,MacIntel,60,,,slash,0,335,335,327,1,0.406012152,SKIN,0.50132,,,,,,,,,,,,,,,,,,,,,,,,,,,,,,,,,,,
,,,,,,,,,,,5f1eb74f9320b401289bfd0a,001,2021-06-05_22h41.30.869,DelayedExp,2020.1.3,MacIntel,60,,,,,,,,,,,,space,7.389645,CLAW,499.7299999,4967.83,CLAW,0,0,0,0,1,,,,,,,,,,,,,,,,,,,,,,,,
,,,,,,,,,,,5f1eb74f9320b401289bfd0a,001,2021-06-05_22h41.30.869,DelayedExp,2020.1.3,MacIntel,60,,,,,,,,,,,,,,TRAITOR,499.75,3699.535,TRAITOR,1,0,1,0,1,,,,,,,,,,,,,,,,,,,,,,,,
,,,,,,,,,,,5f1eb74f9320b401289bfd0a,001,2021-06-05_22h41.30.869,DelayedExp,2020.1.3,MacIntel,60,,,,,,,,,,,,,,LEND,498.99,2266.53,LEND,2,0,2,0,1,,,,,,,,,,,,,,,,,,,,,,,,
,,,,,,,,,,,5f1eb74f9320b401289bfd0a,001,2021-06-05_22h41.30.869,DelayedExp,2020.1.3,MacIntel,60,,,,,,,,,,,,,,PEEP,500.7900001,3463.095,SLEEP,3,0,3,0,1,,,,,,,,,,,,,,,,,,,,,,,,
,,,,,,,,,,,5f1eb74f9320b401289bfd0a,001,2021-06-05_22h41.30.869,DelayedExp,2020.1.3,MacIntel,60,,,,,,,,,,,,,,FLAK,500.83,2449.67,FLAK,4,0,4,0,1,,,,,,,,,,,,,,,,,,,,,,,,
,,,,,,,,,,,5f1eb74f9320b401289bfd0a,001,2021-06-05_22h41.30.869,DelayedExp,2020.1.3,MacIntel,60,,,,,,,,,,,,,,SPUNK,498.7549999,2866.235,SPUNK,5,0,5,0,1,,,,,,,,,,,,,,,,,,,,,,,,
,,,,,,,,,,,5f1eb74f9320b401289bfd0a,001,2021-06-05_22h41.30.869,DelayedExp,2020.1.3,MacIntel,60,,,,,,,,,,,,,,RESUME,500.2499999,4100.32,RESUME,6,0,6,0,1,,,,,,,,,,,,,,,,,,,,,,,,
,,,,,,,,,,,5f1eb74f9320b401289bfd0a,001,2021-06-05_22h41.30.869,DelayedExp,2020.1.3,MacIntel,60,,,,,,,,,,,,,,HOSTEL,499.755,3099.025,HOTEL,7,0,7,0,1,,,,,,,,,,,,,,,,,,,,,,,,
,,,,,,,,,,,5f1eb74f9320b401289bfd0a,001,2021-06-05_22h41.30.869,DelayedExp,2020.1.3,MacIntel,60,,,,,,,,,,,,,,PIAZZA,499.185,5201.14,PIAZZA,8,0,8,0,1,,,,,,,,,,,,,,,,,,,,,,,,
,,,,,,,,,,,5f1eb74f9320b401289bfd0a,001,2021-06-05_22h41.30.869,DelayedExp,2020.1.3,MacIntel,60,,,,,,,,,,,,,,CHEAT,500.815,2049.25,CHEAT,9,0,9,0,1,,,,,,,,,,,,,,,,,,,,,,,,
,,,,,,,,,,,5f1eb74f9320b401289bfd0a,001,2021-06-05_22h41.30.869,DelayedExp,2020.1.3,MacIntel,60,,,,,,,,,,,,,,OPTION,500.8650001,2283.465,OPTION,10,0,10,0,1,,,,,,,,,,,,,,,,,,,,,,,,
,,,,,,,,,,,5f1eb74f9320b401289bfd0a,001,2021-06-05_22h41.30.869,DelayedExp,2020.1.3,MacIntel,60,,,,,,,,,,,,,,WIND,499.4549999,4483.895,WIND,11,0,11,0,1,,,,,,,,,,,,,,,,,,,,,,,,
,,,,,,,,,,,5f1eb74f9320b401289bfd0a,001,2021-06-05_22h41.30.869,DelayedExp,2020.1.3,MacIntel,60,,,,,,,,,,,,,,TOTALLY,501.1100001,3334.65,TOTALLY,12,0,12,0,1,,,,,,,,,,,,,,,,,,,,,,,,
,,,,,,,,,,,5f1eb74f9320b401289bfd0a,001,2021-06-05_22h41.30.869,DelayedExp,2020.1.3,MacIntel,60,,,,,,,,,,,,,,UNEASY,500.7849999,2534.605,UNEASY,13,0,13,0,1,,,,,,,,,,,,,,,,,,,,,,,,
,,,,,,,,,,,5f1eb74f9320b401289bfd0a,001,2021-06-05_22h41.30.869,DelayedExp,2020.1.3,MacIntel,60,,,,,,,,,,,,,,SPAN,500.1750001,2233.915,SPANS,14,0,14,0,1,,,,,,,,,,,,,,,,,,,,,,,,
,,,,,,,,,,,5f1eb74f9320b401289bfd0a,001,2021-06-05_22h41.30.869,DelayedExp,2020.1.3,MacIntel,60,,,,,,,,,,,,,,CEASE,499.14,2751.64,CEASE,15,0,15,0,1,,,,,,,,,,,,,,,,,,,,,,,,
,,,,,,,,,,,5f1eb74f9320b401289bfd0a,001,2021-06-05_22h41.30.869,DelayedExp,2020.1.3,MacIntel,60,,,,,,,,,,,,,,FOREST,499.5200001,2111.57,FOREST,16,0,16,0,1,,,,,,,,,,,,,,,,,,,,,,,,
,,,,,,,,,,,5f1eb74f9320b401289bfd0a,001,2021-06-05_22h41.30.869,DelayedExp,2020.1.3,MacIntel,60,,,,,,,,,,,,,,VODKA,512.3600001,3167.365,VODKA,17,0,17,0,1,,,,,,,,,,,,,,,,,,,,,,,,
,,,,,,,,,,,5f1eb74f9320b401289bfd0a,001,2021-06-05_22h41.30.869,DelayedExp,2020.1.3,MacIntel,60,,,,,,,,,,,,,,FAUNA,499.4600001,3300.695,FAUNA,18,0,18,0,1,,,,,,,,,,,,,,,,,,,,,,,,
,,,,,,,,,,,5f1eb74f9320b401289bfd0a,001,2021-06-05_22h41.30.869,DelayedExp,2020.1.3,MacIntel,60,,,,,,,,,,,,,,MORAL,500.765,4216.295,MORAL,19,0,19,0,1,,,,,,,,,,,,,,,,,,,,,,,,
,,,,,,,,,,,5f1eb74f9320b401289bfd0a,001,2021-06-05_22h41.30.869,DelayedExp,2020.1.3,MacIntel,60,,,,,,,,,,,,,,REACTOR,500.0400001,3980.845,REACTORS,20,0,20,0,1,,,,,,,,,,,,,,,,,,,,,,,,
,,,,,,,,,,,5f1eb74f9320b401289bfd0a,001,2021-06-05_22h41.30.869,DelayedExp,2020.1.3,MacIntel,60,,,,,,,,,,,,,,SNAP,500.1149999,1832.94,SNAP,21,0,21,0,1,,,,,,,,,,,,,,,,,,,,,,,,
,,,,,,,,,,,5f1eb74f9320b401289bfd0a,001,2021-06-05_22h41.30.869,DelayedExp,2020.1.3,MacIntel,60,,,,,,,,,,,,,,DAMAGE,500.9450001,3917.61,DAMAGE,22,0,22,0,1,,,,,,,,,,,,,,,,,,,,,,,,
,,,,,,,,,,,5f1eb74f9320b401289bfd0a,001,2021-06-05_22h41.30.869,DelayedExp,2020.1.3,MacIntel,60,,,,,,,,,,,,,,CHEER,499.83,1715.545,CHEER,23,0,23,0,1,,,,,,,,,,,,,,,,,,,,,,,,
,,,,,,,,,,,5f1eb74f9320b401289bfd0a,001,2021-06-05_22h41.30.869,DelayedExp,2020.1.3,MacIntel,60,,,,,,,,,,,,,,KEEP,499.7299999,2150.115,KEEP,24,0,24,0,1,,,,,,,,,,,,,,,,,,,,,,,,
,,,,,,,,,,,5f1eb74f9320b401289bfd0a,001,2021-06-05_22h41.30.869,DelayedExp,2020.1.3,MacIntel,60,,,,,,,,,,,,,,SHAVE,500.25,2134.68,SHAVE,25,0,25,0,1,,,,,,,,,,,,,,,,,,,,,,,,
,,,,,,,,,,,5f1eb74f9320b401289bfd0a,001,2021-06-05_22h41.30.869,DelayedExp,2020.1.3,MacIntel,60,,,,,,,,,,,,,,MEET,500.6199999,2884.68,MEET,26,0,26,0,1,,,,,,,,,,,,,,,,,,,,,,,,
,,,,,,,,,,,5f1eb74f9320b401289bfd0a,001,2021-06-05_22h41.30.869,DelayedExp,2020.1.3,MacIntel,60,,,,,,,,,,,,,,ERUPT,501.0350001,2299.2,ERUPT,27,0,27,0,1,,,,,,,,,,,,,,,,,,,,,,,,
,,,,,,,,,,,5f1eb74f9320b401289bfd0a,001,2021-06-05_22h41.30.869,DelayedExp,2020.1.3,MacIntel,60,,,,,,,,,,,,,,LYNX,499.8400001,2783.335,LYNX,28,0,28,0,1,,,,,,,,,,,,,,,,,,,,,,,,
,,,,,,,,,,,5f1eb74f9320b401289bfd0a,001,2021-06-05_22h41.30.869,DelayedExp,2020.1.3,MacIntel,60,,,,,,,,,,,,,,SUIT,499.05,1900.515,SUIT,29,0,29,0,1,,,,,,,,,,,,,,,,,,,,,,,,
,,,,,,,,,,,5f1eb74f9320b401289bfd0a,001,2021-06-05_22h41.30.869,DelayedExp,2020.1.3,MacIntel,60,,,,,,,,,,,,,,TRIVIA,499.77,2719.08,TRIVIA,30,0,30,0,1,,,,,,,,,,,,,,,,,,,,,,,,
,,,,,,,,,,,5f1eb74f9320b401289bfd0a,001,2021-06-05_22h41.30.869,DelayedExp,2020.1.3,MacIntel,60,,,,,,,,,,,,,,PULL,501.7599999,1732.065,PULL,31,0,31,0,1,,,,,,,,,,,,,,,,,,,,,,,,
,,,,,,,,,,,5f1eb74f9320b401289bfd0a,001,2021-06-05_22h41.30.869,DelayedExp,2020.1.3,MacIntel,60,,,,,,,,,,,,,,VOID,500.12,2817.11,VOID,32,0,32,0,1,,,,,,,,,,,,,,,,,,,,,,,,
,,,,,,,,,,,5f1eb74f9320b401289bfd0a,001,2021-06-05_22h41.30.869,DelayedExp,2020.1.3,MacIntel,60,,,,,,,,,,,,,,EFFIGY,500.08,2267.175,EFFIGY,33,0,33,0,1,,,,,,,,,,,,,,,,,,,,,,,,
,,,,,,,,,,,5f1eb74f9320b401289bfd0a,001,2021-06-05_22h41.30.869,DelayedExp,2020.1.3,MacIntel,60,,,,,,,,,,,,,,SPUN,499.48,2902.36,SPUN,34,0,34,0,1,,,,,,,,,,,,,,,,,,,,,,,,
,,,,,,,,,,,5f1eb74f9320b401289bfd0a,001,2021-06-05_22h41.30.869,DelayedExp,2020.1.3,MacIntel,60,,,,,,,,,,,,,,CORNER,500.8400001,2385.22,CORNER,35,0,35,0,1,,,,,,,,,,,,,,,,,,,,,,,,
,,,,,,,,,,,5f1eb74f9320b401289bfd0a,001,2021-06-05_22h41.30.869,DelayedExp,2020.1.3,MacIntel,60,,,,,,,,,,,,,,FREAK,495.82,2477,FREAK,36,0,36,0,1,,,,,,,,,,,,,,,,,,,,,,,,
,,,,,,,,,,,5f1eb74f9320b401289bfd0a,001,2021-06-05_22h41.30.869,DelayedExp,2020.1.3,MacIntel,60,,,,,,,,,,,,,,STARK,500.89,2097.84,STARK,37,0,37,0,1,,,,,,,,,,,,,,,,,,,,,,,,
,,,,,,,,,,,5f1eb74f9320b401289bfd0a,001,2021-06-05_22h41.30.869,DelayedExp,2020.1.3,MacIntel,60,,,,,,,,,,,,,,MUZZLE,499.8199999,7481.025,MUZZLE,38,0,38,0,1,,,,,,,,,,,,,,,,,,,,,,,,
,,,,,,,,,,,5f1eb74f9320b401289bfd0a,001,2021-06-05_22h41.30.869,DelayedExp,2020.1.3,MacIntel,60,,,,,,,,,,,,,,MIDLAND,500.81,3193.845,MIDLAND,39,0,39,0,1,,,,,,,,,,,,,,,,,,,,,,,,
,,,,,,,,,,,5f1eb74f9320b401289bfd0a,001,2021-06-05_22h41.30.869,DelayedExp,2020.1.3,MacIntel,60,,,,,,,,,,,,,,,,,,,,,,,space,8.079825,z,6.46448,z,5.723265,z,2.549235,z,3.1177,2,7800.5,mac,9351.69,chrome,4784.6,,6,0,0,0,0,1,What is your age?
,,,,,,,,,,,5f1eb74f9320b401289bfd0a,001,2021-06-05_22h41.30.869,DelayedExp,2020.1.3,MacIntel,60,,,,,,,,,,,,,,,,,,,,,,,,,,,,,,,,,,,,,,,male,4314,0,1,1,1,1,What is your gender?
,,,,,,,,,,,5f1eb74f9320b401289bfd0a,001,2021-06-05_22h41.30.869,DelayedExp,2020.1.3,MacIntel,60,,,,,,,,,,,,,,,,,,,,,,,,,,,,,,,,,,,,,,,18,15434,0,2,2,2,1,How many years of formal education have you had (consider graduating high school to be 12 years)?
,,,,,,,,,,,5f1eb74f9320b401289bfd0a,001,2021-06-05_22h41.30.869,DelayedExp,2020.1.3,MacIntel,60,,,,,,,,,,,,,,,,,,,,,,,,,,,,,,,,,,,,,,,right,3615,0,3,3,3,1,What is your dominant hand? (Left/Right/Ambidextrous)
,,,,,,,,,,,5f1eb74f9320b401289bfd0a,001,2021-06-05_22h41.30.869,DelayedExp,2020.1.3,MacIntel,60,,,,,,,,,,,,,,,,,,,,,,,,,,,,,,,,,,,,,,,evening,5151,0,4,4,4,1,Please indicate what time of the day you feel most alert (Morning/Afternoon/Evening/No differences)
,,,,,,,,,,,5f1eb74f9320b401289bfd0a,001,2021-06-05_22h41.30.869,DelayedExp,2020.1.3,MacIntel,60,,,,,,,,,,,,,,,,,,,,,,,,,,,,,,,,,,,,,,,prefer not to respond,13215,0,5,5,5,1,"Please indicate which racial categories apply to you, separated by commas (American Indian/Alaskan Native, Asian, Native Hawaiian or Other Pacific Islander, Black/African American, White/Caucasian, More than one race, Prefer Not to Respond)"
,,,,,,,,,,,5f1eb74f9320b401289bfd0a,001,2021-06-05_22h41.30.869,DelayedExp,2020.1.3,MacIntel,60,,,,,,,,,,,,,,,,,,,,,,,,,,,,,,,,,,,,,,,no,3634,0,6,6,6,1,Are you Hispanic or Latino? (Yes/No/Prefer Not to Respond)
,,,,,,,,,,,5f1eb74f9320b401289bfd0a,001,2021-06-05_22h41.30.869,DelayedExp,2020.1.3,MacIntel,60,,,,,,,,,,,,,,,,,,,,,,,,,,,,,,,,,,,,,,,yes,2283,0,7,7,7,1,Is English your First Language? (Yes/No)
,,,,,,,,,,,5f1eb74f9320b401289bfd0a,001,2021-06-05_22h41.30.869,DelayedExp,2020.1.3,MacIntel,60,,,,,,,,,,,,,,,,,,,,,,,,,,,,,,,,,,,,,,,english,20000,0,8,8,8,1,"If you answered ""No"", what is your first language? (Please say English if you answered Yes)"
,,,,,,,,,,,5f1eb74f9320b401289bfd0a,001,2021-06-05_22h41.30.869,DelayedExp,2020.1.3,MacIntel,60,,,,,,,,,,,,,,,,,,,,,,,,,,,,,,,,,,,,,,,yes,3766,0,9,9,9,1,Did you learn English before the age of 5?
,,,,,,,,,,,5f1eb74f9320b401289bfd0a,001,2021-06-05_22h41.30.869,DelayedExp,2020.1.3,MacIntel,60,,,,,,,,,,,,,,,,,,,,,,,,,,,,,,,,,,,,,,,0,7232,0,10,10,10,1,"If you answered ""No"", at what age did you learn English? (Enter 0 if you answered ""Yes"")"
,,,,,,,,,,,5f1eb74f9320b401289bfd0a,001,2021-06-05_22h41.30.869,DelayedExp,2020.1.3,MacIntel,60,,,,,,,,,,,,,,,,,,,,,,,,,,,,,,,,,,,,,,,no,8050,0,11,11,11,1,"Is there anything we should know about, which might have affected your performance during the test session? (e.g., lack of sleep, feeling ill etc.)"
