"RecogWord","key_resp_3.keys","key_resp_3.rt","participant","session","date","expName","psychopyVersion","frameRate","Studied","StudyPosition","Block","WasPrimeOnDay1","Day1PrimeCondition","Day1Prime","Day1PrimeFor","RelatedPrimePresentedonDay1","Day1Position","Day2Position","RecogDecision","WordStatus","Hit","Miss","FalseAlarm","CorrectRejection","Day1Recalled","WithinTrialPrimed","WithinTrialPrimeCondition","CrossTrialPrimed","CrossTrialPrimeCondition"
"BUTTER","z",1.316195,"JT",1,"2021-03-07_18h00.24.039","DelayedExp","2020.1.3",60,NA,NA,NA,NA,NA,NA,NA,NA,NA,NA,"New","New",0,0,0,1,"NotStudied","Unprimed",NA,"Unprimed",NA
"FOOD","slash",1.97133,"JT",1,"2021-03-07_10h11.35.087","DelayedExp","2020.1.3",60,"Studied",2,4,"Identical","Identical","BOARD",NA,NA,"6",NA,"Old","Old",1,0,0,0,"Recalled","WithinTrialPrimed","Identical","CrossTrialPrimed","Identical"
"CASTLE","slash",1.487355,"JT",1,"2021-03-07_10h11.35.088","DelayedExp","2020.1.3",60,"Studied",5,3,NA,"Unrelated","WHEAT",NA,NA,"11,16",NA,"Old","Old",1,0,0,0,"Recalled","WithinTrialPrimed","Unrelated","Unprimed",NA
"FIRE","z",1.02931,"JT",1,"2021-03-07_10h11.35.089","DelayedExp","2020.1.3",60,"Studied",38,3,NA,NA,NA,NA,"BLAZE",NA,NA,"New","Old",0,1,0,0,"NotRecalled","Unprimed",NA,"CrossTrialPrimed","Related"
"YOURS","z",0.84243,"JT",1,"2021-03-07_10h11.35.090","DelayedExp","2020.1.3",60,NA,NA,NA,NA,NA,NA,NA,NA,NA,NA,"New","New",0,0,0,1,"NotStudied","Unprimed",NA,"Unprimed",NA
"HEAD","slash",0.827555,"JT",1,"2021-03-07_10h11.35.091","DelayedExp","2020.1.3",60,"Studied",40,2,NA,"Unrelated","YELLOW",NA,NA,"10","26","Old","Old",1,0,0,0,"Recalled","WithinTrialPrimed","Unrelated","Unprimed",NA
"THREAD","z",0.868215,"JT",1,"2021-03-07_10h11.35.092","DelayedExp","2020.1.3",60,NA,NA,NA,NA,NA,NA,NA,NA,NA,NA,"New","New",0,0,0,1,"NotStudied","Unprimed",NA,"Unprimed",NA
"SWORD","slash",1.411595,"JT",1,"2021-03-07_10h11.35.093","DelayedExp","2020.1.3",60,"Studied",12,4,"Identical",NA,NA,NA,NA,NA,NA,"Old","Old",1,0,0,0,"NotRecalled","Unprimed",NA,"CrossTrialPrimed","Identical"
"FINISH","z",1.04586,"JT",1,"2021-03-07_10h11.35.094","DelayedExp","2020.1.3",60,"Studied",37,3,NA,NA,NA,NA,"DONE",NA,NA,"New","Old",0,1,0,0,"NotRecalled","Unprimed",NA,"CrossTrialPrimed","Related"
"KILL","slash",0.93503,"JT",1,"2021-03-07_10h11.35.095","DelayedExp","2020.1.3",60,NA,NA,NA,"Unrelated",NA,NA,NA,NA,NA,NA,"Old","New",0,0,1,0,"NotStudied","Unprimed",NA,"CrossTrialPrimed","Unrelated"
"BOARD","slash",1.269025,"JT",1,"2021-03-07_10h11.35.096","DelayedExp","2020.1.3",60,"Studied",15,4,"Identical",NA,NA,NA,NA,NA,NA,"Old","Old",1,0,0,0,"NotRecalled","Unprimed",NA,"CrossTrialPrimed","Identical"
"MATH","z",0.74749,"JT",1,"2021-03-07_10h11.35.097","DelayedExp","2020.1.3",60,"Studied",12,2,NA,NA,NA,NA,NA,NA,NA,"New","Old",0,1,0,0,"NotRecalled","Unprimed",NA,"Unprimed",NA
"PURPOSE","slash",1.15941,"JT",1,"2021-03-07_10h11.35.098","DelayedExp","2020.1.3",60,"Studied",42,1,NA,"Unrelated","EARLY",NA,NA,"20",NA,"Old","Old",1,0,0,0,"Recalled","WithinTrialPrimed","Unrelated","Unprimed",NA
"SOUR","slash",0.96425,"JT",1,"2021-03-07_10h11.35.099","DelayedExp","2020.1.3",60,"Studied",11,4,NA,"Identical","FOOD",NA,NA,"5",NA,"Old","Old",1,0,0,0,"Recalled","WithinTrialPrimed","Identical","Unprimed",NA
"CHOOSE","slash",1.222815,"JT",1,"2021-03-07_10h11.35.100","DelayedExp","2020.1.3",60,"Studied",6,4,NA,NA,NA,NA,"PICK",NA,NA,"Old","Old",1,0,0,0,"NotRecalled","Unprimed",NA,"CrossTrialPrimed","Related"
"THIEF","z",0.89272,"JT",1,"2021-03-07_10h11.35.101","DelayedExp","2020.1.3",60,NA,NA,NA,NA,NA,NA,NA,NA,NA,NA,"New","New",0,0,0,1,"NotStudied","Unprimed",NA,"Unprimed",NA
"PAPER","z",1.017115,"JT",1,"2021-03-07_10h11.35.102","DelayedExp","2020.1.3",60,"Studied",26,3,NA,NA,NA,NA,"MARGIN",NA,NA,"New","Old",0,1,0,0,"NotRecalled","Unprimed",NA,"CrossTrialPrimed","Related"
"MAD","z",1.15051,"JT",1,"2021-03-07_10h11.35.103","DelayedExp","2020.1.3",60,"Studied",33,3,NA,"Identical","STICKY",NA,"ANGER","8",NA,"New","Old",0,1,0,0,"Recalled","WithinTrialPrimed","Identical","CrossTrialPrimed","Related"
"SPICE","z",1.909235,"JT",1,"2021-03-07_10h11.35.104","DelayedExp","2020.1.3",60,"Studied",11,3,"Identical",NA,NA,NA,NA,NA,NA,"New","Old",0,1,0,0,"NotRecalled","Unprimed",NA,"CrossTrialPrimed","Identical"
"COLLECT","slash",1.600925,"JT",1,"2021-03-07_10h11.35.105","DelayedExp","2020.1.3",60,"Studied",4,4,NA,NA,NA,NA,"GATHER",NA,NA,"Old","Old",1,0,0,0,"NotRecalled","Unprimed",NA,"CrossTrialPrimed","Related"
"SMELL","slash",1.55948,"JT",1,"2021-03-07_10h11.35.106","DelayedExp","2020.1.3",60,"Studied",26,4,NA,NA,NA,NA,"PERFUME",NA,NA,"Old","Old",1,0,0,0,"NotRecalled","Unprimed",NA,"CrossTrialPrimed","Related"
"STICKY","z",0.82592,"JT",1,"2021-03-07_10h11.35.107","DelayedExp","2020.1.3",60,"Studied",39,4,"Identical",NA,NA,NA,NA,NA,NA,"New","Old",0,1,0,0,"NotRecalled","Unprimed",NA,"CrossTrialPrimed","Identical"
"MUSCLE","z",1.08406,"JT",1,"2021-03-07_10h11.35.108","DelayedExp","2020.1.3",60,NA,NA,NA,NA,NA,NA,NA,NA,NA,NA,"New","New",0,0,0,1,"NotStudied","Unprimed",NA,"Unprimed",NA
"DUSK","z",1.27563,"JT",1,"2021-03-07_10h11.35.109","DelayedExp","2020.1.3",60,NA,NA,NA,NA,NA,NA,NA,NA,NA,NA,"New","New",0,0,0,1,"NotStudied","Unprimed",NA,"Unprimed",NA
"SMILE","slash",0.875425,"JT",1,"2021-03-07_10h11.35.110","DelayedExp","2020.1.3",60,NA,NA,NA,NA,NA,NA,NA,NA,NA,NA,"Old","New",0,0,1,0,"NotStudied","Unprimed",NA,"Unprimed",NA
"FROG","slash",1.38411,"JT",1,"2021-03-07_10h11.35.111","DelayedExp","2020.1.3",60,NA,NA,NA,NA,NA,NA,NA,NA,NA,NA,"Old","New",0,0,1,0,"NotStudied","Unprimed",NA,"Unprimed",NA
"DREAM","z",1.034215,"JT",1,"2021-03-07_10h11.35.112","DelayedExp","2020.1.3",60,NA,NA,NA,"Unrelated",NA,NA,NA,NA,NA,NA,"New","New",0,0,0,1,"NotStudied","Unprimed",NA,"CrossTrialPrimed","Unrelated"
"PROBLEM","slash",1.12606,"JT",1,"2021-03-07_10h11.35.113","DelayedExp","2020.1.3",60,"Studied",5,4,NA,NA,NA,NA,"DILEMMA",NA,NA,"Old","Old",1,0,0,0,"NotRecalled","Unprimed",NA,"CrossTrialPrimed","Related"
"NAVY","z",0.725695,"JT",1,"2021-03-07_10h11.35.114","DelayedExp","2020.1.3",60,NA,NA,NA,NA,NA,NA,NA,NA,NA,NA,"New","New",0,0,0,1,"NotStudied","Unprimed",NA,"Unprimed",NA
"VOTE","slash",0.70872,"JT",1,"2021-03-07_10h11.35.115","DelayedExp","2020.1.3",60,"Studied",1,1,NA,"Unrelated","WHOLE",NA,NA,"2","11","Old","Old",1,0,0,0,"Recalled","WithinTrialPrimed","Unrelated","Unprimed",NA
"FAKE","slash",0.684145,"JT",1,"2021-03-07_10h11.35.116","DelayedExp","2020.1.3",60,"Studied",1,2,NA,"Identical","RULE",NA,NA,"2","5","Old","Old",1,0,0,0,"Recalled","WithinTrialPrimed","Identical","Unprimed",NA
"CORAL","z",0.76722,"JT",1,"2021-03-07_10h11.35.117","DelayedExp","2020.1.3",60,NA,NA,NA,NA,NA,NA,NA,NA,NA,NA,"New","New",0,0,0,1,"NotStudied","Unprimed",NA,"Unprimed",NA
"CHAIR","slash",1.008995,"JT",1,"2021-03-07_10h11.35.118","DelayedExp","2020.1.3",60,NA,NA,NA,"Unrelated",NA,NA,NA,NA,NA,NA,"Old","New",0,0,1,0,"NotStudied","Unprimed",NA,"CrossTrialPrimed","Unrelated"
"GIRLS","z",0.800605,"JT",1,"2021-03-07_10h11.35.119","DelayedExp","2020.1.3",60,NA,NA,NA,NA,NA,NA,NA,NA,NA,NA,"New","New",0,0,0,1,"NotStudied","Unprimed",NA,"Unprimed",NA
"TOCK","z",0.87529,"JT",1,"2021-03-07_10h11.35.120","DelayedExp","2020.1.3",60,"Studied",4,1,NA,NA,NA,NA,"TICK",NA,NA,"New","Old",0,1,0,0,"NotRecalled","Unprimed",NA,"CrossTrialPrimed","Related"
"SHIRT","z",0.74253,"JT",1,"2021-03-07_10h11.35.121","DelayedExp","2020.1.3",60,"Studied",30,2,NA,NA,NA,NA,"BLOUSE",NA,NA,"New","Old",0,1,0,0,"NotRecalled","Unprimed",NA,"CrossTrialPrimed","Related"
"TOES","z",1.902125,"JT",1,"2021-03-07_10h11.35.122","DelayedExp","2020.1.3",60,NA,NA,NA,NA,NA,NA,NA,NA,NA,NA,"New","New",0,0,0,1,"NotStudied","Unprimed",NA,"Unprimed",NA
"SEEK","slash",0.94287,"JT",1,"2021-03-07_10h11.35.123","DelayedExp","2020.1.3",60,NA,NA,NA,"Unrelated",NA,NA,NA,NA,NA,NA,"Old","New",0,0,1,0,"NotStudied","Unprimed",NA,"CrossTrialPrimed","Unrelated"
"CARD","slash",0.76004,"JT",1,"2021-03-07_10h11.35.124","DelayedExp","2020.1.3",60,"Studied",18,1,NA,"Unrelated","WHERE",NA,NA,"4,9","31","Old","Old",1,0,0,0,"Recalled","WithinTrialPrimed","Unrelated","Unprimed",NA
"HOOP","z",0.743105,"JT",1,"2021-03-07_10h11.35.125","DelayedExp","2020.1.3",60,NA,NA,NA,"Unrelated",NA,NA,NA,NA,NA,NA,"New","New",0,0,0,1,"NotStudied","Unprimed",NA,"CrossTrialPrimed","Unrelated"
"TREE","slash",0.6262,"JT",1,"2021-03-07_10h11.35.126","DelayedExp","2020.1.3",60,"Studied",38,4,NA,"Related","ZERO","NONE",NA,"9","28","Old","Old",1,0,0,0,"Recalled","WithinTrialPrimed","Related","Unprimed",NA
"TIGER","slash",0.943215,"JT",1,"2021-03-07_10h11.35.127","DelayedExp","2020.1.3",60,NA,NA,NA,NA,NA,NA,NA,NA,NA,NA,"Old","New",0,0,1,0,"NotStudied","Unprimed",NA,"Unprimed",NA
"BELL","z",0.862545,"JT",1,"2021-03-07_10h11.35.128","DelayedExp","2020.1.3",60,"Studied",27,4,NA,NA,NA,NA,NA,NA,NA,"New","Old",0,1,0,0,"NotRecalled","Unprimed",NA,"Unprimed",NA
"STORE","slash",1.09246,"JT",1,"2021-03-07_10h11.35.129","DelayedExp","2020.1.3",60,"Studied",17,4,NA,NA,NA,NA,NA,NA,NA,"Old","Old",1,0,0,0,"NotRecalled","Unprimed",NA,"Unprimed",NA
"WANT","z",0.87611,"JT",1,"2021-03-07_10h11.35.130","DelayedExp","2020.1.3",60,"Studied",14,3,"Identical",NA,NA,NA,NA,NA,NA,"New","Old",0,1,0,0,"NotRecalled","Unprimed",NA,"CrossTrialPrimed","Identical"
"REAL","z",1.243205,"JT",1,"2021-03-07_10h11.35.131","DelayedExp","2020.1.3",60,"Studied",7,1,NA,NA,NA,NA,"GENUINE",NA,NA,"New","Old",0,1,0,0,"NotRecalled","Unprimed",NA,"CrossTrialPrimed","Related"
"TRAIN","z",0.81856,"JT",1,"2021-03-07_10h11.35.132","DelayedExp","2020.1.3",60,NA,NA,NA,NA,NA,NA,NA,NA,NA,NA,"New","New",0,0,0,1,"NotStudied","Unprimed",NA,"Unprimed",NA
"MOTHER","z",1.537275,"JT",1,"2021-03-07_10h11.35.133","DelayedExp","2020.1.3",60,NA,NA,NA,NA,NA,NA,NA,NA,NA,NA,"New","New",0,0,0,1,"NotStudied","Unprimed",NA,"Unprimed",NA
"SONG","z",1.51484,"JT",1,"2021-03-07_10h11.35.134","DelayedExp","2020.1.3",60,NA,NA,NA,NA,NA,NA,NA,NA,NA,NA,"New","New",0,0,0,1,"NotStudied","Unprimed",NA,"Unprimed",NA
"DOCTOR","slash",0.681615,"JT",1,"2021-03-07_10h11.35.135","DelayedExp","2020.1.3",60,"Studied",5,2,NA,"Identical","CLASS",NA,NA,"4","2","Old","Old",1,0,0,0,"Recalled","WithinTrialPrimed","Identical","Unprimed",NA
"ITCH","z",0.674815,"JT",1,"2021-03-07_10h11.35.136","DelayedExp","2020.1.3",60,"Studied",9,3,"Identical",NA,NA,NA,NA,NA,NA,"New","Old",0,1,0,0,"NotRecalled","Unprimed",NA,"CrossTrialPrimed","Identical"
"SELF","z",1.69762,"JT",1,"2021-03-07_10h11.35.137","DelayedExp","2020.1.3",60,"Studied",41,2,"Identical",NA,NA,NA,NA,NA,NA,"New","Old",0,1,0,0,"NotRecalled","Unprimed",NA,"CrossTrialPrimed","Identical"
"CAMP","z",1.62707,"JT",1,"2021-03-07_10h11.35.138","DelayedExp","2020.1.3",60,NA,NA,NA,NA,NA,NA,NA,NA,NA,NA,"New","New",0,0,0,1,"NotStudied","Unprimed",NA,"Unprimed",NA
"CLUE","z",1.50944,"JT",1,"2021-03-07_10h11.35.139","DelayedExp","2020.1.3",60,NA,NA,NA,NA,NA,NA,NA,NA,NA,NA,"New","New",0,0,0,1,"NotStudied","Unprimed",NA,"Unprimed",NA
"STORY","z",0.95486,"JT",1,"2021-03-07_10h11.35.140","DelayedExp","2020.1.3",60,NA,NA,NA,NA,NA,NA,NA,NA,NA,NA,"New","New",0,0,0,1,"NotStudied","Unprimed",NA,"Unprimed",NA
"YOUNG","slash",0.829535,"JT",1,"2021-03-07_10h11.35.141","DelayedExp","2020.1.3",60,"Studied",39,1,"Identical","Related","SICKLE","CELL",NA,"18",NA,"Old","Old",1,0,0,0,"Recalled","WithinTrialPrimed","Related","CrossTrialPrimed","Identical"
"BREAD","slash",1.24316,"JT",1,"2021-03-07_10h11.35.142","DelayedExp","2020.1.3",60,"Studied",22,2,NA,NA,NA,NA,"LOAF",NA,NA,"Old","Old",1,0,0,0,"NotRecalled","Unprimed",NA,"CrossTrialPrimed","Related"
"TRASH","slash",1.0097,"JT",1,"2021-03-07_10h11.35.143","DelayedExp","2020.1.3",60,NA,NA,NA,NA,NA,NA,NA,NA,NA,NA,"Old","New",0,0,1,0,"NotStudied","Unprimed",NA,"Unprimed",NA
"SELLER","z",0.85959,"JT",1,"2021-03-07_10h11.35.144","DelayedExp","2020.1.3",60,NA,NA,NA,NA,NA,NA,NA,NA,NA,NA,"New","New",0,0,0,1,"NotStudied","Unprimed",NA,"Unprimed",NA
"MONKEY","slash",0.913385,"JT",1,"2021-03-07_10h11.35.145","DelayedExp","2020.1.3",60,"Studied",41,3,NA,"firstword","firstword",NA,NA,"1",NA,"Old","Old",1,0,0,0,"Recalled","WithinTrialPrimed","firstword","Unprimed",NA
"RULE","slash",0.926505,"JT",1,"2021-03-07_10h11.35.146","DelayedExp","2020.1.3",60,"Studied",37,2,"Identical",NA,NA,NA,NA,NA,NA,"Old","Old",1,0,0,0,"NotRecalled","Unprimed",NA,"CrossTrialPrimed","Identical"
"PENCIL","slash",1.00994,"JT",1,"2021-03-07_10h11.35.147","DelayedExp","2020.1.3",60,"Studied",31,3,"Identical","Identical","ITCH",NA,NA,"15",NA,"Old","Old",1,0,0,0,"Recalled","WithinTrialPrimed","Identical","CrossTrialPrimed","Identical"
"CLOWN","slash",1.389175,"JT",1,"2021-03-07_10h11.35.148","DelayedExp","2020.1.3",60,"Studied",38,1,"Identical","Related","BOUNCE","BALL ",NA,"19",NA,"Old","Old",1,0,0,0,"Recalled","WithinTrialPrimed","Related","CrossTrialPrimed","Identical"
"NIGHTS","z",1.00958,"JT",1,"2021-03-07_10h11.35.149","DelayedExp","2020.1.3",60,"Studied",35,2,NA,NA,NA,NA,"DAYS",NA,NA,"New","Old",0,1,0,0,"NotRecalled","Unprimed",NA,"CrossTrialPrimed","Related"
"SPOON","slash",1.55488,"JT",1,"2021-03-07_10h11.35.150","DelayedExp","2020.1.3",60,NA,NA,NA,"Unrelated",NA,NA,NA,NA,NA,NA,"Old","New",0,0,1,0,"NotStudied","Unprimed",NA,"CrossTrialPrimed","Unrelated"
"STRANGE","slash",0.976615,"JT",1,"2021-03-07_10h11.35.151","DelayedExp","2020.1.3",60,"Studied",30,4,NA,NA,NA,NA,"BIZZARE",NA,NA,"Old","Old",1,0,0,0,"NotRecalled","Unprimed",NA,"CrossTrialPrimed","Related"
"HUNGER","slash",0.95866,"JT",1,"2021-03-07_10h11.35.152","DelayedExp","2020.1.3",60,NA,NA,NA,"Unrelated",NA,NA,NA,NA,NA,NA,"Old","New",0,0,1,0,"NotStudied","Unprimed",NA,"CrossTrialPrimed","Unrelated"
"SMALL","slash",0.906585,"JT",1,"2021-03-07_10h11.35.153","DelayedExp","2020.1.3",60,"Studied",19,3,NA,"Identical","WANT",NA,NA,"7",NA,"Old","Old",1,0,0,0,"Recalled","WithinTrialPrimed","Identical","Unprimed",NA
"WEIGHT","z",0.94258,"JT",1,"2021-03-07_10h11.35.154","DelayedExp","2020.1.3",60,NA,NA,NA,NA,NA,NA,NA,NA,NA,NA,"New","New",0,0,0,1,"NotStudied","Unprimed",NA,"Unprimed",NA
"LETTER","slash",0.942255,"JT",1,"2021-03-07_10h11.35.155","DelayedExp","2020.1.3",60,"Studied",16,3,NA,NA,NA,NA,"MAIL",NA,NA,"Old","Old",1,0,0,0,"NotRecalled","Unprimed",NA,"CrossTrialPrimed","Related"
"FIND","slash",1.50064,"JT",1,"2021-03-07_10h11.35.156","DelayedExp","2020.1.3",60,"Studied",35,4,NA,NA,NA,NA,NA,NA,NA,"Old","Old",1,0,0,0,"NotRecalled","Unprimed",NA,"Unprimed",NA
"MANY","z",0.72538,"JT",1,"2021-03-07_10h11.35.157","DelayedExp","2020.1.3",60,"Studied",25,1,"Identical",NA,NA,NA,NA,NA,NA,"New","Old",0,1,0,0,"NotRecalled","Unprimed",NA,"CrossTrialPrimed","Identical"
"THERE","z",1.00873,"JT",1,"2021-03-07_10h11.35.158","DelayedExp","2020.1.3",60,NA,NA,NA,NA,NA,NA,NA,NA,NA,NA,"New","New",0,0,0,1,"NotStudied","Unprimed",NA,"Unprimed",NA
"CLASS","z",1.170345,"JT",1,"2021-03-07_10h11.35.159","DelayedExp","2020.1.3",60,"Studied",23,2,"Identical",NA,NA,NA,NA,NA,NA,"New","Old",0,1,0,0,"NotRecalled","Unprimed",NA,"CrossTrialPrimed","Identical"
"SPIT","slash",0.805635,"JT",1,"2021-03-07_10h11.35.160","DelayedExp","2020.1.3",60,"Studied",5,1,NA,NA,NA,NA,"SALIVA",NA,"41","Old","Old",1,0,0,0,"NotRecalled","Unprimed",NA,"CrossTrialPrimed","Related"
"TWELVE","z",1.010115,"JT",1,"2021-03-07_10h11.35.161","DelayedExp","2020.1.3",60,NA,NA,NA,NA,NA,NA,NA,NA,NA,NA,"New","New",0,0,0,1,"NotStudied","Unprimed",NA,"Unprimed",NA
"JEANS","z",1.050885,"JT",1,"2021-03-07_10h11.35.162","DelayedExp","2020.1.3",60,"Studied",7,3,NA,"Unrelated","KILL",NA,"DENIM","5",NA,"New","Old",0,1,0,0,"Recalled","WithinTrialPrimed","Unrelated","CrossTrialPrimed","Related"
"STREET","z",0.709345,"JT",1,"2021-03-07_10h11.35.163","DelayedExp","2020.1.3",60,"Studied",31,4,"Identical",NA,NA,NA,NA,NA,NA,"New","Old",0,1,0,0,"NotRecalled","Unprimed",NA,"CrossTrialPrimed","Identical"
"STATES","z",1.256565,"JT",1,"2021-03-07_10h11.35.164","DelayedExp","2020.1.3",60,NA,NA,NA,NA,NA,NA,NA,NA,NA,NA,"New","New",0,0,0,1,"NotStudied","Unprimed",NA,"Unprimed",NA
"BIRD","slash",1.27254,"JT",1,"2021-03-07_10h11.35.165","DelayedExp","2020.1.3",60,NA,NA,NA,NA,NA,NA,NA,NA,NA,NA,"Old","New",0,0,1,0,"NotStudied","Unprimed",NA,"Unprimed",NA
"TOUCH","slash",1.109285,"JT",1,"2021-03-07_10h11.35.166","DelayedExp","2020.1.3",60,"Studied",25,2,NA,NA,NA,NA,"CARESS",NA,NA,"Old","Old",1,0,0,0,"NotRecalled","Unprimed",NA,"CrossTrialPrimed","Related"
"THROW","slash",1.537255,"JT",1,"2021-03-07_10h11.35.167","DelayedExp","2020.1.3",60,NA,NA,NA,NA,NA,NA,NA,NA,NA,NA,"Old","New",0,0,1,0,"NotStudied","Unprimed",NA,"Unprimed",NA
"CLIMB","slash",0.80115,"JT",1,"2021-03-07_10h11.35.168","DelayedExp","2020.1.3",60,"Studied",2,2,"Identical",NA,NA,NA,NA,NA,"3","Old","Old",1,0,0,0,"NotRecalled","Unprimed",NA,"CrossTrialPrimed","Identical"
"MEAN","slash",0.78465,"JT",1,"2021-03-07_10h11.35.169","DelayedExp","2020.1.3",60,NA,NA,NA,"Unrelated",NA,NA,NA,NA,NA,NA,"Old","New",0,0,1,0,"NotStudied","Unprimed",NA,"CrossTrialPrimed","Unrelated"
"SOUTH","z",0.77656,"JT",1,"2021-03-07_10h11.35.170","DelayedExp","2020.1.3",60,NA,NA,NA,NA,NA,NA,NA,NA,NA,NA,"New","New",0,0,0,1,"NotStudied","Unprimed",NA,"Unprimed",NA
"WATER","z",1.143075,"JT",1,"2021-03-07_10h11.35.171","DelayedExp","2020.1.3",60,"Studied",28,3,NA,NA,NA,NA,NA,NA,NA,"New","Old",0,1,0,0,"NotRecalled","Unprimed",NA,"Unprimed",NA
"MOVE","slash",1.297135,"JT",1,"2021-03-07_10h11.35.172","DelayedExp","2020.1.3",60,"Studied",11,2,NA,NA,NA,NA,"SHIFT",NA,NA,"Old","Old",1,0,0,0,"NotRecalled","Unprimed",NA,"CrossTrialPrimed","Related"
"SLIDE","slash",0.80939,"JT",1,"2021-03-07_10h11.35.173","DelayedExp","2020.1.3",60,"Studied",20,1,NA,"Unrelated","SHOVE",NA,NA,"15","10","Old","Old",1,0,0,0,"Recalled","WithinTrialPrimed","Unrelated","Unprimed",NA
"PLAN","slash",0.80994,"JT",1,"2021-03-07_10h11.35.174","DelayedExp","2020.1.3",60,"Studied",23,3,NA,NA,NA,NA,"SCHEME",NA,NA,"Old","Old",1,0,0,0,"NotRecalled","Unprimed",NA,"CrossTrialPrimed","Related"
"BUSH","z",1.42689,"JT",1,"2021-03-07_10h11.35.175","DelayedExp","2020.1.3",60,"Studied",35,1,NA,NA,NA,NA,"HEDGE",NA,NA,"New","Old",0,1,0,0,"NotRecalled","Unprimed",NA,"CrossTrialPrimed","Related"
"PICKLE","z",1.139195,"JT",1,"2021-03-07_10h11.35.176","DelayedExp","2020.1.3",60,NA,NA,NA,NA,NA,NA,NA,NA,NA,NA,"New","New",0,0,0,1,"NotStudied","Unprimed",NA,"Unprimed",NA
"CLEAR","z",1.443015,"JT",1,"2021-03-07_10h11.35.177","DelayedExp","2020.1.3",60,"Studied",18,4,NA,NA,NA,NA,"CLARIFY",NA,NA,"New","Old",0,1,0,0,"NotRecalled","Unprimed",NA,"CrossTrialPrimed","Related"
"PAIN","slash",1.14308,"JT",1,"2021-03-07_10h11.35.178","DelayedExp","2020.1.3",60,NA,NA,NA,"Unrelated",NA,NA,NA,NA,NA,NA,"Old","New",0,0,1,0,"NotStudied","Unprimed",NA,"CrossTrialPrimed","Unrelated"
"LOOK","slash",1.801105,"JT",1,"2021-03-07_10h11.35.179","DelayedExp","2020.1.3",60,NA,NA,NA,NA,NA,NA,NA,NA,NA,NA,"Old","New",0,0,1,0,"NotStudied","Unprimed",NA,"Unprimed",NA
"SOAP","z",0.951025,"JT",1,"2021-03-07_10h11.35.180","DelayedExp","2020.1.3",60,NA,NA,NA,"Unrelated",NA,NA,NA,NA,NA,NA,"New","New",0,0,0,1,"NotStudied","Unprimed",NA,"CrossTrialPrimed","Unrelated"
"BLACK","slash",1.98502,"JT",1,"2021-03-07_10h11.35.181","DelayedExp","2020.1.3",60,NA,NA,NA,"Unrelated",NA,NA,NA,NA,NA,NA,"Old","New",0,0,1,0,"NotStudied","Unprimed",NA,"CrossTrialPrimed","Unrelated"
"STUPID","slash",0.95163,"JT",1,"2021-03-07_10h11.35.182","DelayedExp","2020.1.3",60,"Studied",7,2,NA,"Unrelated","GROSS",NA,NA,"5","25","Old","Old",1,0,0,0,"Recalled","WithinTrialPrimed","Unrelated","Unprimed",NA
"SLEEP","slash",1.08589,"JT",1,"2021-03-07_10h11.35.183","DelayedExp","2020.1.3",60,"Studied",2,3,"Identical","Related","ALLERGY","SNEEZE",NA,"9",NA,"Old","Old",1,0,0,0,"Recalled","WithinTrialPrimed","Related","CrossTrialPrimed","Identical"
"NECK","slash",1.246415,"JT",1,"2021-03-07_10h11.35.184","DelayedExp","2020.1.3",60,"Studied",13,1,NA,NA,NA,NA,NA,NA,NA,"Old","Old",1,0,0,0,"NotRecalled","Unprimed",NA,"Unprimed",NA
"QUEEN","slash",1.07644,"JT",1,"2021-03-07_10h11.35.185","DelayedExp","2020.1.3",60,NA,NA,NA,"Unrelated",NA,NA,NA,NA,NA,NA,"Old","New",0,0,1,0,"NotStudied","Unprimed",NA,"CrossTrialPrimed","Unrelated"
"WORLD","z",1.209655,"JT",1,"2021-03-07_10h11.35.186","DelayedExp","2020.1.3",60,NA,NA,NA,NA,NA,NA,NA,NA,NA,NA,"New","New",0,0,0,1,"NotStudied","Unprimed",NA,"Unprimed",NA
"MINIMUM","slash",2.494565,"JT",1,"2021-03-07_10h11.35.187","DelayedExp","2020.1.3",60,"Studied",32,3,NA,NA,NA,NA,NA,NA,NA,"Old","Old",1,0,0,0,"NotRecalled","Unprimed",NA,"Unprimed",NA
"GLORY","z",0.820975,"JT",1,"2021-03-07_10h11.35.188","DelayedExp","2020.1.3",60,NA,NA,NA,"Unrelated",NA,NA,NA,NA,NA,NA,"New","New",0,0,0,1,"NotStudied","Unprimed",NA,"CrossTrialPrimed","Unrelated"
"WINTER","z",1.21339,"JT",1,"2021-03-07_10h11.35.189","DelayedExp","2020.1.3",60,NA,NA,NA,NA,NA,NA,NA,NA,NA,NA,"New","New",0,0,0,1,"NotStudied","Unprimed",NA,"Unprimed",NA
"DIRT","z",1.736745,"JT",1,"2021-03-07_10h11.35.190","DelayedExp","2020.1.3",60,NA,NA,NA,NA,NA,NA,NA,NA,NA,NA,"New","New",0,0,0,1,"NotStudied","Unprimed",NA,"Unprimed",NA
"UNCLE","z",0.8816,"JT",1,"2021-03-07_10h11.35.191","DelayedExp","2020.1.3",60,NA,NA,NA,NA,NA,NA,NA,NA,NA,NA,"New","New",0,0,0,1,"NotStudied","Unprimed",NA,"Unprimed",NA
"SILVER","slash",0.90831,"JT",1,"2021-03-07_10h11.35.192","DelayedExp","2020.1.3",60,"Studied",12,1,NA,"Related","HEDGE","BUSH",NA,"8","14,37","Old","Old",1,0,0,0,"Recalled","WithinTrialPrimed","Related","Unprimed",NA
"READ","slash",0.74283,"JT",1,"2021-03-07_10h11.35.193","DelayedExp","2020.1.3",60,NA,NA,NA,NA,NA,NA,NA,NA,NA,NA,"Old","New",0,0,1,0,"NotStudied","Unprimed",NA,"Unprimed",NA
"DRUGS","slash",0.86806,"JT",1,"2021-03-07_10h11.35.194","DelayedExp","2020.1.3",60,"Studied",14,1,NA,"Related","ADDICT","DRUGS","ADDICT","25",NA,"Old","Old",1,0,0,0,"Recalled","WithinTrialPrimed","Related","CrossTrialPrimed","Related"
"GRAND","z",0.92522,"JT",1,"2021-03-07_10h11.35.195","DelayedExp","2020.1.3",60,"Studied",28,2,NA,NA,NA,NA,"CANYON",NA,NA,"New","Old",0,1,0,0,"NotRecalled","Unprimed",NA,"CrossTrialPrimed","Related"
"DRESS","z",1.014685,"JT",1,"2021-03-07_10h11.35.196","DelayedExp","2020.1.3",60,"Studied",40,4,"Identical",NA,NA,NA,NA,NA,NA,"New","Old",0,1,0,0,"NotRecalled","Unprimed",NA,"CrossTrialPrimed","Identical"
"STRESS","slash",1.09018,"JT",1,"2021-03-07_10h11.35.197","DelayedExp","2020.1.3",60,"Studied",16,2,NA,NA,NA,NA,NA,NA,NA,"Old","Old",1,0,0,0,"NotRecalled","Unprimed",NA,"Unprimed",NA
"MAYBE","slash",1.05592,"JT",1,"2021-03-07_10h11.35.198","DelayedExp","2020.1.3",60,"Studied",32,4,NA,NA,NA,NA,NA,NA,NA,"Old","Old",1,0,0,0,"NotRecalled","Unprimed",NA,"Unprimed",NA
"NEWS","z",0.87253,"JT",1,"2021-03-07_10h11.35.199","DelayedExp","2020.1.3",60,NA,NA,NA,NA,NA,NA,NA,NA,NA,NA,"New","New",0,0,0,1,"NotStudied","Unprimed",NA,"Unprimed",NA
"BALL ","z",0.931485,"JT",1,"2021-03-07_10h11.35.200","DelayedExp","2020.1.3",60,"Studied",20,3,NA,NA,NA,NA,"BOUNCE",NA,NA,"New","Old",0,1,0,0,"NotRecalled","Unprimed",NA,"CrossTrialPrimed","Related"
"BIKE","z",0.714705,"JT",1,"2021-03-07_10h11.35.201","DelayedExp","2020.1.3",60,"Studied",13,2,NA,NA,NA,NA,"PEDAL",NA,NA,"New","Old",0,1,0,0,"NotRecalled","Unprimed",NA,"CrossTrialPrimed","Related"
"CHILD","slash",1.114535,"JT",1,"2021-03-07_10h11.35.202","DelayedExp","2020.1.3",60,"Studied",8,1,NA,NA,NA,NA,"ADULT",NA,NA,"Old","Old",1,0,0,0,"NotRecalled","Unprimed",NA,"CrossTrialPrimed","Related"
"SNEEZE","slash",0.98922,"JT",1,"2021-03-07_10h11.35.203","DelayedExp","2020.1.3",60,"Studied",22,3,NA,NA,NA,NA,"ALLERGY",NA,NA,"Old","Old",1,0,0,0,"NotRecalled","Unprimed",NA,"CrossTrialPrimed","Related"
"YELLOW","z",0.931505,"JT",1,"2021-03-07_10h11.35.204","DelayedExp","2020.1.3",60,NA,NA,NA,"Unrelated",NA,NA,NA,NA,NA,NA,"New","New",0,0,0,1,"NotStudied","Unprimed",NA,"CrossTrialPrimed","Unrelated"
"SHOVE","z",1.33095,"JT",1,"2021-03-07_10h11.35.205","DelayedExp","2020.1.3",60,NA,NA,NA,"Unrelated",NA,NA,NA,NA,NA,NA,"New","New",0,0,0,1,"NotStudied","Unprimed",NA,"CrossTrialPrimed","Unrelated"
"STEAL","slash",0.73939,"JT",1,"2021-03-07_10h11.35.206","DelayedExp","2020.1.3",60,"Studied",32,2,"Identical",NA,NA,NA,NA,NA,NA,"Old","Old",1,0,0,0,"NotRecalled","Unprimed",NA,"CrossTrialPrimed","Identical"
"POUND","z",0.91045,"JT",1,"2021-03-07_10h11.35.207","DelayedExp","2020.1.3",60,NA,NA,NA,"Unrelated",NA,NA,NA,NA,NA,NA,"New","New",0,0,0,1,"NotStudied","Unprimed",NA,"CrossTrialPrimed","Unrelated"
"TOUR","z",0.97317,"JT",1,"2021-03-07_10h11.35.208","DelayedExp","2020.1.3",60,NA,NA,NA,NA,NA,NA,NA,NA,NA,NA,"New","New",0,0,0,1,"NotStudied","Unprimed",NA,"Unprimed",NA
"GRAVE","slash",0.731695,"JT",1,"2021-03-07_10h11.35.209","DelayedExp","2020.1.3",60,"Studied",4,2,"Identical","Identical","STEAL",NA,NA,"13",NA,"Old","Old",1,0,0,0,"Recalled","WithinTrialPrimed","Identical","CrossTrialPrimed","Identical"
"PLANT","slash",0.79816,"JT",1,"2021-03-07_10h11.35.210","DelayedExp","2020.1.3",60,NA,NA,NA,"Unrelated",NA,NA,NA,NA,NA,NA,"Old","New",0,0,1,0,"NotStudied","Unprimed",NA,"CrossTrialPrimed","Unrelated"
"LOSE","z",1.08142,"JT",1,"2021-03-07_10h11.35.211","DelayedExp","2020.1.3",60,"Studied",7,4,NA,NA,NA,NA,NA,NA,NA,"New","Old",0,1,0,0,"NotRecalled","Unprimed",NA,"Unprimed",NA
"EARLY","z",2.168555,"JT",1,"2021-03-07_10h11.35.212","DelayedExp","2020.1.3",60,NA,NA,NA,"Unrelated",NA,NA,NA,NA,NA,NA,"New","New",0,0,0,1,"NotStudied","Unprimed",NA,"CrossTrialPrimed","Unrelated"
"ANIMAL","z",1.561145,"JT",1,"2021-03-07_10h11.35.213","DelayedExp","2020.1.3",60,NA,NA,NA,NA,NA,NA,NA,NA,NA,NA,"New","New",0,0,0,1,"NotStudied","Unprimed",NA,"Unprimed",NA
"PACKAGE","slash",1.689675,"JT",1,"2021-03-07_10h11.35.214","DelayedExp","2020.1.3",60,"Studied",15,1,"Identical",NA,NA,NA,NA,NA,NA,"Old","Old",1,0,0,0,"NotRecalled","Unprimed",NA,"CrossTrialPrimed","Identical"
"JACKET","slash",1.806035,"JT",1,"2021-03-07_10h11.35.215","DelayedExp","2020.1.3",60,"Studied",10,4,NA,NA,NA,NA,NA,NA,NA,"Old","Old",1,0,0,0,"NotRecalled","Unprimed",NA,"Unprimed",NA
"BRIDE","z",1.25896,"JT",1,"2021-03-07_10h11.35.216","DelayedExp","2020.1.3",60,NA,NA,NA,NA,NA,NA,NA,NA,NA,NA,"New","New",0,0,0,1,"NotStudied","Unprimed",NA,"Unprimed",NA
"PLANE ","slash",0.6841,"JT",1,"2021-03-07_10h11.35.217","DelayedExp","2020.1.3",60,"Studied",30,1,NA,NA,NA,NA,NA,NA,NA,"Old","Old",1,0,0,0,"NotRecalled","Unprimed",NA,"Unprimed",NA
"SMOOTH","slash",1.10726,"JT",1,"2021-03-07_10h11.35.218","DelayedExp","2020.1.3",60,NA,NA,NA,NA,NA,NA,NA,NA,NA,NA,"Old","New",0,0,1,0,"NotStudied","Unprimed",NA,"Unprimed",NA
"SLOW","slash",0.799525,"JT",1,"2021-03-07_10h11.35.219","DelayedExp","2020.1.3",60,NA,NA,NA,"Unrelated",NA,NA,NA,NA,NA,NA,"Old","New",0,0,1,0,"NotStudied","Unprimed",NA,"CrossTrialPrimed","Unrelated"
"NOISE","slash",1.06917,"JT",1,"2021-03-07_10h11.35.220","DelayedExp","2020.1.3",60,NA,NA,NA,NA,NA,NA,NA,NA,NA,NA,"Old","New",0,0,1,0,"NotStudied","Unprimed",NA,"Unprimed",NA
"DAGGER","z",1.0311,"JT",1,"2021-03-07_10h11.35.221","DelayedExp","2020.1.3",60,NA,NA,NA,"Unrelated",NA,NA,NA,NA,NA,NA,"New","New",0,0,0,1,"NotStudied","Unprimed",NA,"CrossTrialPrimed","Unrelated"
"LESS","z",1.206505,"JT",1,"2021-03-07_10h11.35.222","DelayedExp","2020.1.3",60,NA,NA,NA,"Unrelated",NA,NA,NA,NA,NA,NA,"New","New",0,0,0,1,"NotStudied","Unprimed",NA,"CrossTrialPrimed","Unrelated"
"SURE","z",0.7651,"JT",1,"2021-03-07_10h11.35.223","DelayedExp","2020.1.3",60,"Studied",39,3,"Identical",NA,NA,NA,NA,NA,NA,"New","Old",0,1,0,0,"NotRecalled","Unprimed",NA,"CrossTrialPrimed","Identical"
"PROPER","z",1.2303,"JT",1,"2021-03-07_10h11.35.224","DelayedExp","2020.1.3",60,"Studied",33,2,NA,NA,NA,NA,"PRIM",NA,NA,"New","Old",0,1,0,0,"NotRecalled","Unprimed",NA,"CrossTrialPrimed","Related"
"BALLET","z",1.297555,"JT",1,"2021-03-07_10h11.35.225","DelayedExp","2020.1.3",60,NA,NA,NA,NA,NA,NA,NA,NA,NA,NA,"New","New",0,0,0,1,"NotStudied","Unprimed",NA,"Unprimed",NA
"YEAR","z",1.13968,"JT",1,"2021-03-07_10h11.35.226","DelayedExp","2020.1.3",60,"Studied",8,4,"Identical","Unrelated","FIRST",NA,NA,"32",NA,"New","Old",0,1,0,0,"Recalled","WithinTrialPrimed","Unrelated","CrossTrialPrimed","Identical"
"TALK","slash",0.88116,"JT",1,"2021-03-07_10h11.35.227","DelayedExp","2020.1.3",60,"Studied",1,4,NA,"Identical","SPICE",NA,NA,"34,4",NA,"Old","Old",1,0,0,0,"Recalled","WithinTrialPrimed","Identical","Unprimed",NA
"MINUS","z",1.20952,"JT",1,"2021-03-07_10h11.35.228","DelayedExp","2020.1.3",60,NA,NA,NA,"Unrelated",NA,NA,NA,NA,NA,NA,"New","New",0,0,0,1,"NotStudied","Unprimed",NA,"CrossTrialPrimed","Unrelated"
"NOSE","slash",1.67625,"JT",1,"2021-03-07_10h11.35.229","DelayedExp","2020.1.3",60,NA,NA,NA,"Unrelated",NA,NA,NA,NA,NA,NA,"Old","New",0,0,1,0,"NotStudied","Unprimed",NA,"CrossTrialPrimed","Unrelated"
"SICK","slash",1.81292,"JT",1,"2021-03-07_10h11.35.230","DelayedExp","2020.1.3",60,"Studied",42,4,"Identical",NA,NA,NA,NA,NA,NA,"Old","Old",1,0,0,0,"NotRecalled","Unprimed",NA,"CrossTrialPrimed","Identical"
"CHAIN","z",1.126025,"JT",1,"2021-03-07_10h11.35.231","DelayedExp","2020.1.3",60,NA,NA,NA,NA,NA,NA,NA,NA,NA,NA,"New","New",0,0,0,1,"NotStudied","Unprimed",NA,"Unprimed",NA
"ROSE","slash",1.61828,"JT",1,"2021-03-07_10h11.35.232","DelayedExp","2020.1.3",60,"Studied",15,2,NA,NA,NA,NA,"THORN",NA,NA,"Old","Old",1,0,0,0,"NotRecalled","Unprimed",NA,"CrossTrialPrimed","Related"
"CLAM","slash",1.177175,"JT",1,"2021-03-07_10h11.35.233","DelayedExp","2020.1.3",60,NA,NA,NA,NA,NA,NA,NA,NA,NA,NA,"Old","New",0,0,1,0,"NotStudied","Unprimed",NA,"Unprimed",NA
"SILK","z",1.426345,"JT",1,"2021-03-07_10h11.35.234","DelayedExp","2020.1.3",60,"Studied",27,3,NA,NA,NA,NA,"SATIN",NA,NA,"New","Old",0,1,0,0,"NotRecalled","Unprimed",NA,"CrossTrialPrimed","Related"
"SOFT","slash",1.94722,"JT",1,"2021-03-07_10h11.35.235","DelayedExp","2020.1.3",60,"Studied",8,3,NA,"Related","DENIM","JEANS",NA,"4",NA,"Old","Old",1,0,0,0,"Recalled","WithinTrialPrimed","Related","Unprimed",NA
"HEAR","slash",1.05441,"JT",1,"2021-03-07_10h11.35.236","DelayedExp","2020.1.3",60,"Studied",22,4,"Identical",NA,NA,NA,NA,NA,NA,"Old","Old",1,0,0,0,"NotRecalled","Unprimed",NA,"CrossTrialPrimed","Identical"
"HATE","slash",0.780725,"JT",1,"2021-03-07_10h11.35.237","DelayedExp","2020.1.3",60,"Studied",29,1,"Identical",NA,NA,NA,NA,NA,NA,"Old","Old",1,0,0,0,"NotRecalled","Unprimed",NA,"CrossTrialPrimed","Identical"
"WOOD","slash",0.692845,"JT",1,"2021-03-07_10h11.35.238","DelayedExp","2020.1.3",60,"Studied",21,2,NA,"Related","THORN","ROSE",NA,"15","29","Old","Old",1,0,0,0,"Recalled","WithinTrialPrimed","Related","Unprimed",NA
"WAITER","z",0.90449,"JT",1,"2021-03-07_10h11.35.239","DelayedExp","2020.1.3",60,NA,NA,NA,"Unrelated",NA,NA,NA,NA,NA,NA,"New","New",0,0,0,1,"NotStudied","Unprimed",NA,"CrossTrialPrimed","Unrelated"
"SWEET","z",1.176175,"JT",1,"2021-03-07_10h11.35.240","DelayedExp","2020.1.3",60,NA,NA,NA,"Unrelated",NA,NA,NA,NA,NA,NA,"New","New",0,0,0,1,"NotStudied","Unprimed",NA,"CrossTrialPrimed","Unrelated"
"ONCE","z",0.95979,"JT",1,"2021-03-07_10h11.35.241","DelayedExp","2020.1.3",60,"Studied",3,3,NA,NA,NA,NA,"TWICE",NA,NA,"New","Old",0,1,0,0,"NotRecalled","Unprimed",NA,"CrossTrialPrimed","Related"
"WILD","slash",1.27646,"JT",1,"2021-03-07_10h11.35.242","DelayedExp","2020.1.3",60,NA,NA,NA,NA,NA,NA,NA,NA,NA,NA,"Old","New",0,0,1,0,"NotStudied","Unprimed",NA,"Unprimed",NA
"BELOW","z",1.038355,"JT",1,"2021-03-07_10h11.35.243","DelayedExp","2020.1.3",60,NA,NA,NA,"Unrelated",NA,NA,NA,NA,NA,NA,"New","New",0,0,0,1,"NotStudied","Unprimed",NA,"CrossTrialPrimed","Unrelated"
"BOMB","slash",1.37043,"JT",1,"2021-03-07_10h11.35.244","DelayedExp","2020.1.3",60,NA,NA,NA,NA,NA,NA,NA,NA,NA,NA,"Old","New",0,0,1,0,"NotStudied","Unprimed",NA,"Unprimed",NA
"VOLCANO","z",1.206,"JT",1,"2021-03-07_10h11.35.245","DelayedExp","2020.1.3",60,"Studied",34,4,"Identical","Identical","VOLCANO",NA,NA,"20",NA,"New","Old",0,1,0,0,"Recalled","WithinTrialPrimed","Identical","CrossTrialPrimed","Identical"
"FOUND","z",1.136585,"JT",1,"2021-03-07_10h11.35.246","DelayedExp","2020.1.3",60,NA,NA,NA,NA,NA,NA,NA,NA,NA,NA,"New","New",0,0,0,1,"NotStudied","Unprimed",NA,"Unprimed",NA
"GEEK","z",0.784595,"JT",1,"2021-03-07_10h11.35.247","DelayedExp","2020.1.3",60,NA,NA,NA,"Unrelated",NA,NA,NA,NA,NA,NA,"New","New",0,0,0,1,"NotStudied","Unprimed",NA,"CrossTrialPrimed","Unrelated"
"HOTEL","z",1.15449,"JT",1,"2021-03-07_10h11.35.248","DelayedExp","2020.1.3",60,NA,NA,NA,NA,NA,NA,NA,NA,NA,NA,"New","New",0,0,0,1,"NotStudied","Unprimed",NA,"Unprimed",NA
"GRASS","slash",0.75146,"JT",1,"2021-03-07_10h11.35.249","DelayedExp","2020.1.3",60,NA,NA,NA,NA,NA,NA,NA,NA,NA,"39","Old","New",0,0,1,0,"NotStudied","Unprimed",NA,"Unprimed",NA
"SMOKE","slash",1.77092,"JT",1,"2021-03-07_10h11.35.250","DelayedExp","2020.1.3",60,NA,NA,NA,NA,NA,NA,NA,NA,NA,NA,"Old","New",0,0,1,0,"NotStudied","Unprimed",NA,"Unprimed",NA
"SAME","z",0.59316,"JT",1,"2021-03-07_10h11.35.251","DelayedExp","2020.1.3",60,"Studied",37,1,NA,NA,NA,NA,"DIFFER",NA,NA,"New","Old",0,1,0,0,"NotRecalled","Unprimed",NA,"CrossTrialPrimed","Related"
"HORSE","slash",1.343245,"JT",1,"2021-03-07_10h11.35.252","DelayedExp","2020.1.3",60,NA,NA,NA,"Unrelated",NA,NA,NA,NA,NA,NA,"Old","New",0,0,1,0,"NotStudied","Unprimed",NA,"CrossTrialPrimed","Unrelated"
"LOVE","slash",1.080735,"JT",1,"2021-03-07_10h11.35.253","DelayedExp","2020.1.3",60,"Studied",21,4,NA,NA,NA,NA,NA,NA,NA,"Old","Old",1,0,0,0,"NotRecalled","Unprimed",NA,"Unprimed",NA
"BRANCH","z",1.143365,"JT",1,"2021-03-07_10h11.35.254","DelayedExp","2020.1.3",60,NA,NA,NA,"Unrelated",NA,NA,NA,NA,NA,NA,"New","New",0,0,0,1,"NotStudied","Unprimed",NA,"CrossTrialPrimed","Unrelated"
"THIN","z",0.90948,"JT",1,"2021-03-07_10h11.35.255","DelayedExp","2020.1.3",60,"Studied",36,1,NA,NA,NA,NA,"THICK",NA,NA,"New","Old",0,1,0,0,"NotRecalled","Unprimed",NA,"CrossTrialPrimed","Related"
"LAKE","z",1.384745,"JT",1,"2021-03-07_10h11.35.256","DelayedExp","2020.1.3",60,NA,NA,NA,NA,NA,NA,NA,NA,NA,NA,"New","New",0,0,0,1,"NotStudied","Unprimed",NA,"Unprimed",NA
"LAWYER","slash",1.01485,"JT",1,"2021-03-07_10h11.35.257","DelayedExp","2020.1.3",60,NA,NA,NA,"Unrelated",NA,NA,NA,NA,NA,NA,"Old","New",0,0,1,0,"NotStudied","Unprimed",NA,"CrossTrialPrimed","Unrelated"
"MONEY","slash",0.756075,"JT",1,"2021-03-07_10h11.35.258","DelayedExp","2020.1.3",60,NA,NA,NA,"Unrelated",NA,NA,NA,NA,NA,NA,"Old","New",0,0,1,0,"NotStudied","Unprimed",NA,"CrossTrialPrimed","Unrelated"
"BORROW","z",1.4812,"JT",1,"2021-03-07_10h11.35.259","DelayedExp","2020.1.3",60,NA,NA,NA,NA,NA,NA,NA,NA,NA,NA,"New","New",0,0,0,1,"NotStudied","Unprimed",NA,"Unprimed",NA
"CRACKER","z",1.116965,"JT",1,"2021-03-07_10h11.35.260","DelayedExp","2020.1.3",60,NA,NA,NA,NA,NA,NA,NA,NA,NA,NA,"New","New",0,0,0,1,"NotStudied","Unprimed",NA,"Unprimed",NA
"ROOF","z",1.3334,"JT",1,"2021-03-07_10h11.35.261","DelayedExp","2020.1.3",60,"Studied",23,4,"Identical",NA,NA,NA,NA,NA,NA,"New","Old",0,1,0,0,"NotRecalled","Unprimed",NA,"CrossTrialPrimed","Identical"
"SHORT","z",2.03346,"JT",1,"2021-03-07_10h11.35.262","DelayedExp","2020.1.3",60,NA,NA,NA,NA,NA,NA,NA,NA,NA,NA,"New","New",0,0,0,1,"NotStudied","Unprimed",NA,"Unprimed",NA
"PHONE","z",1.723055,"JT",1,"2021-03-07_10h11.35.263","DelayedExp","2020.1.3",60,NA,NA,NA,"Unrelated",NA,NA,NA,NA,NA,NA,"New","New",0,0,0,1,"NotStudied","Unprimed",NA,"CrossTrialPrimed","Unrelated"
"LARGE","slash",1.02335,"JT",1,"2021-03-07_10h11.35.264","DelayedExp","2020.1.3",60,"Studied",25,3,NA,NA,NA,NA,NA,NA,NA,"Old","Old",1,0,0,0,"NotRecalled","Unprimed",NA,"Unprimed",NA
"LEARN","z",1.19332,"JT",1,"2021-03-07_10h11.35.265","DelayedExp","2020.1.3",60,NA,NA,NA,"Unrelated",NA,NA,NA,NA,NA,NA,"New","New",0,0,0,1,"NotStudied","Unprimed",NA,"CrossTrialPrimed","Unrelated"
"NINE","z",0.83141,"JT",1,"2021-03-07_10h11.35.266","DelayedExp","2020.1.3",60,"Studied",42,3,NA,"Related","TWICE","ONCE",NA,"2",NA,"New","Old",0,1,0,0,"Recalled","WithinTrialPrimed","Related","Unprimed",NA
"OFFICE","z",1.933185,"JT",1,"2021-03-07_10h11.35.267","DelayedExp","2020.1.3",60,NA,NA,NA,NA,NA,NA,NA,NA,NA,NA,"New","New",0,0,0,1,"NotStudied","Unprimed",NA,"Unprimed",NA
"POTATO","slash",0.966305,"JT",1,"2021-03-07_10h11.35.268","DelayedExp","2020.1.3",60,"Studied",40,1,NA,"Related","PARDON","EXCUSE",NA,"7","8","Old","Old",1,0,0,0,"Recalled","WithinTrialPrimed","Related","Unprimed",NA
"PURPLE","z",0.800885,"JT",1,"2021-03-07_10h11.35.269","DelayedExp","2020.1.3",60,NA,NA,NA,NA,NA,NA,NA,NA,NA,NA,"New","New",0,0,0,1,"NotStudied","Unprimed",NA,"Unprimed",NA
"FLOWER","z",1.173265,"JT",1,"2021-03-07_10h11.35.270","DelayedExp","2020.1.3",60,NA,NA,NA,NA,NA,NA,NA,NA,NA,NA,"New","New",0,0,0,1,"NotStudied","Unprimed",NA,"Unprimed",NA
"THANKS","slash",0.809695,"JT",1,"2021-03-07_10h11.35.271","DelayedExp","2020.1.3",60,"Studied",41,1,NA,"Identical","STAMP",NA,NA,"18",NA,"Old","Old",1,0,0,0,"Recalled","WithinTrialPrimed","Identical","Unprimed",NA
"DRAW","slash",1.72921,"JT",1,"2021-03-07_10h11.35.272","DelayedExp","2020.1.3",60,"Studied",6,1,"Identical",NA,NA,NA,NA,NA,NA,"Old","Old",1,0,0,0,"NotRecalled","Unprimed",NA,"CrossTrialPrimed","Identical"
"BREAK","slash",0.826185,"JT",1,"2021-03-07_10h11.35.273","DelayedExp","2020.1.3",60,"Studied",24,4,"Identical",NA,NA,NA,NA,NA,NA,"Old","Old",1,0,0,0,"NotRecalled","Unprimed",NA,"CrossTrialPrimed","Identical"
"WORK","slash",1.85958,"JT",1,"2021-03-07_10h11.35.274","DelayedExp","2020.1.3",60,NA,NA,NA,"Unrelated",NA,NA,NA,NA,NA,NA,"Old","New",0,0,1,0,"NotStudied","Unprimed",NA,"CrossTrialPrimed","Unrelated"
"OUTTAKE","z",0.67703,"JT",1,"2021-03-07_10h11.35.275","DelayedExp","2020.1.3",60,NA,NA,NA,NA,NA,NA,NA,NA,NA,NA,"New","New",0,0,0,1,"NotStudied","Unprimed",NA,"Unprimed",NA
"BEACH","z",1.134655,"JT",1,"2021-03-07_10h11.35.276","DelayedExp","2020.1.3",60,NA,NA,NA,NA,NA,NA,NA,NA,NA,NA,"New","New",0,0,0,1,"NotStudied","Unprimed",NA,"Unprimed",NA
"FIRST","z",0.88844,"JT",1,"2021-03-07_10h11.35.277","DelayedExp","2020.1.3",60,NA,NA,NA,"Unrelated",NA,NA,NA,NA,NA,NA,"New","New",0,0,0,1,"NotStudied","Unprimed",NA,"CrossTrialPrimed","Unrelated"
"MINOR","z",1.25116,"JT",1,"2021-03-07_10h11.35.278","DelayedExp","2020.1.3",60,NA,NA,NA,NA,NA,NA,NA,NA,NA,NA,"New","New",0,0,0,1,"NotStudied","Unprimed",NA,"Unprimed",NA
"GUITAR","z",1.05979,"JT",1,"2021-03-07_10h11.35.279","DelayedExp","2020.1.3",60,NA,NA,NA,NA,NA,NA,NA,NA,NA,NA,"New","New",0,0,0,1,"NotStudied","Unprimed",NA,"Unprimed",NA
"WRITE","slash",0.986675,"JT",1,"2021-03-07_10h11.35.280","DelayedExp","2020.1.3",60,"Studied",29,2,NA,NA,NA,NA,NA,NA,NA,"Old","Old",1,0,0,0,"NotRecalled","Unprimed",NA,"Unprimed",NA
"RIGHT","z",1.485065,"JT",1,"2021-03-07_10h11.35.281","DelayedExp","2020.1.3",60,NA,NA,NA,NA,NA,NA,NA,NA,NA,NA,"New","New",0,0,0,1,"NotStudied","Unprimed",NA,"Unprimed",NA
"BRAIN","z",1.4217,"JT",1,"2021-03-07_10h11.35.282","DelayedExp","2020.1.3",60,"Studied",31,2,NA,"Related","YARN","KNIT",NA,"8",NA,"New","Old",0,1,0,0,"Recalled","WithinTrialPrimed","Related","Unprimed",NA
"KIDNAP","z",0.847465,"JT",1,"2021-03-07_10h11.35.283","DelayedExp","2020.1.3",60,NA,NA,NA,NA,NA,NA,NA,NA,NA,NA,"New","New",0,0,0,1,"NotStudied","Unprimed",NA,"Unprimed",NA
"FRIGHT","z",1.35988,"JT",1,"2021-03-07_10h11.35.284","DelayedExp","2020.1.3",60,NA,NA,NA,"Unrelated",NA,NA,NA,NA,NA,NA,"New","New",0,0,0,1,"NotStudied","Unprimed",NA,"CrossTrialPrimed","Unrelated"
"KISS","z",1.901265,"JT",1,"2021-03-07_10h11.35.285","DelayedExp","2020.1.3",60,NA,NA,NA,"Unrelated",NA,NA,NA,NA,NA,NA,"New","New",0,0,0,1,"NotStudied","Unprimed",NA,"CrossTrialPrimed","Unrelated"
"SQUARE","z",1.49341,"JT",1,"2021-03-07_10h11.35.286","DelayedExp","2020.1.3",60,NA,NA,NA,"Unrelated","Unrelated","SQUARE",NA,NA,"33",NA,"New","New",0,0,0,1,"Recalled","WithinTrialPrimed","Unrelated","CrossTrialPrimed","Unrelated"
"ANNOY","slash",1.693575,"JT",1,"2021-03-07_10h11.35.287","DelayedExp","2020.1.3",60,"Studied",27,1,NA,NA,NA,NA,"BOTHER",NA,NA,"Old","Old",1,0,0,0,"NotRecalled","Unprimed",NA,"CrossTrialPrimed","Related"
"CANCER","z",1.051595,"JT",1,"2021-03-07_10h11.35.288","DelayedExp","2020.1.3",60,NA,NA,NA,"Unrelated",NA,NA,NA,NA,NA,NA,"New","New",0,0,0,1,"NotStudied","Unprimed",NA,"CrossTrialPrimed","Unrelated"
"SKIN","slash",1.00933,"JT",1,"2021-03-07_10h11.35.289","DelayedExp","2020.1.3",60,"Studied",27,2,NA,"Unrelated","NICKEL",NA,NA,"7",NA,"Old","Old",1,0,0,0,"Recalled","WithinTrialPrimed","Unrelated","Unprimed",NA
"SHERIFF","slash",0.676075,"JT",1,"2021-03-07_10h11.35.290","DelayedExp","2020.1.3",60,"Studied",33,1,NA,"Unrelated","QUEEN",NA,NA,"6","1","Old","Old",1,0,0,0,"Recalled","WithinTrialPrimed","Unrelated","Unprimed",NA
"SHEEP","z",0.784545,"JT",1,"2021-03-07_10h11.35.291","DelayedExp","2020.1.3",60,"Studied",19,2,"Identical",NA,NA,NA,NA,NA,NA,"New","Old",0,1,0,0,"NotRecalled","Unprimed",NA,"CrossTrialPrimed","Identical"
"WORST","slash",1.493485,"JT",1,"2021-03-07_10h11.35.292","DelayedExp","2020.1.3",60,NA,NA,NA,NA,NA,NA,NA,NA,NA,NA,"Old","New",0,0,1,0,"NotStudied","Unprimed",NA,"Unprimed",NA
"LENGTH","z",0.693415,"JT",1,"2021-03-07_10h11.35.293","DelayedExp","2020.1.3",60,NA,NA,NA,NA,NA,NA,NA,NA,NA,NA,"New","New",0,0,0,1,"NotStudied","Unprimed",NA,"Unprimed",NA
"STING","z",1.654775,"JT",1,"2021-03-07_10h11.35.294","DelayedExp","2020.1.3",60,"Studied",39,2,"Identical",NA,NA,NA,NA,NA,NA,"New","Old",0,1,0,0,"NotRecalled","Unprimed",NA,"CrossTrialPrimed","Identical"
"SMART","slash",1.734585,"JT",1,"2021-03-07_10h11.35.295","DelayedExp","2020.1.3",60,"Studied",21,3,NA,NA,NA,NA,"CLEVER",NA,NA,"Old","Old",1,0,0,0,"NotRecalled","Unprimed",NA,"CrossTrialPrimed","Related"
"WHEAT","z",1.286985,"JT",1,"2021-03-07_10h11.35.296","DelayedExp","2020.1.3",60,NA,NA,NA,"Unrelated",NA,NA,NA,NA,NA,NA,"New","New",0,0,0,1,"NotStudied","Unprimed",NA,"CrossTrialPrimed","Unrelated"
"EGGS","z",1.151505,"JT",1,"2021-03-07_10h11.35.297","DelayedExp","2020.1.3",60,NA,NA,NA,NA,NA,NA,NA,NA,NA,NA,"New","New",0,0,0,1,"NotStudied","Unprimed",NA,"Unprimed",NA
"CAKE","z",1.045605,"JT",1,"2021-03-07_10h11.35.298","DelayedExp","2020.1.3",60,"Studied",15,3,"Identical",NA,NA,NA,NA,NA,NA,"New","Old",0,1,0,0,"NotRecalled","Unprimed",NA,"CrossTrialPrimed","Identical"
"REPEAT","z",1.051275,"JT",1,"2021-03-07_10h11.35.299","DelayedExp","2020.1.3",60,"Studied",26,2,NA,NA,NA,NA,NA,NA,NA,"New","Old",0,1,0,0,"NotRecalled","Unprimed",NA,"Unprimed",NA
"INHALE","z",0.910025,"JT",1,"2021-03-07_10h11.35.300","DelayedExp","2020.1.3",60,NA,NA,NA,NA,NA,NA,NA,NA,NA,NA,"New","New",0,0,0,1,"NotStudied","Unprimed",NA,"Unprimed",NA
"STRIPE","z",0.75552,"JT",1,"2021-03-07_10h11.35.301","DelayedExp","2020.1.3",60,"Studied",22,1,"Identical",NA,NA,NA,NA,NA,NA,"New","Old",0,1,0,0,"NotRecalled","Unprimed",NA,"CrossTrialPrimed","Identical"
"LETTUCE","slash",1.22635,"JT",1,"2021-03-07_10h11.35.302","DelayedExp","2020.1.3",60,"Studied",25,4,NA,"Unrelated","SLOW",NA,NA,"3",NA,"Old","Old",1,0,0,0,"Recalled","WithinTrialPrimed","Unrelated","Unprimed",NA
"MARRY","slash",1.109465,"JT",1,"2021-03-07_10h11.35.303","DelayedExp","2020.1.3",60,"Studied",17,1,NA,NA,NA,NA,"ENGAGE",NA,NA,"Old","Old",1,0,0,0,"NotRecalled","Unprimed",NA,"CrossTrialPrimed","Related"
"CLOSE","slash",1.51776,"JT",1,"2021-03-07_10h11.35.304","DelayedExp","2020.1.3",60,NA,NA,NA,NA,NA,NA,NA,NA,NA,NA,"Old","New",0,0,1,0,"NotStudied","Unprimed",NA,"Unprimed",NA
"OVEN","z",1.000895,"JT",1,"2021-03-07_10h11.35.305","DelayedExp","2020.1.3",60,"Studied",34,3,"Identical","Identical","OVEN",NA,NA,"12",NA,"New","Old",0,1,0,0,"Recalled","WithinTrialPrimed","Identical","CrossTrialPrimed","Identical"
"CHURCH","slash",1.734875,"JT",1,"2021-03-07_10h11.35.306","DelayedExp","2020.1.3",60,"Studied",33,4,NA,"Related","BIZZARE","STRANGE","CHAPEL","22",NA,"Old","Old",1,0,0,0,"Recalled","WithinTrialPrimed","Related","CrossTrialPrimed","Related"
"MAID","z",0.763805,"JT",1,"2021-03-07_10h11.35.307","DelayedExp","2020.1.3",60,"Studied",36,3,NA,NA,NA,NA,NA,NA,NA,"New","Old",0,1,0,0,"NotRecalled","Unprimed",NA,"Unprimed",NA
"SORRY","z",1.026655,"JT",1,"2021-03-07_10h11.35.308","DelayedExp","2020.1.3",60,NA,NA,NA,NA,NA,NA,NA,NA,NA,NA,"New","New",0,0,0,1,"NotStudied","Unprimed",NA,"Unprimed",NA
"NEPHEW","z",1.053995,"JT",1,"2021-03-07_10h11.35.309","DelayedExp","2020.1.3",60,NA,NA,NA,"Unrelated",NA,NA,NA,NA,NA,NA,"New","New",0,0,0,1,"NotStudied","Unprimed",NA,"CrossTrialPrimed","Unrelated"
"PRIDE","z",2.18433,"JT",1,"2021-03-07_10h11.35.310","DelayedExp","2020.1.3",60,"Studied",40,3,NA,NA,NA,NA,NA,NA,NA,"New","Old",0,1,0,0,"NotRecalled","Unprimed",NA,"Unprimed",NA
"COPY","z",1.272415,"JT",1,"2021-03-07_10h11.35.311","DelayedExp","2020.1.3",60,"Studied",6,3,NA,NA,NA,NA,NA,NA,NA,"New","Old",0,1,0,0,"NotRecalled","Unprimed",NA,"Unprimed",NA
"MOST","z",0.61414,"JT",1,"2021-03-07_10h11.35.312","DelayedExp","2020.1.3",60,NA,NA,NA,NA,NA,NA,NA,NA,NA,NA,"New","New",0,0,0,1,"NotStudied","Unprimed",NA,"Unprimed",NA
"HAPPY","slash",0.633975,"JT",1,"2021-03-07_10h11.35.313","DelayedExp","2020.1.3",60,"Studied",9,4,NA,NA,NA,NA,"DELIGHT",NA,"43","Old","Old",1,0,0,0,"NotRecalled","Unprimed",NA,"CrossTrialPrimed","Related"
"STOP","z",0.75974,"JT",1,"2021-03-07_10h11.35.314","DelayedExp","2020.1.3",60,NA,NA,NA,"Unrelated",NA,NA,NA,NA,NA,NA,"New","New",0,0,0,1,"NotStudied","Unprimed",NA,"CrossTrialPrimed","Unrelated"
"ALIVE","slash",1.522825,"JT",1,"2021-03-07_10h11.35.315","DelayedExp","2020.1.3",60,NA,NA,NA,NA,NA,NA,NA,NA,NA,NA,"Old","New",0,0,1,0,"NotStudied","Unprimed",NA,"Unprimed",NA
"STOMACH","z",0.852065,"JT",1,"2021-03-07_10h11.35.316","DelayedExp","2020.1.3",60,NA,NA,NA,"Unrelated",NA,NA,NA,NA,NA,NA,"New","New",0,0,0,1,"NotStudied","Unprimed",NA,"CrossTrialPrimed","Unrelated"
"MIDDLE","z",0.800115,"JT",1,"2021-03-07_10h11.35.317","DelayedExp","2020.1.3",60,NA,NA,NA,NA,NA,NA,NA,NA,NA,NA,"New","New",0,0,0,1,"NotStudied","Unprimed",NA,"Unprimed",NA
"GLASSES","slash",0.872515,"JT",1,"2021-03-07_10h11.35.318","DelayedExp","2020.1.3",60,"Studied",24,3,NA,"Related","CLEVER","SMART",NA,"3","38","Old","Old",1,0,0,0,"Recalled","WithinTrialPrimed","Related","Unprimed",NA
"MINUTE","z",0.831345,"JT",1,"2021-03-07_10h11.35.319","DelayedExp","2020.1.3",60,NA,NA,NA,NA,NA,NA,NA,NA,NA,NA,"New","New",0,0,0,1,"NotStudied","Unprimed",NA,"Unprimed",NA
"ENGLISH","slash",1.06434,"JT",1,"2021-03-07_10h11.35.320","DelayedExp","2020.1.3",60,"Studied",1,3,NA,"Identical","EFFECT",NA,NA,"10",NA,"Old","Old",1,0,0,0,"Recalled","WithinTrialPrimed","Identical","Unprimed",NA
"NUMBER","slash",0.909115,"JT",1,"2021-03-07_10h11.35.321","DelayedExp","2020.1.3",60,NA,NA,NA,NA,NA,NA,NA,NA,NA,"42","Old","New",0,0,1,0,"NotStudied","Unprimed",NA,"Unprimed",NA
"CHEESE","z",0.790325,"JT",1,"2021-03-07_10h11.35.322","DelayedExp","2020.1.3",60,NA,NA,NA,NA,NA,NA,NA,NA,NA,NA,"New","New",0,0,0,1,"NotStudied","Unprimed",NA,"Unprimed",NA
"CLOCK","slash",1.856085,"JT",1,"2021-03-07_10h11.35.323","DelayedExp","2020.1.3",60,NA,NA,NA,"Unrelated",NA,NA,NA,NA,NA,NA,"Old","New",0,0,1,0,"NotStudied","Unprimed",NA,"CrossTrialPrimed","Unrelated"
"BANK","slash",1.01022,"JT",1,"2021-03-07_10h11.35.324","DelayedExp","2020.1.3",60,"Studied",18,3,NA,"Identical","SLEEP",NA,NA,"8",NA,"Old","Old",1,0,0,0,"Recalled","WithinTrialPrimed","Identical","Unprimed",NA
"STARS","z",1.32667,"JT",1,"2021-03-07_10h11.35.325","DelayedExp","2020.1.3",60,NA,NA,NA,"Unrelated",NA,NA,NA,NA,NA,NA,"New","New",0,0,0,1,"NotStudied","Unprimed",NA,"CrossTrialPrimed","Unrelated"
"EXACT","slash",0.914275,"JT",1,"2021-03-07_10h11.35.326","DelayedExp","2020.1.3",60,"Studied",2,1,NA,"Unrelated","BEFORE",NA,NA,"3","12","Old","Old",1,0,0,0,"Recalled","WithinTrialPrimed","Unrelated","Unprimed",NA
"DISAGREE","z",0.689845,"JT",1,"2021-03-07_10h11.35.327","DelayedExp","2020.1.3",60,"Studied",9,1,NA,NA,NA,NA,NA,NA,NA,"New","Old",0,1,0,0,"NotRecalled","Unprimed",NA,"Unprimed",NA
"PEPPER","z",1.675125,"JT",1,"2021-03-07_10h11.35.328","DelayedExp","2020.1.3",60,NA,NA,NA,NA,NA,NA,NA,NA,NA,NA,"New","New",0,0,0,1,"NotStudied","Unprimed",NA,"Unprimed",NA
"DEAF","z",1.39933,"JT",1,"2021-03-07_10h11.35.329","DelayedExp","2020.1.3",60,NA,NA,NA,NA,NA,NA,NA,NA,NA,NA,"New","New",0,0,0,1,"NotStudied","Unprimed",NA,"Unprimed",NA
"LEMON","z",1.067865,"JT",1,"2021-03-07_10h11.35.330","DelayedExp","2020.1.3",60,NA,NA,NA,NA,NA,NA,NA,NA,NA,NA,"New","New",0,0,0,1,"NotStudied","Unprimed",NA,"Unprimed",NA
"CELL","z",1.58493,"JT",1,"2021-03-07_10h11.35.331","DelayedExp","2020.1.3",60,"Studied",10,2,NA,NA,NA,NA,"SICKLE",NA,NA,"New","Old",0,1,0,0,"NotRecalled","Unprimed",NA,"CrossTrialPrimed","Related"
"JAIL","slash",1.309255,"JT",1,"2021-03-07_10h11.35.332","DelayedExp","2020.1.3",60,NA,NA,NA,NA,"Unrelated","BELOW",NA,NA,"21",NA,"Old","New",0,0,1,0,"Recalled","WithinTrialPrimed","Unrelated","Unprimed",NA
"WHERE","z",1.651525,"JT",1,"2021-03-07_10h11.35.333","DelayedExp","2020.1.3",60,NA,NA,NA,"Unrelated",NA,NA,NA,NA,NA,NA,"New","New",0,0,0,1,"NotStudied","Unprimed",NA,"CrossTrialPrimed","Unrelated"
"SWAMP","z",2.33445,"JT",1,"2021-03-07_10h11.35.334","DelayedExp","2020.1.3",60,NA,NA,NA,NA,NA,NA,NA,NA,NA,NA,"New","New",0,0,0,1,"NotStudied","Unprimed",NA,"Unprimed",NA
"FIVE","z",2.45094,"JT",1,"2021-03-07_10h11.35.335","DelayedExp","2020.1.3",60,NA,NA,NA,"Unrelated",NA,NA,NA,NA,NA,NA,"New","New",0,0,0,1,"NotStudied","Unprimed",NA,"CrossTrialPrimed","Unrelated"
"FENCE","slash",0.826045,"JT",1,"2021-03-07_10h11.35.336","DelayedExp","2020.1.3",60,NA,NA,NA,NA,NA,NA,NA,NA,NA,"16","Old","New",0,0,1,0,"NotStudied","Unprimed",NA,"Unprimed",NA
"TAKE","z",1.63516,"JT",1,"2021-03-07_10h11.35.337","DelayedExp","2020.1.3",60,"Studied",28,4,NA,NA,NA,NA,"SEIZE",NA,NA,"New","Old",0,1,0,0,"NotRecalled","Unprimed",NA,"CrossTrialPrimed","Related"
"ENTER","z",0.997255,"JT",1,"2021-03-07_10h11.35.338","DelayedExp","2020.1.3",60,NA,NA,NA,NA,NA,NA,NA,NA,NA,NA,"New","New",0,0,0,1,"NotStudied","Unprimed",NA,"Unprimed",NA
"DOLLAR","slash",0.961525,"JT",1,"2021-03-07_10h11.35.339","DelayedExp","2020.1.3",60,NA,NA,NA,NA,NA,NA,NA,NA,NA,NA,"Old","New",0,0,1,0,"NotStudied","Unprimed",NA,"Unprimed",NA
"SHOES","slash",1.593055,"JT",1,"2021-03-07_10h11.35.340","DelayedExp","2020.1.3",60,NA,NA,NA,NA,NA,NA,NA,NA,NA,NA,"Old","New",0,0,1,0,"NotStudied","Unprimed",NA,"Unprimed",NA
"TENNIS","z",1.029165,"JT",1,"2021-03-07_10h11.35.341","DelayedExp","2020.1.3",60,NA,NA,NA,"Unrelated",NA,NA,NA,NA,NA,NA,"New","New",0,0,0,1,"NotStudied","Unprimed",NA,"CrossTrialPrimed","Unrelated"
"GUILT","slash",0.79478,"JT",1,"2021-03-07_10h11.35.342","DelayedExp","2020.1.3",60,"Studied",3,2,NA,"Unrelated","WORK",NA,NA,"3","4","Old","Old",1,0,0,0,"Recalled","WithinTrialPrimed","Unrelated","Unprimed",NA
"STAMP","slash",1.81331,"JT",1,"2021-03-07_10h11.35.343","DelayedExp","2020.1.3",60,"Studied",23,1,"Identical",NA,NA,NA,NA,NA,NA,"Old","Old",1,0,0,0,"NotRecalled","Unprimed",NA,"CrossTrialPrimed","Identical"
"TIGHT","z",1.32798,"JT",1,"2021-03-07_10h11.35.344","DelayedExp","2020.1.3",60,NA,NA,NA,NA,NA,NA,NA,NA,NA,NA,"New","New",0,0,0,1,"NotStudied","Unprimed",NA,"Unprimed",NA
"FISH","z",0.85365,"JT",1,"2021-03-07_10h11.35.345","DelayedExp","2020.1.3",60,NA,NA,NA,NA,NA,NA,NA,NA,NA,NA,"New","New",0,0,0,1,"NotStudied","Unprimed",NA,"Unprimed",NA
"SCISSORS","slash",0.67791,"JT",1,"2021-03-07_10h11.35.346","DelayedExp","2020.1.3",60,"Studied",3,1,NA,"firstword","firstword",NA,NA,"1","13","Old","Old",1,0,0,0,"Recalled","WithinTrialPrimed","firstword","Unprimed",NA
"NICKEL","z",0.684545,"JT",1,"2021-03-07_10h11.35.347","DelayedExp","2020.1.3",60,NA,NA,NA,"Unrelated",NA,NA,NA,NA,NA,NA,"New","New",0,0,0,1,"NotStudied","Unprimed",NA,"CrossTrialPrimed","Unrelated"
"UNDER","z",0.638615,"JT",1,"2021-03-07_10h11.35.348","DelayedExp","2020.1.3",60,"Studied",36,2,NA,NA,NA,NA,NA,NA,NA,"New","Old",0,1,0,0,"NotRecalled","Unprimed",NA,"Unprimed",NA
"LAND","z",1.070615,"JT",1,"2021-03-07_10h11.35.349","DelayedExp","2020.1.3",60,NA,NA,NA,NA,NA,NA,NA,NA,NA,NA,"New","New",0,0,0,1,"NotStudied","Unprimed",NA,"Unprimed",NA
"WHOLE","z",0.8852,"JT",1,"2021-03-07_10h11.35.350","DelayedExp","2020.1.3",60,NA,NA,NA,"Unrelated",NA,NA,NA,NA,NA,NA,"New","New",0,0,0,1,"NotStudied","Unprimed",NA,"CrossTrialPrimed","Unrelated"
"CHANGE","z",0.60416,"JT",1,"2021-03-07_10h11.35.351","DelayedExp","2020.1.3",60,NA,NA,NA,"Unrelated",NA,NA,NA,NA,NA,NA,"New","New",0,0,0,1,"NotStudied","Unprimed",NA,"CrossTrialPrimed","Unrelated"
"LIGHT","slash",0.675885,"JT",1,"2021-03-07_10h11.35.352","DelayedExp","2020.1.3",60,"Studied",18,2,NA,"Unrelated","WEST",NA,NA,"20",NA,"Old","Old",1,0,0,0,"Recalled","WithinTrialPrimed","Unrelated","Unprimed",NA
"PIECE","z",0.64275,"JT",1,"2021-03-07_10h11.35.353","DelayedExp","2020.1.3",60,"Studied",26,1,NA,NA,NA,NA,NA,NA,NA,"New","Old",0,1,0,0,"NotRecalled","Unprimed",NA,"Unprimed",NA
"ARMS","slash",1.543045,"JT",1,"2021-03-07_10h11.35.354","DelayedExp","2020.1.3",60,"Studied",8,2,NA,"Unrelated","DAGGER",NA,NA,"6,28",NA,"Old","Old",1,0,0,0,"Recalled","WithinTrialPrimed","Unrelated","Unprimed",NA
"QUART","z",1.643535,"JT",1,"2021-03-07_10h11.35.355","DelayedExp","2020.1.3",60,NA,NA,NA,"Unrelated",NA,NA,NA,NA,NA,NA,"New","New",0,0,0,1,"NotStudied","Unprimed",NA,"CrossTrialPrimed","Unrelated"
"ORANGE","z",0.826675,"JT",1,"2021-03-07_10h11.35.356","DelayedExp","2020.1.3",60,NA,NA,NA,NA,NA,NA,NA,NA,NA,NA,"New","New",0,0,0,1,"NotStudied","Unprimed",NA,"Unprimed",NA
"EFFECT","slash",1.109525,"JT",1,"2021-03-07_10h11.35.357","DelayedExp","2020.1.3",60,"Studied",4,3,"Identical","Unrelated","KISS",NA,NA,"35",NA,"Old","Old",1,0,0,0,"Recalled","WithinTrialPrimed","Unrelated","CrossTrialPrimed","Identical"
"ROCK","z",0.801365,"JT",1,"2021-03-07_10h11.35.358","DelayedExp","2020.1.3",60,NA,NA,NA,"Unrelated",NA,NA,NA,NA,NA,NA,"New","New",0,0,0,1,"NotStudied","Unprimed",NA,"CrossTrialPrimed","Unrelated"
"HAIR","z",1.45978,"JT",1,"2021-03-07_10h11.35.359","DelayedExp","2020.1.3",60,"Studied",19,4,"Identical",NA,NA,NA,NA,NA,NA,"New","Old",0,1,0,0,"NotRecalled","Unprimed",NA,"CrossTrialPrimed","Identical"
"EXCUSE","slash",1.335405,"JT",1,"2021-03-07_10h11.35.360","DelayedExp","2020.1.3",60,"Studied",19,1,NA,NA,NA,NA,"PARDON",NA,NA,"Old","Old",1,0,0,0,"NotRecalled","Unprimed",NA,"CrossTrialPrimed","Related"
"CANDLE","z",0.93814,"JT",1,"2021-03-07_10h11.35.361","DelayedExp","2020.1.3",60,NA,NA,NA,NA,NA,NA,NA,NA,NA,NA,"New","New",0,0,0,1,"NotStudied","Unprimed",NA,"Unprimed",NA
"FINGER","z",0.91996,"JT",1,"2021-03-07_10h11.35.362","DelayedExp","2020.1.3",60,NA,NA,NA,NA,NA,NA,NA,NA,NA,NA,"New","New",0,0,0,1,"NotStudied","Unprimed",NA,"Unprimed",NA
"MAGIC","z",1.027125,"JT",1,"2021-03-07_10h11.35.363","DelayedExp","2020.1.3",60,"Studied",36,4,NA,NA,NA,NA,NA,NA,NA,"New","Old",0,1,0,0,"NotRecalled","Unprimed",NA,"Unprimed",NA
"QUIET","z",1.817565,"JT",1,"2021-03-07_10h11.35.364","DelayedExp","2020.1.3",60,"Studied",32,1,NA,NA,NA,NA,"SILENCE",NA,NA,"New","Old",0,1,0,0,"NotRecalled","Unprimed",NA,"CrossTrialPrimed","Related"
"KNIT","z",1.60132,"JT",1,"2021-03-07_10h11.35.365","DelayedExp","2020.1.3",60,"Studied",6,2,NA,NA,NA,NA,"YARN",NA,NA,"New","Old",0,1,0,0,"NotRecalled","Unprimed",NA,"CrossTrialPrimed","Related"
"PENNY","z",1.35904,"JT",1,"2021-03-07_10h11.35.366","DelayedExp","2020.1.3",60,"Studied",14,2,NA,NA,NA,NA,NA,NA,NA,"New","Old",0,1,0,0,"NotRecalled","Unprimed",NA,"Unprimed",NA
"JUMP","z",1.27621,"JT",1,"2021-03-07_10h11.35.367","DelayedExp","2020.1.3",60,NA,NA,NA,NA,NA,NA,NA,NA,NA,"21","New","New",0,0,0,1,"NotStudied","Unprimed",NA,"Unprimed",NA
"PRESENT","slash",1.193935,"JT",1,"2021-03-07_10h11.35.368","DelayedExp","2020.1.3",60,NA,NA,NA,NA,NA,NA,NA,NA,NA,NA,"Old","New",0,0,1,0,"NotStudied","Unprimed",NA,"Unprimed",NA
"RAIN","slash",1.31863,"JT",1,"2021-03-07_10h11.35.369","DelayedExp","2020.1.3",60,"Studied",16,1,NA,NA,NA,NA,"HAIL",NA,NA,"Old","Old",1,0,0,0,"NotRecalled","Unprimed",NA,"CrossTrialPrimed","Related"
"VERB","z",2.604815,"JT",1,"2021-03-07_10h11.35.370","DelayedExp","2020.1.3",60,NA,NA,NA,"Unrelated",NA,NA,NA,NA,NA,NA,"New","New",0,0,0,1,"NotStudied","Unprimed",NA,"CrossTrialPrimed","Unrelated"
"DOOR","slash",0.659575,"JT",1,"2021-03-07_10h11.35.371","DelayedExp","2020.1.3",60,NA,NA,NA,NA,NA,NA,NA,NA,NA,"35","Old","New",0,0,1,0,"NotStudied","Unprimed",NA,"Unprimed",NA
"WARM","slash",0.864315,"JT",1,"2021-03-07_10h11.35.372","DelayedExp","2020.1.3",60,"Studied",13,4,"Identical",NA,NA,NA,NA,NA,NA,"Old","Old",1,0,0,0,"NotRecalled","Unprimed",NA,"CrossTrialPrimed","Identical"
"GHOST","z",1.276455,"JT",1,"2021-03-07_10h11.35.373","DelayedExp","2020.1.3",60,NA,NA,NA,NA,NA,NA,NA,NA,NA,NA,"New","New",0,0,0,1,"NotStudied","Unprimed",NA,"Unprimed",NA
"SHALLOW","z",0.913865,"JT",1,"2021-03-07_10h11.35.374","DelayedExp","2020.1.3",60,"Studied",34,1,NA,NA,NA,NA,NA,NA,NA,"New","Old",0,1,0,0,"NotRecalled","Unprimed",NA,"Unprimed",NA
"RENT","slash",1.23905,"JT",1,"2021-03-07_10h11.35.375","DelayedExp","2020.1.3",60,"Studied",31,1,"Identical",NA,NA,NA,NA,NA,NA,"Old","Old",1,0,0,0,"NotRecalled","Unprimed",NA,"CrossTrialPrimed","Identical"
"STAIRS","slash",0.905525,"JT",1,"2021-03-07_10h11.35.376","DelayedExp","2020.1.3",60,NA,NA,NA,NA,NA,NA,NA,NA,NA,NA,"Old","New",0,0,1,0,"NotStudied","Unprimed",NA,"Unprimed",NA
"SING","z",1.28731,"JT",1,"2021-03-07_10h11.35.377","DelayedExp","2020.1.3",60,"Studied",14,4,"Identical",NA,NA,NA,NA,NA,NA,"New","Old",0,1,0,0,"NotRecalled","Unprimed",NA,"CrossTrialPrimed","Identical"
"DEATH","slash",0.72191,"JT",1,"2021-03-07_10h11.35.378","DelayedExp","2020.1.3",60,"Studied",21,1,NA,"Unrelated","TEETH",NA,NA,"12","6","Old","Old",1,0,0,0,"Recalled","WithinTrialPrimed","Unrelated","Unprimed",NA
"DESERT","z",1.11807,"JT",1,"2021-03-07_10h11.35.379","DelayedExp","2020.1.3",60,"Studied",41,4,NA,NA,NA,NA,"CAMEL",NA,NA,"New","Old",0,1,0,0,"NotRecalled","Unprimed",NA,"CrossTrialPrimed","Related"
"SUBJECT","z",0.95878,"JT",1,"2021-03-07_10h11.35.380","DelayedExp","2020.1.3",60,"Studied",38,2,NA,NA,NA,NA,NA,NA,NA,"New","Old",0,1,0,0,"NotRecalled","Unprimed",NA,"Unprimed",NA
"KNIFE","slash",2.02888,"JT",1,"2021-03-07_10h11.35.381","DelayedExp","2020.1.3",60,"Studied",28,1,NA,NA,NA,NA,NA,NA,NA,"Old","Old",1,0,0,0,"NotRecalled","Unprimed",NA,"Unprimed",NA
"ARGUE","z",1.255855,"JT",1,"2021-03-07_10h11.35.382","DelayedExp","2020.1.3",60,NA,NA,NA,NA,NA,NA,NA,NA,NA,NA,"New","New",0,0,0,1,"NotStudied","Unprimed",NA,"Unprimed",NA
"BUCKET","slash",1.08489,"JT",1,"2021-03-07_10h11.35.383","DelayedExp","2020.1.3",60,NA,NA,NA,"Unrelated",NA,NA,NA,NA,NA,NA,"Old","New",0,0,1,0,"NotStudied","Unprimed",NA,"CrossTrialPrimed","Unrelated"
"TRAILER","z",0.617775,"JT",1,"2021-03-07_10h11.35.384","DelayedExp","2020.1.3",60,"Studied",11,1,NA,NA,NA,NA,NA,NA,NA,"New","Old",0,1,0,0,"NotRecalled","Unprimed",NA,"Unprimed",NA
"THIRST","z",1.04314,"JT",1,"2021-03-07_10h11.35.385","DelayedExp","2020.1.3",60,NA,NA,NA,NA,NA,NA,NA,NA,NA,NA,"New","New",0,0,0,1,"NotStudied","Unprimed",NA,"Unprimed",NA
"SUPPER","z",1.211605,"JT",1,"2021-03-07_10h11.35.386","DelayedExp","2020.1.3",60,NA,NA,NA,NA,NA,NA,NA,NA,NA,NA,"New","New",0,0,0,1,"NotStudied","Unprimed",NA,"Unprimed",NA
"LAUGH","z",0.793175,"JT",1,"2021-03-07_10h11.35.387","DelayedExp","2020.1.3",60,"Studied",37,4,NA,NA,NA,NA,NA,NA,NA,"New","Old",0,1,0,0,"NotRecalled","Unprimed",NA,"Unprimed",NA
"SHEETS","z",1.00475,"JT",1,"2021-03-07_10h11.35.388","DelayedExp","2020.1.3",60,NA,NA,NA,"Unrelated",NA,NA,NA,NA,NA,NA,"New","New",0,0,0,1,"NotStudied","Unprimed",NA,"CrossTrialPrimed","Unrelated"
"MUSIC ","slash",0.63494,"JT",1,"2021-03-07_10h11.35.389","DelayedExp","2020.1.3",60,"Studied",3,4,NA,NA,NA,NA,NA,NA,NA,"Old","Old",1,0,0,0,"NotRecalled","Unprimed",NA,"Unprimed",NA
"SHIP","z",3.118285,"JT",1,"2021-03-07_10h11.35.390","DelayedExp","2020.1.3",60,"Studied",16,4,NA,"Identical","GAME",NA,NA,"7",NA,"New","Old",0,1,0,0,"Recalled","WithinTrialPrimed","Identical","Unprimed",NA
"TOOTH","",NA,"JT",1,"2021-03-07_10h11.35.391","DelayedExp","2020.1.3",60,"Studied",42,2,"Identical",NA,NA,NA,NA,NA,NA,"Old","Old",1,0,0,0,"NotRecalled","Unprimed",NA,"CrossTrialPrimed","Identical"
"GAME","slash",0.992915,"JT",1,"2021-03-07_10h11.35.392","DelayedExp","2020.1.3",60,"Studied",20,4,"Identical",NA,NA,NA,NA,NA,NA,"Old","Old",1,0,0,0,"NotRecalled","Unprimed",NA,"CrossTrialPrimed","Identical"
"GROSS","slash",0.887475,"JT",1,"2021-03-07_10h11.35.393","DelayedExp","2020.1.3",60,NA,NA,NA,"Unrelated",NA,NA,NA,NA,NA,NA,"Old","New",0,0,1,0,"NotStudied","Unprimed",NA,"CrossTrialPrimed","Unrelated"
"STREAM","z",1.410115,"JT",1,"2021-03-07_10h11.35.394","DelayedExp","2020.1.3",60,NA,NA,NA,"Unrelated",NA,NA,NA,NA,NA,NA,"New","New",0,0,0,1,"NotStudied","Unprimed",NA,"CrossTrialPrimed","Unrelated"
"CARRY","z",0.870595,"JT",1,"2021-03-07_10h11.35.395","DelayedExp","2020.1.3",60,"Studied",10,3,NA,NA,NA,NA,"HAUL",NA,NA,"New","Old",0,1,0,0,"NotRecalled","Unprimed",NA,"CrossTrialPrimed","Related"
"BOSS","z",0.662485,"JT",1,"2021-03-07_10h11.35.396","DelayedExp","2020.1.3",60,"Studied",35,3,NA,NA,NA,NA,"MANAGER",NA,NA,"New","Old",0,1,0,0,"NotRecalled","Unprimed",NA,"CrossTrialPrimed","Related"
"MILK","slash",0.954085,"JT",1,"2021-03-07_10h11.35.397","DelayedExp","2020.1.3",60,"Studied",17,2,NA,NA,NA,NA,"GALLON",NA,NA,"Old","Old",1,0,0,0,"NotRecalled","Unprimed",NA,"CrossTrialPrimed","Related"
"BEHIND","z",0.79259,"JT",1,"2021-03-07_10h11.35.398","DelayedExp","2020.1.3",60,NA,NA,NA,NA,NA,NA,NA,NA,NA,NA,"New","New",0,0,0,1,"NotStudied","Unprimed",NA,"Unprimed",NA
"ALLOW","slash",0.69446,"JT",1,"2021-03-07_10h11.35.399","DelayedExp","2020.1.3",60,"Studied",13,3,NA,NA,NA,NA,"PERMIT",NA,NA,"Old","Old",1,0,0,0,"NotRecalled","Unprimed",NA,"CrossTrialPrimed","Related"
"BEFORE","z",0.71312,"JT",1,"2021-03-07_10h11.35.400","DelayedExp","2020.1.3",60,NA,NA,NA,"Unrelated",NA,NA,NA,NA,NA,NA,"New","New",0,0,0,1,"NotStudied","Unprimed",NA,"CrossTrialPrimed","Unrelated"
"SPOTS","slash",1.08459,"JT",1,"2021-03-07_10h11.35.401","DelayedExp","2020.1.3",60,"Studied",20,2,NA,NA,NA,NA,NA,NA,NA,"Old","Old",1,0,0,0,"NotRecalled","Unprimed",NA,"Unprimed",NA
"TOOL","slash",0.9513,"JT",1,"2021-03-07_10h11.35.402","DelayedExp","2020.1.3",60,"Studied",10,1,"Identical","Identical","TOOL",NA,NA,"21","15","Old","Old",1,0,0,0,"Recalled","WithinTrialPrimed","Identical","CrossTrialPrimed","Identical"
"LEAVES","slash",1.193605,"JT",1,"2021-03-07_10h11.35.403","DelayedExp","2020.1.3",60,NA,NA,NA,NA,NA,NA,NA,NA,NA,NA,"Old","New",0,0,1,0,"NotStudied","Unprimed",NA,"Unprimed",NA
"TEST","z",0.888625,"JT",1,"2021-03-07_10h11.35.404","DelayedExp","2020.1.3",60,NA,NA,NA,NA,NA,NA,NA,NA,NA,NA,"New","New",0,0,0,1,"NotStudied","Unprimed",NA,"Unprimed",NA
"PICTURE","z",1.085305,"JT",1,"2021-03-07_10h11.35.405","DelayedExp","2020.1.3",60,NA,NA,NA,"Unrelated",NA,NA,NA,NA,NA,NA,"New","New",0,0,0,1,"NotStudied","Unprimed",NA,"CrossTrialPrimed","Unrelated"
"NONE","slash",1.11342,"JT",1,"2021-03-07_10h11.35.406","DelayedExp","2020.1.3",60,"Studied",29,4,NA,"Unrelated","DREAM",NA,"ZERO","35",NA,"Old","Old",1,0,0,0,"Recalled","WithinTrialPrimed","Unrelated","CrossTrialPrimed","Related"
"FRONT","z",0.68863,"JT",1,"2021-03-07_10h11.35.407","DelayedExp","2020.1.3",60,"Studied",29,3,NA,NA,NA,NA,"BACK",NA,NA,"New","Old",0,1,0,0,"NotRecalled","Unprimed",NA,"CrossTrialPrimed","Related"
"SHARK","z",0.87038,"JT",1,"2021-03-07_10h11.35.408","DelayedExp","2020.1.3",60,NA,NA,NA,NA,NA,NA,NA,NA,NA,NA,"New","New",0,0,0,1,"NotStudied","Unprimed",NA,"Unprimed",NA
"TEETH","z",0.90555,"JT",1,"2021-03-07_10h11.35.409","DelayedExp","2020.1.3",60,NA,NA,NA,"Unrelated",NA,NA,NA,NA,NA,NA,"New","New",0,0,0,1,"NotStudied","Unprimed",NA,"CrossTrialPrimed","Unrelated"
"DEVIL","z",0.943785,"JT",1,"2021-03-07_10h11.35.410","DelayedExp","2020.1.3",60,NA,NA,NA,NA,NA,NA,NA,NA,NA,NA,"New","New",0,0,0,1,"NotStudied","Unprimed",NA,"Unprimed",NA
"UNCLEAR","z",0.9452,"JT",1,"2021-03-07_10h11.35.411","DelayedExp","2020.1.3",60,"Studied",30,3,NA,NA,NA,NA,NA,NA,NA,"New","Old",0,1,0,0,"NotRecalled","Unprimed",NA,"Unprimed",NA
"WEST","z",0.879655,"JT",1,"2021-03-07_10h11.35.412","DelayedExp","2020.1.3",60,NA,NA,NA,"Unrelated",NA,NA,NA,NA,NA,NA,"New","New",0,0,0,1,"NotStudied","Unprimed",NA,"CrossTrialPrimed","Unrelated"
"EXPLODE","slash",1.401265,"JT",1,"2021-03-07_10h11.35.413","DelayedExp","2020.1.3",60,"Studied",24,2,"Identical",NA,NA,NA,NA,NA,NA,"Old","Old",1,0,0,0,"NotRecalled","Unprimed",NA,"CrossTrialPrimed","Identical"
"HELLO","z",0.95925,"JT",1,"2021-03-07_10h11.35.414","DelayedExp","2020.1.3",60,"Studied",12,3,NA,NA,NA,NA,NA,NA,NA,"New","Old",0,1,0,0,"NotRecalled","Unprimed",NA,"Unprimed",NA
"TIRED","z",1.63467,"JT",1,"2021-03-07_10h11.35.415","DelayedExp","2020.1.3",60,"Studied",17,3,"Identical",NA,NA,NA,NA,NA,NA,"New","Old",0,1,0,0,"NotRecalled","Unprimed",NA,"CrossTrialPrimed","Identical"
"HORN","z",0.945935,"JT",1,"2021-03-07_10h11.35.416","DelayedExp","2020.1.3",60,NA,NA,NA,"Unrelated",NA,NA,NA,NA,NA,NA,"New","New",0,0,0,1,"NotStudied","Unprimed",NA,"CrossTrialPrimed","Unrelated"
"SPIDER","z",1.022375,"JT",1,"2021-03-07_10h11.35.417","DelayedExp","2020.1.3",60,NA,NA,NA,NA,NA,NA,NA,NA,NA,NA,"New","New",0,0,0,1,"NotStudied","Unprimed",NA,"Unprimed",NA
"ROAD","slash",1.36852,"JT",1,"2021-03-07_10h11.35.418","DelayedExp","2020.1.3",60,NA,NA,NA,"Unrelated",NA,NA,NA,NA,NA,"40","Old","New",0,0,1,0,"NotStudied","Unprimed",NA,"CrossTrialPrimed","Unrelated"
"TOWN","slash",0.912565,"JT",1,"2021-03-07_10h11.35.419","DelayedExp","2020.1.3",60,"Studied",34,2,"Identical",NA,NA,NA,NA,NA,"20","Old","Old",1,0,0,0,"NotRecalled","Unprimed",NA,"CrossTrialPrimed","Identical"
"WRONG","slash",0.79291,"JT",1,"2021-03-07_10h11.35.420","DelayedExp","2020.1.3",60,"Studied",24,1,NA,NA,NA,NA,"IMMORAL",NA,NA,"Old","Old",1,0,0,0,"NotRecalled","Unprimed",NA,"CrossTrialPrimed","Related"
"BABY","z",1.87236,"JT",1,"2021-03-07_10h11.35.421","DelayedExp","2020.1.3",60,"Studied",9,2,NA,"Related","DAYS","NIGHTS",NA,"22",NA,"New","Old",0,1,0,0,"Recalled","WithinTrialPrimed","Related","Unprimed",NA
