StudID,StudID_RT,key_resp_4.keys,key_resp_4.rt,captured_string,Text20_RT,trials.thisRepN,trials.thisTrialN,trials.thisN,trials.thisIndex,trials.ran,participant,session,date,expName,psychopyVersion,OS,frameRate,key_resp_2.keys,key_resp_2.rt,key_resp_3.keys,key_resp_3.rt,trialsRecognition.thisRepN,trialsRecognition.thisTrialN,trialsRecognition.thisN,trialsRecognition.thisIndex,trialsRecognition.ran,Rand,RecogWord,key_resp_10.keys,key_resp_10.rt,selectedPrimeThresh,ThreshPrimeduration,Text52_RT,captured_string_Thresh,threshLoop.thisRepN,threshLoop.thisTrialN,threshLoop.thisN,threshLoop.thisIndex,threshLoop.ran,threshLoop.order
473729,36357.535,space,6.334055,SLEEP,8000.965,0,0,0,0,1,EW,001,2020-08-26_12h48.51.834,DelayedExp,2020.1.3,MacIntel,60,,,,,,,,,,,,,,,,,,,,,,,
,,,,TRAILER,8000.32,1,0,1,0,1,EW,001,2020-08-26_12h48.51.834,DelayedExp,2020.1.3,MacIntel,60,,,,,,,,,,,,,,,,,,,,,,,
,,,,GUILT,8003.945,2,0,2,0,1,EW,001,2020-08-26_12h48.51.834,DelayedExp,2020.1.3,MacIntel,60,,,,,,,,,,,,,,,,,,,,,,,
,,,,HATE,8000.535,3,0,3,0,1,EW,001,2020-08-26_12h48.51.834,DelayedExp,2020.1.3,MacIntel,60,,,,,,,,,,,,,,,,,,,,,,,
,,,,DOCTOR,7999.53,4,0,4,0,1,EW,001,2020-08-26_12h48.51.834,DelayedExp,2020.1.3,MacIntel,60,,,,,,,,,,,,,,,,,,,,,,,
,,,,FLAME,8000.29,5,0,5,0,1,EW,001,2020-08-26_12h48.51.834,DelayedExp,2020.1.3,MacIntel,60,,,,,,,,,,,,,,,,,,,,,,,
,,,,FLASH,7999.67,6,0,6,0,1,EW,001,2020-08-26_12h48.51.834,DelayedExp,2020.1.3,MacIntel,60,,,,,,,,,,,,,,,,,,,,,,,
,,,,SOUL,7999.61,7,0,7,0,1,EW,001,2020-08-26_12h48.51.834,DelayedExp,2020.1.3,MacIntel,60,,,,,,,,,,,,,,,,,,,,,,,
,,,,MONEY,8001.58,8,0,8,0,1,EW,001,2020-08-26_12h48.51.834,DelayedExp,2020.1.3,MacIntel,60,,,,,,,,,,,,,,,,,,,,,,,
,,,,CHILD,8001.805,9,0,9,0,1,EW,001,2020-08-26_12h48.51.834,DelayedExp,2020.1.3,MacIntel,60,,,,,,,,,,,,,,,,,,,,,,,
,,,,GAME,8001.025,10,0,10,0,1,EW,001,2020-08-26_12h48.51.834,DelayedExp,2020.1.3,MacIntel,60,,,,,,,,,,,,,,,,,,,,,,,
,,,,BOARD,8001.39,11,0,11,0,1,EW,001,2020-08-26_12h48.51.834,DelayedExp,2020.1.3,MacIntel,60,,,,,,,,,,,,,,,,,,,,,,,
,,,,PIECE,8000.915,12,0,12,0,1,EW,001,2020-08-26_12h48.51.834,DelayedExp,2020.1.3,MacIntel,60,,,,,,,,,,,,,,,,,,,,,,,
,,,,VOLCANO,8000.06,13,0,13,0,1,EW,001,2020-08-26_12h48.51.834,DelayedExp,2020.1.3,MacIntel,60,,,,,,,,,,,,,,,,,,,,,,,
,,,,HOPE,8001.15,14,0,14,0,1,EW,001,2020-08-26_12h48.51.834,DelayedExp,2020.1.3,MacIntel,60,,,,,,,,,,,,,,,,,,,,,,,
,,,,TOOL,8000,15,0,15,0,1,EW,001,2020-08-26_12h48.51.834,DelayedExp,2020.1.3,MacIntel,60,,,,,,,,,,,,,,,,,,,,,,,
,,,,,7999.69,16,0,16,0,1,EW,001,2020-08-26_12h48.51.834,DelayedExp,2020.1.3,MacIntel,60,,,,,,,,,,,,,,,,,,,,,,,
,,,,TEETH,8001.705,17,0,17,0,1,EW,001,2020-08-26_12h48.51.834,DelayedExp,2020.1.3,MacIntel,60,,,,,,,,,,,,,,,,,,,,,,,
,,,,,8002.4,18,0,18,0,1,EW,001,2020-08-26_12h48.51.834,DelayedExp,2020.1.3,MacIntel,60,,,,,,,,,,,,,,,,,,,,,,,
,,,,SMELL,7998.065,19,0,19,0,1,EW,001,2020-08-26_12h48.51.834,DelayedExp,2020.1.3,MacIntel,60,,,,,,,,,,,,,,,,,,,,,,,
,,,,HEAR,8000.71,20,0,20,0,1,EW,001,2020-08-26_12h48.51.834,DelayedExp,2020.1.3,MacIntel,60,,,,,,,,,,,,,,,,,,,,,,,
,,,,PROGRAM,8001.145,21,0,21,0,1,EW,001,2020-08-26_12h48.51.834,DelayedExp,2020.1.3,MacIntel,60,,,,,,,,,,,,,,,,,,,,,,,
,,,,MONARCH,7999.16,22,0,22,0,1,EW,001,2020-08-26_12h48.51.834,DelayedExp,2020.1.3,MacIntel,60,,,,,,,,,,,,,,,,,,,,,,,
,,,,FUNERAL,7999.825,23,0,23,0,1,EW,001,2020-08-26_12h48.51.834,DelayedExp,2020.1.3,MacIntel,60,,,,,,,,,,,,,,,,,,,,,,,
,,,,,8002.5,24,0,24,0,1,EW,001,2020-08-26_12h48.51.834,DelayedExp,2020.1.3,MacIntel,60,,,,,,,,,,,,,,,,,,,,,,,
,,,,SCHOOL,8004.235,25,0,25,0,1,EW,001,2020-08-26_12h48.51.834,DelayedExp,2020.1.3,MacIntel,60,,,,,,,,,,,,,,,,,,,,,,,
,,,,,7999.17,26,0,26,0,1,EW,001,2020-08-26_12h48.51.834,DelayedExp,2020.1.3,MacIntel,60,,,,,,,,,,,,,,,,,,,,,,,
,,,,,8000.12,27,0,27,0,1,EW,001,2020-08-26_12h48.51.834,DelayedExp,2020.1.3,MacIntel,60,,,,,,,,,,,,,,,,,,,,,,,
,,,,,8001.71,28,0,28,0,1,EW,001,2020-08-26_12h48.51.834,DelayedExp,2020.1.3,MacIntel,60,,,,,,,,,,,,,,,,,,,,,,,
,,,,HOPE,8014.98,29,0,29,0,1,EW,001,2020-08-26_12h48.51.834,DelayedExp,2020.1.3,MacIntel,60,,,,,,,,,,,,,,,,,,,,,,,
,,,,,8000.225,30,0,30,0,1,EW,001,2020-08-26_12h48.51.834,DelayedExp,2020.1.3,MacIntel,60,,,,,,,,,,,,,,,,,,,,,,,
,,,,,8001.095,31,0,31,0,1,EW,001,2020-08-26_12h48.51.834,DelayedExp,2020.1.3,MacIntel,60,,,,,,,,,,,,,,,,,,,,,,,
,,,,,7999.63,32,0,32,0,1,EW,001,2020-08-26_12h48.51.834,DelayedExp,2020.1.3,MacIntel,60,,,,,,,,,,,,,,,,,,,,,,,
,,,,,10051.775,33,0,33,0,1,EW,001,2020-08-26_12h48.51.834,DelayedExp,2020.1.3,MacIntel,60,,,,,,,,,,,,,,,,,,,,,,,
,,,,,6544.395,34,0,34,0,1,EW,001,2020-08-26_12h48.51.834,DelayedExp,2020.1.3,MacIntel,60,,,,,,,,,,,,,,,,,,,,,,,
,,,,,7990.53,35,0,35,0,1,EW,001,2020-08-26_12h48.51.834,DelayedExp,2020.1.3,MacIntel,60,,,,,,,,,,,,,,,,,,,,,,,
,,,,DESK,8003.325,36,0,36,0,1,EW,001,2020-08-26_12h48.51.834,DelayedExp,2020.1.3,MacIntel,60,,,,,,,,,,,,,,,,,,,,,,,
,,,,,7999.495,37,0,37,0,1,EW,001,2020-08-26_12h48.51.834,DelayedExp,2020.1.3,MacIntel,60,,,,,,,,,,,,,,,,,,,,,,,
,,,,,8000.84,38,0,38,0,1,EW,001,2020-08-26_12h48.51.834,DelayedExp,2020.1.3,MacIntel,60,,,,,,,,,,,,,,,,,,,,,,,
,,,,SEASON,8001.225,39,0,39,0,1,EW,001,2020-08-26_12h48.51.834,DelayedExp,2020.1.3,MacIntel,60,,,,,,,,,,,,,,,,,,,,,,,
,,,,RAIN,7999.685,40,0,40,0,1,EW,001,2020-08-26_12h48.51.834,DelayedExp,2020.1.3,MacIntel,60,,,,,,,,,,,,,,,,,,,,,,,
,,,,PLAN,7999.93,41,0,41,0,1,EW,001,2020-08-26_12h48.51.834,DelayedExp,2020.1.3,MacIntel,60,,,,,,,,,,,,,,,,,,,,,,,
,,,,BALL,8000.83,42,0,42,0,1,EW,001,2020-08-26_12h48.51.834,DelayedExp,2020.1.3,MacIntel,60,,,,,,,,,,,,,,,,,,,,,,,
,,,,HAND,8011.225,43,0,43,0,1,EW,001,2020-08-26_12h48.51.834,DelayedExp,2020.1.3,MacIntel,60,,,,,,,,,,,,,,,,,,,,,,,
,,,,,7999.305,44,0,44,0,1,EW,001,2020-08-26_12h48.51.834,DelayedExp,2020.1.3,MacIntel,60,,,,,,,,,,,,,,,,,,,,,,,
,,,,,8001.035,45,0,45,0,1,EW,001,2020-08-26_12h48.51.834,DelayedExp,2020.1.3,MacIntel,60,,,,,,,,,,,,,,,,,,,,,,,
,,,,,7999.595,46,0,46,0,1,EW,001,2020-08-26_12h48.51.834,DelayedExp,2020.1.3,MacIntel,60,,,,,,,,,,,,,,,,,,,,,,,
,,,,DREAM,7999.9,47,0,47,0,1,EW,001,2020-08-26_12h48.51.834,DelayedExp,2020.1.3,MacIntel,60,,,,,,,,,,,,,,,,,,,,,,,
,,,,,8002.945,48,0,48,0,1,EW,001,2020-08-26_12h48.51.834,DelayedExp,2020.1.3,MacIntel,60,,,,,,,,,,,,,,,,,,,,,,,
,,,,,8000.12,49,0,49,0,1,EW,001,2020-08-26_12h48.51.834,DelayedExp,2020.1.3,MacIntel,60,,,,,,,,,,,,,,,,,,,,,,,
,,,,PIECE,8000.065,50,0,50,0,1,EW,001,2020-08-26_12h48.51.834,DelayedExp,2020.1.3,MacIntel,60,,,,,,,,,,,,,,,,,,,,,,,
,,,,YOUNG,8003.105,51,0,51,0,1,EW,001,2020-08-26_12h48.51.834,DelayedExp,2020.1.3,MacIntel,60,,,,,,,,,,,,,,,,,,,,,,,
,,,,YOUTH,7998.665,52,0,52,0,1,EW,001,2020-08-26_12h48.51.834,DelayedExp,2020.1.3,MacIntel,60,,,,,,,,,,,,,,,,,,,,,,,
,,,,HEART,8000.12,53,0,53,0,1,EW,001,2020-08-26_12h48.51.834,DelayedExp,2020.1.3,MacIntel,60,,,,,,,,,,,,,,,,,,,,,,,
,,,,BLUE,8001.145,54,0,54,0,1,EW,001,2020-08-26_12h48.51.834,DelayedExp,2020.1.3,MacIntel,60,,,,,,,,,,,,,,,,,,,,,,,
,,,,,7999.39,55,0,55,0,1,EW,001,2020-08-26_12h48.51.834,DelayedExp,2020.1.3,MacIntel,60,,,,,,,,,,,,,,,,,,,,,,,
,,,,,8000.875,56,0,56,0,1,EW,001,2020-08-26_12h48.51.834,DelayedExp,2020.1.3,MacIntel,60,,,,,,,,,,,,,,,,,,,,,,,
,,,,,8000.96,57,0,57,0,1,EW,001,2020-08-26_12h48.51.834,DelayedExp,2020.1.3,MacIntel,60,,,,,,,,,,,,,,,,,,,,,,,
,,,,POSTER,7999.395,58,0,58,0,1,EW,001,2020-08-26_12h48.51.834,DelayedExp,2020.1.3,MacIntel,60,,,,,,,,,,,,,,,,,,,,,,,
,,,,,7999.45,59,0,59,0,1,EW,001,2020-08-26_12h48.51.834,DelayedExp,2020.1.3,MacIntel,60,,,,,,,,,,,,,,,,,,,,,,,
,,,,,8004.63,60,0,60,0,1,EW,001,2020-08-26_12h48.51.834,DelayedExp,2020.1.3,MacIntel,60,,,,,,,,,,,,,,,,,,,,,,,
,,,,,8000.865,61,0,61,0,1,EW,001,2020-08-26_12h48.51.834,DelayedExp,2020.1.3,MacIntel,60,,,,,,,,,,,,,,,,,,,,,,,
,,,,,8000.575,62,0,62,0,1,EW,001,2020-08-26_12h48.51.834,DelayedExp,2020.1.3,MacIntel,60,,,,,,,,,,,,,,,,,,,,,,,
,,,,,8026.945,63,0,63,0,1,EW,001,2020-08-26_12h48.51.834,DelayedExp,2020.1.3,MacIntel,60,,,,,,,,,,,,,,,,,,,,,,,
,,,,FOOT,8003.965,64,0,64,0,1,EW,001,2020-08-26_12h48.51.834,DelayedExp,2020.1.3,MacIntel,60,,,,,,,,,,,,,,,,,,,,,,,
,,,,,8000.56,65,0,65,0,1,EW,001,2020-08-26_12h48.51.834,DelayedExp,2020.1.3,MacIntel,60,,,,,,,,,,,,,,,,,,,,,,,
,,,,,8000.455,66,0,66,0,1,EW,001,2020-08-26_12h48.51.834,DelayedExp,2020.1.3,MacIntel,60,,,,,,,,,,,,,,,,,,,,,,,
,,,,,7999.75,67,0,67,0,1,EW,001,2020-08-26_12h48.51.834,DelayedExp,2020.1.3,MacIntel,60,,,,,,,,,,,,,,,,,,,,,,,
,,,,,8448.54,68,0,68,0,1,EW,001,2020-08-26_12h48.51.834,DelayedExp,2020.1.3,MacIntel,60,,,,,,,,,,,,,,,,,,,,,,,
,,,,,6381.305,69,0,69,0,1,EW,001,2020-08-26_12h48.51.834,DelayedExp,2020.1.3,MacIntel,60,,,,,,,,,,,,,,,,,,,,,,,
,,,,,,,,,,,EW,001,2020-08-26_12h48.51.834,DelayedExp,2020.1.3,MacIntel,60,space,24.73218,z,1.518515,0,0,0,97,1,0.408270707,GIRLS,,,,,,,,,,,,
,,,,,,,,,,,EW,001,2020-08-26_12h48.51.834,DelayedExp,2020.1.3,MacIntel,60,,,slash,1.28028,0,1,1,155,1,0.095154608,CHAIR,,,,,,,,,,,,
,,,,,,,,,,,EW,001,2020-08-26_12h48.51.834,DelayedExp,2020.1.3,MacIntel,60,,,slash,1.5003,0,2,2,145,1,0.237609271,STOP,,,,,,,,,,,,
,,,,,,,,,,,EW,001,2020-08-26_12h48.51.834,DelayedExp,2020.1.3,MacIntel,60,,,z,1.814635,0,3,3,159,1,0.74197637,FISH,,,,,,,,,,,,
,,,,,,,,,,,EW,001,2020-08-26_12h48.51.834,DelayedExp,2020.1.3,MacIntel,60,,,z,0.962625,0,4,4,214,1,0.461447159,STRANGE,,,,,,,,,,,,
,,,,,,,,,,,EW,001,2020-08-26_12h48.51.834,DelayedExp,2020.1.3,MacIntel,60,,,slash,1.18354,0,5,5,37,1,0.811017401,SWEET,,,,,,,,,,,,
,,,,,,,,,,,EW,001,2020-08-26_12h48.51.834,DelayedExp,2020.1.3,MacIntel,60,,,z,0.731455,0,6,6,182,1,0.386108126,SNEEZE,,,,,,,,,,,,
,,,,,,,,,,,EW,001,2020-08-26_12h48.51.834,DelayedExp,2020.1.3,MacIntel,60,,,slash,0.9158,0,7,7,70,1,0.823002092,SOAP,,,,,,,,,,,,
,,,,,,,,,,,EW,001,2020-08-26_12h48.51.834,DelayedExp,2020.1.3,MacIntel,60,,,slash,0.99972,0,8,8,185,1,0.563677501,PLAN,,,,,,,,,,,,
,,,,,,,,,,,EW,001,2020-08-26_12h48.51.834,DelayedExp,2020.1.3,MacIntel,60,,,z,0.99812,0,9,9,259,1,0.263066175,STAMP,,,,,,,,,,,,
,,,,,,,,,,,EW,001,2020-08-26_12h48.51.834,DelayedExp,2020.1.3,MacIntel,60,,,z,1.133075,0,10,10,9,1,0.319978901,DUSK,,,,,,,,,,,,
,,,,,,,,,,,EW,001,2020-08-26_12h48.51.834,DelayedExp,2020.1.3,MacIntel,60,,,slash,0.700005,0,11,11,250,1,0.374148471,SING,,,,,,,,,,,,
,,,,,,,,,,,EW,001,2020-08-26_12h48.51.834,DelayedExp,2020.1.3,MacIntel,60,,,z,0.917695,0,12,12,63,1,0.90630703,PAIN,,,,,,,,,,,,
,,,,,,,,,,,EW,001,2020-08-26_12h48.51.834,DelayedExp,2020.1.3,MacIntel,60,,,slash,1.23294,0,13,13,176,1,0.397833275,WATER,,,,,,,,,,,,
,,,,,,,,,,,EW,001,2020-08-26_12h48.51.834,DelayedExp,2020.1.3,MacIntel,60,,,z,0.98512,0,14,14,88,1,0.827935153,CLOCK,,,,,,,,,,,,
,,,,,,,,,,,EW,001,2020-08-26_12h48.51.834,DelayedExp,2020.1.3,MacIntel,60,,,slash,0.883475,0,15,15,247,1,0.744897792,STORE,,,,,,,,,,,,
,,,,,,,,,,,EW,001,2020-08-26_12h48.51.834,DelayedExp,2020.1.3,MacIntel,60,,,slash,2.29491,0,16,16,35,1,0.859350925,PRESENT,,,,,,,,,,,,
,,,,,,,,,,,EW,001,2020-08-26_12h48.51.834,DelayedExp,2020.1.3,MacIntel,60,,,slash,0.832295,0,17,17,160,1,0.555276839,MONEY,,,,,,,,,,,,
,,,,,,,,,,,EW,001,2020-08-26_12h48.51.834,DelayedExp,2020.1.3,MacIntel,60,,,z,0.8528,0,18,18,14,1,0.941717552,GHOST,,,,,,,,,,,,
,,,,,,,,,,,EW,001,2020-08-26_12h48.51.834,DelayedExp,2020.1.3,MacIntel,60,,,z,0.88318,0,19,19,200,1,0.617401957,LETTER,,,,,,,,,,,,
,,,,,,,,,,,EW,001,2020-08-26_12h48.51.834,DelayedExp,2020.1.3,MacIntel,60,,,slash,1.016885,0,20,20,98,1,0.54632307,GRASS,,,,,,,,,,,,
,,,,,,,,,,,EW,001,2020-08-26_12h48.51.834,DelayedExp,2020.1.3,MacIntel,60,,,slash,0.832015,0,21,21,208,1,0.453940446,MAID,,,,,,,,,,,,
,,,,,,,,,,,EW,001,2020-08-26_12h48.51.834,DelayedExp,2020.1.3,MacIntel,60,,,z,0.75495,0,22,22,99,1,0.276937663,HORSE,,,,,,,,,,,,
,,,,,,,,,,,EW,001,2020-08-26_12h48.51.834,DelayedExp,2020.1.3,MacIntel,60,,,slash,0.99725,0,23,23,39,1,0.155263568,TIGHT,,,,,,,,,,,,
,,,,,,,,,,,EW,001,2020-08-26_12h48.51.834,DelayedExp,2020.1.3,MacIntel,60,,,slash,0.99476,0,24,24,193,1,0.804995998,ALLOW,,,,,,,,,,,,
,,,,,,,,,,,EW,001,2020-08-26_12h48.51.834,DelayedExp,2020.1.3,MacIntel,60,,,z,0.78282,0,25,25,313,1,0.66506893,MILK,,,,,,,,,,,,
,,,,,,,,,,,EW,001,2020-08-26_12h48.51.834,DelayedExp,2020.1.3,MacIntel,60,,,z,1.54753,0,26,26,330,1,0.822180444,SELF,,,,,,,,,,,,
,,,,,,,,,,,EW,001,2020-08-26_12h48.51.834,DelayedExp,2020.1.3,MacIntel,60,,,slash,0.78177,0,27,27,318,1,0.613130161,WRITE,,,,,,,,,,,,
,,,,,,,,,,,EW,001,2020-08-26_12h48.51.834,DelayedExp,2020.1.3,MacIntel,60,,,slash,0.828785,0,28,28,178,1,0.391613645,SMART,,,,,,,,,,,,
,,,,,,,,,,,EW,001,2020-08-26_12h48.51.834,DelayedExp,2020.1.3,MacIntel,60,,,slash,0.9821,0,29,29,291,1,0.807266811,SLIDE,,,,,,,,,,,,
,,,,,,,,,,,EW,001,2020-08-26_12h48.51.834,DelayedExp,2020.1.3,MacIntel,60,,,z,0.66664,0,30,30,120,1,0.934235852,TIGER,,,,,,,,,,,,
,,,,,,,,,,,EW,001,2020-08-26_12h48.51.834,DelayedExp,2020.1.3,MacIntel,60,,,z,0.74882,0,31,31,121,1,0.831197722,UNCLE,,,,,,,,,,,,
,,,,,,,,,,,EW,001,2020-08-26_12h48.51.834,DelayedExp,2020.1.3,MacIntel,60,,,slash,0.887825,0,32,32,68,1,0.125988035,TOUR,,,,,,,,,,,,
,,,,,,,,,,,EW,001,2020-08-26_12h48.51.834,DelayedExp,2020.1.3,MacIntel,60,,,z,1.11952,0,33,33,188,1,0.312944791,ONCE,,,,,,,,,,,,
,,,,,,,,,,,EW,001,2020-08-26_12h48.51.834,DelayedExp,2020.1.3,MacIntel,60,,,slash,1.084795,0,34,34,277,1,0.952296572,MARRY,,,,,,,,,,,,
,,,,,,,,,,,EW,001,2020-08-26_12h48.51.834,DelayedExp,2020.1.3,MacIntel,60,,,z,1.78571,0,35,35,84,1,0.79498797,ANIMAL,,,,,,,,,,,,
,,,,,,,,,,,EW,001,2020-08-26_12h48.51.834,DelayedExp,2020.1.3,MacIntel,60,,,z,0.798565,0,36,36,13,1,0.385660487,GEEK,,,,,,,,,,,,
,,,,,,,,,,,EW,001,2020-08-26_12h48.51.834,DelayedExp,2020.1.3,MacIntel,60,,,slash,0.699915,0,37,37,89,1,0.225802842,CLOSE,,,,,,,,,,,,
,,,,,,,,,,,EW,001,2020-08-26_12h48.51.834,DelayedExp,2020.1.3,MacIntel,60,,,slash,0.99731,0,38,38,203,1,0.823840101,BALL ,,,,,,,,,,,,
,,,,,,,,,,,EW,001,2020-08-26_12h48.51.834,DelayedExp,2020.1.3,MacIntel,60,,,z,1.03109,0,39,39,316,1,0.468087973,EXPLODE,,,,,,,,,,,,
,,,,,,,,,,,EW,001,2020-08-26_12h48.51.834,DelayedExp,2020.1.3,MacIntel,60,,,z,1.635125,0,40,40,55,1,0.847502284,KIDNAP,,,,,,,,,,,,
,,,,,,,,,,,EW,001,2020-08-26_12h48.51.834,DelayedExp,2020.1.3,MacIntel,60,,,slash,1.16492,0,41,41,81,1,0.672881454,WAITER,,,,,,,,,,,,
,,,,,,,,,,,EW,001,2020-08-26_12h48.51.834,DelayedExp,2020.1.3,MacIntel,60,,,slash,1.08267,0,42,42,62,1,0.365921469,NOSE,,,,,,,,,,,,
,,,,,,,,,,,EW,001,2020-08-26_12h48.51.834,DelayedExp,2020.1.3,MacIntel,60,,,slash,0.848545,0,43,43,269,1,0.238019572,PIECE,,,,,,,,,,,,
,,,,,,,,,,,EW,001,2020-08-26_12h48.51.834,DelayedExp,2020.1.3,MacIntel,60,,,slash,0.884375,0,44,44,20,1,0.806909613,KISS,,,,,,,,,,,,
,,,,,,,,,,,EW,001,2020-08-26_12h48.51.834,DelayedExp,2020.1.3,MacIntel,60,,,z,0.746755,0,45,45,226,1,0.48975986,YEAR,,,,,,,,,,,,
,,,,,,,,,,,EW,001,2020-08-26_12h48.51.834,DelayedExp,2020.1.3,MacIntel,60,,,slash,0.765735,0,46,46,31,1,0.761629448,SMILE,,,,,,,,,,,,
,,,,,,,,,,,EW,001,2020-08-26_12h48.51.834,DelayedExp,2020.1.3,MacIntel,60,,,slash,0.949455,0,47,47,73,1,0.213554661,STATES,,,,,,,,,,,,
,,,,,,,,,,,EW,001,2020-08-26_12h48.51.834,DelayedExp,2020.1.3,MacIntel,60,,,z,0.949965,0,48,48,134,1,0.498263926,OUTTAKE,,,,,,,,,,,,
,,,,,,,,,,,EW,001,2020-08-26_12h48.51.834,DelayedExp,2020.1.3,MacIntel,60,,,slash,1.232465,0,49,49,169,1,0.227518623,SPICE,,,,,,,,,,,,
,,,,,,,,,,,EW,001,2020-08-26_12h48.51.834,DelayedExp,2020.1.3,MacIntel,60,,,z,1.215835,0,50,50,152,1,0.65748794,CRACKER,,,,,,,,,,,,
,,,,,,,,,,,EW,001,2020-08-26_12h48.51.834,DelayedExp,2020.1.3,MacIntel,60,,,slash,0.649805,0,51,51,287,1,0.157912468,YOUNG,,,,,,,,,,,,
,,,,,,,,,,,EW,001,2020-08-26_12h48.51.834,DelayedExp,2020.1.3,MacIntel,60,,,z,1.016875,0,52,52,56,1,0.752687522,LESS,,,,,,,,,,,,
,,,,,,,,,,,EW,001,2020-08-26_12h48.51.834,DelayedExp,2020.1.3,MacIntel,60,,,slash,0.59373,0,53,53,139,1,0.240033273,SONG,,,,,,,,,,,,
,,,,,,,,,,,EW,001,2020-08-26_12h48.51.834,DelayedExp,2020.1.3,MacIntel,60,,,z,1.316085,0,54,54,312,1,0.180128071,UNDER,,,,,,,,,,,,
,,,,,,,,,,,EW,001,2020-08-26_12h48.51.834,DelayedExp,2020.1.3,MacIntel,60,,,slash,0.849525,0,55,55,213,1,0.505086573,SICK,,,,,,,,,,,,
,,,,,,,,,,,EW,001,2020-08-26_12h48.51.834,DelayedExp,2020.1.3,MacIntel,60,,,slash,0.73295,0,56,56,233,1,0.915717705,LOSE,,,,,,,,,,,,
,,,,,,,,,,,EW,001,2020-08-26_12h48.51.834,DelayedExp,2020.1.3,MacIntel,60,,,slash,0.633095,0,57,57,289,1,0.500156877,TRAILER,,,,,,,,,,,,
,,,,,,,,,,,EW,001,2020-08-26_12h48.51.834,DelayedExp,2020.1.3,MacIntel,60,,,z,0.799395,0,58,58,270,1,0.820147356,BUSH,,,,,,,,,,,,
,,,,,,,,,,,EW,001,2020-08-26_12h48.51.834,DelayedExp,2020.1.3,MacIntel,60,,,z,0.76662,0,59,59,183,1,0.024613839,UNCLEAR,,,,,,,,,,,,
,,,,,,,,,,,EW,001,2020-08-26_12h48.51.834,DelayedExp,2020.1.3,MacIntel,60,,,z,0.75058,0,60,60,274,1,0.176981717,SHALLOW,,,,,,,,,,,,
,,,,,,,,,,,EW,001,2020-08-26_12h48.51.834,DelayedExp,2020.1.3,MacIntel,60,,,slash,1.58356,0,61,61,129,1,0.600881716,JAIL,,,,,,,,,,,,
,,,,,,,,,,,EW,001,2020-08-26_12h48.51.834,DelayedExp,2020.1.3,MacIntel,60,,,slash,0.76911,0,62,62,76,1,0.187752518,TEST,,,,,,,,,,,,
,,,,,,,,,,,EW,001,2020-08-26_12h48.51.834,DelayedExp,2020.1.3,MacIntel,60,,,slash,1.532585,0,63,63,265,1,0.119631431,PACKAGE,,,,,,,,,,,,
,,,,,,,,,,,EW,001,2020-08-26_12h48.51.834,DelayedExp,2020.1.3,MacIntel,60,,,z,0.966205,0,64,64,18,1,0.596823272,JUMP,,,,,,,,,,,,
,,,,,,,,,,,EW,001,2020-08-26_12h48.51.834,DelayedExp,2020.1.3,MacIntel,60,,,z,0.81726,0,65,65,326,1,0.226935378,ARMS,,,,,,,,,,,,
,,,,,,,,,,,EW,001,2020-08-26_12h48.51.834,DelayedExp,2020.1.3,MacIntel,60,,,slash,0.916515,0,66,66,165,1,0.761584316,HORN,,,,,,,,,,,,
,,,,,,,,,,,EW,001,2020-08-26_12h48.51.834,DelayedExp,2020.1.3,MacIntel,60,,,slash,0.751385,0,67,67,314,1,0.429097089,GRAND,,,,,,,,,,,,
,,,,,,,,,,,EW,001,2020-08-26_12h48.51.834,DelayedExp,2020.1.3,MacIntel,60,,,slash,1.08345,0,68,68,255,1,0.672261175,WRONG,,,,,,,,,,,,
,,,,,,,,,,,EW,001,2020-08-26_12h48.51.834,DelayedExp,2020.1.3,MacIntel,60,,,z,0.66699,0,69,69,48,1,0.472189689,BUTTER,,,,,,,,,,,,
,,,,,,,,,,,EW,001,2020-08-26_12h48.51.834,DelayedExp,2020.1.3,MacIntel,60,,,z,0.733955,0,70,70,187,1,0.991505378,ENGLISH,,,,,,,,,,,,
,,,,,,,,,,,EW,001,2020-08-26_12h48.51.834,DelayedExp,2020.1.3,MacIntel,60,,,slash,0.883485,0,71,71,153,1,0.963519542,BEACH,,,,,,,,,,,,
,,,,,,,,,,,EW,001,2020-08-26_12h48.51.834,DelayedExp,2020.1.3,MacIntel,60,,,z,0.86573,0,72,72,110,1,0.974766317,QUEEN,,,,,,,,,,,,
,,,,,,,,,,,EW,001,2020-08-26_12h48.51.834,DelayedExp,2020.1.3,MacIntel,60,,,z,0.866025,0,73,73,100,1,0.655582154,LEAVES,,,,,,,,,,,,
,,,,,,,,,,,EW,001,2020-08-26_12h48.51.834,DelayedExp,2020.1.3,MacIntel,60,,,z,0.800255,0,74,74,71,1,0.31286938,SPIDER,,,,,,,,,,,,
,,,,,,,,,,,EW,001,2020-08-26_12h48.51.834,DelayedExp,2020.1.3,MacIntel,60,,,slash,0.61624,0,75,75,41,1,0.774719699,WORLD,,,,,,,,,,,,
,,,,,,,,,,,EW,001,2020-08-26_12h48.51.834,DelayedExp,2020.1.3,MacIntel,60,,,slash,0.9161,0,76,76,123,1,0.581148527,WHOLE,,,,,,,,,,,,
,,,,,,,,,,,EW,001,2020-08-26_12h48.51.834,DelayedExp,2020.1.3,MacIntel,60,,,slash,1.665875,0,77,77,300,1,0.880342989,TOWN,,,,,,,,,,,,
,,,,,,,,,,,EW,001,2020-08-26_12h48.51.834,DelayedExp,2020.1.3,MacIntel,60,,,z,1.017385,0,78,78,40,1,0.688159484,WHEAT,,,,,,,,,,,,
,,,,,,,,,,,EW,001,2020-08-26_12h48.51.834,DelayedExp,2020.1.3,MacIntel,60,,,slash,0.76691,0,79,79,286,1,0.969991653,HATE,,,,,,,,,,,,
,,,,,,,,,,,EW,001,2020-08-26_12h48.51.834,DelayedExp,2020.1.3,MacIntel,60,,,slash,0.85016,0,80,80,268,1,0.845138213,DRAW,,,,,,,,,,,,
,,,,,,,,,,,EW,001,2020-08-26_12h48.51.834,DelayedExp,2020.1.3,MacIntel,60,,,z,0.91686,0,81,81,260,1,0.260552149,RENT,,,,,,,,,,,,
,,,,,,,,,,,EW,001,2020-08-26_12h48.51.834,DelayedExp,2020.1.3,MacIntel,60,,,slash,1.33339,0,82,82,319,1,0.496843659,STUPID,,,,,,,,,,,,
,,,,,,,,,,,EW,001,2020-08-26_12h48.51.834,DelayedExp,2020.1.3,MacIntel,60,,,slash,0.916425,0,83,83,244,1,0.291831281,BREAK,,,,,,,,,,,,
,,,,,,,,,,,EW,001,2020-08-26_12h48.51.834,DelayedExp,2020.1.3,MacIntel,60,,,z,1.869095,0,84,84,92,1,0.347317824,EARLY,,,,,,,,,,,,
,,,,,,,,,,,EW,001,2020-08-26_12h48.51.834,DelayedExp,2020.1.3,MacIntel,60,,,slash,1.868945,0,85,85,114,1,0.545482083,SHOVE,,,,,,,,,,,,
,,,,,,,,,,,EW,001,2020-08-26_12h48.51.834,DelayedExp,2020.1.3,MacIntel,60,,,z,0.730835,0,86,86,12,1,0.88571937,FROG,,,,,,,,,,,,
,,,,,,,,,,,EW,001,2020-08-26_12h48.51.834,DelayedExp,2020.1.3,MacIntel,60,,,slash,0.915805,0,87,87,32,1,0.067157859,SMOKE,,,,,,,,,,,,
,,,,,,,,,,,EW,001,2020-08-26_12h48.51.834,DelayedExp,2020.1.3,MacIntel,60,,,slash,0.91948,0,88,88,285,1,0.354414689,TOOL,,,,,,,,,,,,
,,,,,,,,,,,EW,001,2020-08-26_12h48.51.834,DelayedExp,2020.1.3,MacIntel,60,,,z,0.69486,0,89,89,5,1,0.672348018,DEAF,,,,,,,,,,,,
,,,,,,,,,,,EW,001,2020-08-26_12h48.51.834,DelayedExp,2020.1.3,MacIntel,60,,,z,0.951735,0,90,90,246,1,0.621310232,NONE,,,,,,,,,,,,
,,,,,,,,,,,EW,001,2020-08-26_12h48.51.834,DelayedExp,2020.1.3,MacIntel,60,,,z,0.93325,0,91,91,237,1,0.566160346,MAGIC,,,,,,,,,,,,
,,,,,,,,,,,EW,001,2020-08-26_12h48.51.834,DelayedExp,2020.1.3,MacIntel,60,,,z,0.799205,0,92,92,281,1,0.285120036,DISAGREE,,,,,,,,,,,,
,,,,,,,,,,,EW,001,2020-08-26_12h48.51.834,DelayedExp,2020.1.3,MacIntel,60,,,slash,1.329995,0,93,93,315,1,0.645549085,SHEEP,,,,,,,,,,,,
,,,,,,,,,,,EW,001,2020-08-26_12h48.51.834,DelayedExp,2020.1.3,MacIntel,60,,,slash,0.70055,0,94,94,276,1,0.305492126,CARD,,,,,,,,,,,,
,,,,,,,,,,,EW,001,2020-08-26_12h48.51.834,DelayedExp,2020.1.3,MacIntel,60,,,slash,0.701555,0,95,95,191,1,0.181013519,GLASSES,,,,,,,,,,,,
,,,,,,,,,,,EW,001,2020-08-26_12h48.51.834,DelayedExp,2020.1.3,MacIntel,60,,,slash,0.88391,0,96,96,154,1,0.318502566,DREAM,,,,,,,,,,,,
,,,,,,,,,,,EW,001,2020-08-26_12h48.51.834,DelayedExp,2020.1.3,MacIntel,60,,,z,1.03886,0,97,97,82,1,0.014768335,WILD,,,,,,,,,,,,
,,,,,,,,,,,EW,001,2020-08-26_12h48.51.834,DelayedExp,2020.1.3,MacIntel,60,,,slash,0.899865,0,98,98,132,1,0.356074536,FRIGHT,,,,,,,,,,,,
,,,,,,,,,,,EW,001,2020-08-26_12h48.51.834,DelayedExp,2020.1.3,MacIntel,60,,,z,0.79281,0,99,99,78,1,0.083350371,THREAD,,,,,,,,,,,,
,,,,,,,,,,,EW,001,2020-08-26_12h48.51.834,DelayedExp,2020.1.3,MacIntel,60,,,slash,0.766355,0,100,100,254,1,0.013339401,SILVER,,,,,,,,,,,,
,,,,,,,,,,,EW,001,2020-08-26_12h48.51.834,DelayedExp,2020.1.3,MacIntel,60,,,z,0.68329,0,101,101,175,1,0.487151799,ITCH,,,,,,,,,,,,
,,,,,,,,,,,EW,001,2020-08-26_12h48.51.834,DelayedExp,2020.1.3,MacIntel,60,,,slash,0.70031,0,102,102,126,1,0.121983524,CHANGE,,,,,,,,,,,,
,,,,,,,,,,,EW,001,2020-08-26_12h48.51.834,DelayedExp,2020.1.3,MacIntel,60,,,z,0.776485,0,103,103,225,1,0.330893298,LAUGH,,,,,,,,,,,,
,,,,,,,,,,,EW,001,2020-08-26_12h48.51.834,DelayedExp,2020.1.3,MacIntel,60,,,slash,0.98288,0,104,104,298,1,0.076489794,CLASS,,,,,,,,,,,,
,,,,,,,,,,,EW,001,2020-08-26_12h48.51.834,DelayedExp,2020.1.3,MacIntel,60,,,z,0.883095,0,105,105,95,1,0.229194801,FINGER,,,,,,,,,,,,
,,,,,,,,,,,EW,001,2020-08-26_12h48.51.834,DelayedExp,2020.1.3,MacIntel,60,,,z,1.13651,0,106,106,116,1,0.438487149,MEAN,,,,,,,,,,,,
,,,,,,,,,,,EW,001,2020-08-26_12h48.51.834,DelayedExp,2020.1.3,MacIntel,60,,,z,0.83269,0,107,107,195,1,0.873915539,SOFT,,,,,,,,,,,,
,,,,,,,,,,,EW,001,2020-08-26_12h48.51.834,DelayedExp,2020.1.3,MacIntel,60,,,slash,0.782695,0,108,108,179,1,0.623626223,FINISH,,,,,,,,,,,,
,,,,,,,,,,,EW,001,2020-08-26_12h48.51.834,DelayedExp,2020.1.3,MacIntel,60,,,slash,0.81891,0,109,109,321,1,0.950911015,BREAD,,,,,,,,,,,,
,,,,,,,,,,,EW,001,2020-08-26_12h48.51.834,DelayedExp,2020.1.3,MacIntel,60,,,slash,0.916865,0,110,110,156,1,0.965556302,STORY,,,,,,,,,,,,
,,,,,,,,,,,EW,001,2020-08-26_12h48.51.834,DelayedExp,2020.1.3,MacIntel,60,,,z,0.688265,0,111,111,19,1,0.073746614,KILL,,,,,,,,,,,,
,,,,,,,,,,,EW,001,2020-08-26_12h48.51.834,DelayedExp,2020.1.3,MacIntel,60,,,slash,0.96618,0,112,112,181,1,0.652963107,BANK,,,,,,,,,,,,
,,,,,,,,,,,EW,001,2020-08-26_12h48.51.834,DelayedExp,2020.1.3,MacIntel,60,,,slash,0.98251,0,113,113,190,1,0.686155583,LARGE,,,,,,,,,,,,
,,,,,,,,,,,EW,001,2020-08-26_12h48.51.834,DelayedExp,2020.1.3,MacIntel,60,,,slash,0.86912,0,114,114,90,1,0.367068674,CORAL,,,,,,,,,,,,
,,,,,,,,,,,EW,001,2020-08-26_12h48.51.834,DelayedExp,2020.1.3,MacIntel,60,,,z,0.78293,0,115,115,96,1,0.342544579,FOUND,,,,,,,,,,,,
,,,,,,,,,,,EW,001,2020-08-26_12h48.51.834,DelayedExp,2020.1.3,MacIntel,60,,,z,1.033305,0,116,116,2,1,0.74910301,BLACK,,,,,,,,,,,,
,,,,,,,,,,,EW,001,2020-08-26_12h48.51.834,DelayedExp,2020.1.3,MacIntel,60,,,slash,1.02734,0,117,117,17,1,0.750146408,TRASH,,,,,,,,,,,,
,,,,,,,,,,,EW,001,2020-08-26_12h48.51.834,DelayedExp,2020.1.3,MacIntel,60,,,slash,0.748985,0,118,118,30,1,0.692372227,SHOES,,,,,,,,,,,,
,,,,,,,,,,,EW,001,2020-08-26_12h48.51.834,DelayedExp,2020.1.3,MacIntel,60,,,slash,1.08621,0,119,119,124,1,0.0415978,WORST,,,,,,,,,,,,
,,,,,,,,,,,EW,001,2020-08-26_12h48.51.834,DelayedExp,2020.1.3,MacIntel,60,,,slash,0.75391,0,120,120,261,1,0.987188782,STRIPE,,,,,,,,,,,,
,,,,,,,,,,,EW,001,2020-08-26_12h48.51.834,DelayedExp,2020.1.3,MacIntel,60,,,z,0.584705,0,121,121,50,1,0.129107951,NEWS,,,,,,,,,,,,
,,,,,,,,,,,EW,001,2020-08-26_12h48.51.834,DelayedExp,2020.1.3,MacIntel,60,,,z,0.929825,0,122,122,204,1,0.474320781,CASTLE,,,,,,,,,,,,
,,,,,,,,,,,EW,001,2020-08-26_12h48.51.834,DelayedExp,2020.1.3,MacIntel,60,,,z,1.01683,0,123,123,47,1,0.431134502,BUCKET,,,,,,,,,,,,
,,,,,,,,,,,EW,001,2020-08-26_12h48.51.834,DelayedExp,2020.1.3,MacIntel,60,,,slash,0.616995,0,124,124,168,1,0.349003517,SILK,,,,,,,,,,,,
,,,,,,,,,,,EW,001,2020-08-26_12h48.51.834,DelayedExp,2020.1.3,MacIntel,60,,,z,1.096185,0,125,125,163,1,0.484391305,PICKLE,,,,,,,,,,,,
,,,,,,,,,,,EW,001,2020-08-26_12h48.51.834,DelayedExp,2020.1.3,MacIntel,60,,,slash,0.911105,0,126,126,170,1,0.892972342,PENCIL,,,,,,,,,,,,
,,,,,,,,,,,EW,001,2020-08-26_12h48.51.834,DelayedExp,2020.1.3,MacIntel,60,,,z,1.153065,0,127,127,322,1,0.978580072,REPEAT,,,,,,,,,,,,
,,,,,,,,,,,EW,001,2020-08-26_12h48.51.834,DelayedExp,2020.1.3,MacIntel,60,,,z,0.9511,0,128,128,86,1,0.228342003,BEHIND,,,,,,,,,,,,
,,,,,,,,,,,EW,001,2020-08-26_12h48.51.834,DelayedExp,2020.1.3,MacIntel,60,,,slash,0.766495,0,129,129,85,1,0.290537125,BEFORE,,,,,,,,,,,,
,,,,,,,,,,,EW,001,2020-08-26_12h48.51.834,DelayedExp,2020.1.3,MacIntel,60,,,z,0.76552,0,130,130,157,1,0.418697772,BOMB,,,,,,,,,,,,
,,,,,,,,,,,EW,001,2020-08-26_12h48.51.834,DelayedExp,2020.1.3,MacIntel,60,,,slash,0.849415,0,131,131,205,1,0.50083135,CAKE,,,,,,,,,,,,
,,,,,,,,,,,EW,001,2020-08-26_12h48.51.834,DelayedExp,2020.1.3,MacIntel,60,,,slash,1.44991,0,132,132,66,1,0.644718582,MOST,,,,,,,,,,,,
,,,,,,,,,,,EW,001,2020-08-26_12h48.51.834,DelayedExp,2020.1.3,MacIntel,60,,,slash,0.782355,0,133,133,231,1,0.810473097,STICKY,,,,,,,,,,,,
,,,,,,,,,,,EW,001,2020-08-26_12h48.51.834,DelayedExp,2020.1.3,MacIntel,60,,,z,0.7662,0,134,134,308,1,0.214947297,BABY,,,,,,,,,,,,
,,,,,,,,,,,EW,001,2020-08-26_12h48.51.834,DelayedExp,2020.1.3,MacIntel,60,,,z,0.767585,0,135,135,138,1,0.399296296,NUMBER,,,,,,,,,,,,
,,,,,,,,,,,EW,001,2020-08-26_12h48.51.834,DelayedExp,2020.1.3,MacIntel,60,,,slash,0.63372,0,136,136,25,1,0.013252083,TRAIN,,,,,,,,,,,,
,,,,,,,,,,,EW,001,2020-08-26_12h48.51.834,DelayedExp,2020.1.3,MacIntel,60,,,z,0.66595,0,137,137,87,1,0.347621821,CANCER,,,,,,,,,,,,
,,,,,,,,,,,EW,001,2020-08-26_12h48.51.834,DelayedExp,2020.1.3,MacIntel,60,,,z,0.76651,0,138,138,189,1,0.022462029,OVEN,,,,,,,,,,,,
,,,,,,,,,,,EW,001,2020-08-26_12h48.51.834,DelayedExp,2020.1.3,MacIntel,60,,,z,1.350035,0,139,139,54,1,0.13933225,INHALE,,,,,,,,,,,,
,,,,,,,,,,,EW,001,2020-08-26_12h48.51.834,DelayedExp,2020.1.3,MacIntel,60,,,slash,0.59672,0,140,140,297,1,0.329692231,STRESS,,,,,,,,,,,,
,,,,,,,,,,,EW,001,2020-08-26_12h48.51.834,DelayedExp,2020.1.3,MacIntel,60,,,z,0.760955,0,141,141,264,1,0.953873517,DEATH,,,,,,,,,,,,
,,,,,,,,,,,EW,001,2020-08-26_12h48.51.834,DelayedExp,2020.1.3,MacIntel,60,,,slash,0.99742,0,142,142,293,1,0.999836289,NECK,,,,,,,,,,,,
,,,,,,,,,,,EW,001,2020-08-26_12h48.51.834,DelayedExp,2020.1.3,MacIntel,60,,,slash,0.66478,0,143,143,151,1,0.101877547,ORANGE,,,,,,,,,,,,
,,,,,,,,,,,EW,001,2020-08-26_12h48.51.834,DelayedExp,2020.1.3,MacIntel,60,,,z,0.916995,0,144,144,75,1,0.337872762,TENNIS,,,,,,,,,,,,
,,,,,,,,,,,EW,001,2020-08-26_12h48.51.834,DelayedExp,2020.1.3,MacIntel,60,,,slash,1.72757,0,145,145,45,1,0.372193724,BORROW,,,,,,,,,,,,
,,,,,,,,,,,EW,001,2020-08-26_12h48.51.834,DelayedExp,2020.1.3,MacIntel,60,,,z,0.698535,0,146,146,222,1,0.174208109,CLEAR,,,,,,,,,,,,
,,,,,,,,,,,EW,001,2020-08-26_12h48.51.834,DelayedExp,2020.1.3,MacIntel,60,,,slash,1.035465,0,147,147,167,1,0.395523204,LAWYER,,,,,,,,,,,,
,,,,,,,,,,,EW,001,2020-08-26_12h48.51.834,DelayedExp,2020.1.3,MacIntel,60,,,slash,1.133605,0,148,148,294,1,0.470676838,NIGHTS,,,,,,,,,,,,
,,,,,,,,,,,EW,001,2020-08-26_12h48.51.834,DelayedExp,2020.1.3,MacIntel,60,,,slash,0.715295,0,149,149,288,1,0.439318871,CHILD,,,,,,,,,,,,
,,,,,,,,,,,EW,001,2020-08-26_12h48.51.834,DelayedExp,2020.1.3,MacIntel,60,,,z,0.886295,0,150,150,148,1,0.588095083,WEIGHT,,,,,,,,,,,,
,,,,,,,,,,,EW,001,2020-08-26_12h48.51.834,DelayedExp,2020.1.3,MacIntel,60,,,slash,0.76722,0,151,151,258,1,0.636956338,RAIN,,,,,,,,,,,,
,,,,,,,,,,,EW,001,2020-08-26_12h48.51.834,DelayedExp,2020.1.3,MacIntel,60,,,z,0.665505,0,152,152,137,1,0.04922332,NEPHEW,,,,,,,,,,,,
,,,,,,,,,,,EW,001,2020-08-26_12h48.51.834,DelayedExp,2020.1.3,MacIntel,60,,,z,0.66639,0,153,153,278,1,0.493656389,KNIFE,,,,,,,,,,,,
,,,,,,,,,,,EW,001,2020-08-26_12h48.51.834,DelayedExp,2020.1.3,MacIntel,60,,,slash,0.76166,0,154,154,164,1,0.499184699,NICKEL,,,,,,,,,,,,
,,,,,,,,,,,EW,001,2020-08-26_12h48.51.834,DelayedExp,2020.1.3,MacIntel,60,,,slash,0.63341,0,155,155,275,1,0.591229651,SAME,,,,,,,,,,,,
,,,,,,,,,,,EW,001,2020-08-26_12h48.51.834,DelayedExp,2020.1.3,MacIntel,60,,,z,0.96671,0,156,156,131,1,0.977757327,GLORY,,,,,,,,,,,,
,,,,,,,,,,,EW,001,2020-08-26_12h48.51.834,DelayedExp,2020.1.3,MacIntel,60,,,z,0.96594,0,157,157,256,1,0.440350151,VOTE,,,,,,,,,,,,
,,,,,,,,,,,EW,001,2020-08-26_12h48.51.834,DelayedExp,2020.1.3,MacIntel,60,,,z,0.88346,0,158,158,180,1,0.596776993,MINIMUM,,,,,,,,,,,,
,,,,,,,,,,,EW,001,2020-08-26_12h48.51.834,DelayedExp,2020.1.3,MacIntel,60,,,slash,0.63032,0,159,159,199,1,0.191406649,SMALL,,,,,,,,,,,,
,,,,,,,,,,,EW,001,2020-08-26_12h48.51.834,DelayedExp,2020.1.3,MacIntel,60,,,slash,0.682595,0,160,160,325,1,0.071143329,ROSE,,,,,,,,,,,,
,,,,,,,,,,,EW,001,2020-08-26_12h48.51.834,DelayedExp,2020.1.3,MacIntel,60,,,slash,0.61565,0,161,161,232,1,0.742775951,TAKE,,,,,,,,,,,,
,,,,,,,,,,,EW,001,2020-08-26_12h48.51.834,DelayedExp,2020.1.3,MacIntel,60,,,slash,0.6837,0,162,162,197,1,0.207302344,EFFECT,,,,,,,,,,,,
,,,,,,,,,,,EW,001,2020-08-26_12h48.51.834,DelayedExp,2020.1.3,MacIntel,60,,,slash,0.83013,0,163,163,140,1,0.513462153,RIGHT,,,,,,,,,,,,
,,,,,,,,,,,EW,001,2020-08-26_12h48.51.834,DelayedExp,2020.1.3,MacIntel,60,,,z,0.812835,0,164,164,44,1,0.959776627,CLUE,,,,,,,,,,,,
,,,,,,,,,,,EW,001,2020-08-26_12h48.51.834,DelayedExp,2020.1.3,MacIntel,60,,,slash,0.97601,0,165,165,130,1,0.924861015,FLOWER,,,,,,,,,,,,
,,,,,,,,,,,EW,001,2020-08-26_12h48.51.834,DelayedExp,2020.1.3,MacIntel,60,,,slash,0.730075,0,166,166,306,1,0.37743271,LIGHT,,,,,,,,,,,,
,,,,,,,,,,,EW,001,2020-08-26_12h48.51.834,DelayedExp,2020.1.3,MacIntel,60,,,z,0.731855,0,167,167,15,1,0.767362569,HOOP,,,,,,,,,,,,
,,,,,,,,,,,EW,001,2020-08-26_12h48.51.834,DelayedExp,2020.1.3,MacIntel,60,,,z,0.75147,0,168,168,43,1,0.86028452,BALLET,,,,,,,,,,,,
,,,,,,,,,,,EW,001,2020-08-26_12h48.51.834,DelayedExp,2020.1.3,MacIntel,60,,,z,1.182905,0,169,169,332,1,0.974059223,SPOTS,,,,,,,,,,,,
,,,,,,,,,,,EW,001,2020-08-26_12h48.51.834,DelayedExp,2020.1.3,MacIntel,60,,,slash,0.86329,0,170,170,320,1,0.741824668,TOUCH,,,,,,,,,,,,
,,,,,,,,,,,EW,001,2020-08-26_12h48.51.834,DelayedExp,2020.1.3,MacIntel,60,,,slash,0.69688,0,171,171,28,1,0.933394255,NOISE,,,,,,,,,,,,
,,,,,,,,,,,EW,001,2020-08-26_12h48.51.834,DelayedExp,2020.1.3,MacIntel,60,,,z,0.68682,0,172,172,149,1,0.72994759,WEST,,,,,,,,,,,,
,,,,,,,,,,,EW,001,2020-08-26_12h48.51.834,DelayedExp,2020.1.3,MacIntel,60,,,z,1.29416,0,173,173,158,1,0.206321793,EGGS,,,,,,,,,,,,
,,,,,,,,,,,EW,001,2020-08-26_12h48.51.834,DelayedExp,2020.1.3,MacIntel,60,,,slash,0.566875,0,174,174,212,1,0.933068314,FIND,,,,,,,,,,,,
,,,,,,,,,,,EW,001,2020-08-26_12h48.51.834,DelayedExp,2020.1.3,MacIntel,60,,,slash,0.67684,0,175,175,207,1,0.102261305,SLEEP,,,,,,,,,,,,
,,,,,,,,,,,EW,001,2020-08-26_12h48.51.834,DelayedExp,2020.1.3,MacIntel,60,,,z,1.368515,0,176,176,53,1,0.035225253,HUNGER,,,,,,,,,,,,
,,,,,,,,,,,EW,001,2020-08-26_12h48.51.834,DelayedExp,2020.1.3,MacIntel,60,,,slash,1.38113,0,177,177,113,1,0.596909304,SHORT,,,,,,,,,,,,
,,,,,,,,,,,EW,001,2020-08-26_12h48.51.834,DelayedExp,2020.1.3,MacIntel,60,,,slash,0.62679,0,178,178,186,1,0.020590653,MONKEY,,,,,,,,,,,,
,,,,,,,,,,,EW,001,2020-08-26_12h48.51.834,DelayedExp,2020.1.3,MacIntel,60,,,slash,0.68354,0,179,179,221,1,0.684596534,FOOD,,,,,,,,,,,,
,,,,,,,,,,,EW,001,2020-08-26_12h48.51.834,DelayedExp,2020.1.3,MacIntel,60,,,z,0.56724,0,180,180,26,1,0.374813835,PICTURE,,,,,,,,,,,,
,,,,,,,,,,,EW,001,2020-08-26_12h48.51.834,DelayedExp,2020.1.3,MacIntel,60,,,z,0.622115,0,181,181,272,1,0.799885569,CLOWN,,,,,,,,,,,,
,,,,,,,,,,,EW,001,2020-08-26_12h48.51.834,DelayedExp,2020.1.3,MacIntel,60,,,slash,0.49747,0,182,182,198,1,0.339677471,TIRED,,,,,,,,,,,,
,,,,,,,,,,,EW,001,2020-08-26_12h48.51.834,DelayedExp,2020.1.3,MacIntel,60,,,slash,0.91019,0,183,183,201,1,0.642131457,JEANS,,,,,,,,,,,,
,,,,,,,,,,,EW,001,2020-08-26_12h48.51.834,DelayedExp,2020.1.3,MacIntel,60,,,slash,0.717115,0,184,184,143,1,0.836621785,SMOOTH,,,,,,,,,,,,
,,,,,,,,,,,EW,001,2020-08-26_12h48.51.834,DelayedExp,2020.1.3,MacIntel,60,,,slash,0.631675,0,185,185,309,1,0.479222319,MOVE,,,,,,,,,,,,
,,,,,,,,,,,EW,001,2020-08-26_12h48.51.834,DelayedExp,2020.1.3,MacIntel,60,,,slash,0.71646,0,186,186,292,1,0.259596472,SHERIFF,,,,,,,,,,,,
,,,,,,,,,,,EW,001,2020-08-26_12h48.51.834,DelayedExp,2020.1.3,MacIntel,60,,,z,0.574845,0,187,187,303,1,0.123847496,RULE,,,,,,,,,,,,
,,,,,,,,,,,EW,001,2020-08-26_12h48.51.834,DelayedExp,2020.1.3,MacIntel,60,,,slash,0.97682,0,188,188,102,1,0.305795185,MINUS,,,,,,,,,,,,
,,,,,,,,,,,EW,001,2020-08-26_12h48.51.834,DelayedExp,2020.1.3,MacIntel,60,,,slash,0.864565,0,189,189,29,1,0.170546156,POUND,,,,,,,,,,,,
,,,,,,,,,,,EW,001,2020-08-26_12h48.51.834,DelayedExp,2020.1.3,MacIntel,60,,,slash,0.666625,0,190,190,162,1,0.263908753,CLAM,,,,,,,,,,,,
,,,,,,,,,,,EW,001,2020-08-26_12h48.51.834,DelayedExp,2020.1.3,MacIntel,60,,,z,0.83005,0,191,191,94,1,0.032716766,FENCE,,,,,,,,,,,,
,,,,,,,,,,,EW,001,2020-08-26_12h48.51.834,DelayedExp,2020.1.3,MacIntel,60,,,z,0.619235,0,192,192,59,1,0.622354057,MIDDLE,,,,,,,,,,,,
,,,,,,,,,,,EW,001,2020-08-26_12h48.51.834,DelayedExp,2020.1.3,MacIntel,60,,,slash,1.316595,0,193,193,284,1,0.111720609,THANKS,,,,,,,,,,,,
,,,,,,,,,,,EW,001,2020-08-26_12h48.51.834,DelayedExp,2020.1.3,MacIntel,60,,,z,0.61743,0,194,194,215,1,0.232175276,TREE,,,,,,,,,,,,
,,,,,,,,,,,EW,001,2020-08-26_12h48.51.834,DelayedExp,2020.1.3,MacIntel,60,,,slash,0.61652,0,195,195,245,1,0.659684924,SHIP,,,,,,,,,,,,
,,,,,,,,,,,EW,001,2020-08-26_12h48.51.834,DelayedExp,2020.1.3,MacIntel,60,,,z,0.766735,0,196,196,42,1,0.103207997,ALIVE,,,,,,,,,,,,
,,,,,,,,,,,EW,001,2020-08-26_12h48.51.834,DelayedExp,2020.1.3,MacIntel,60,,,slash,0.501775,0,197,197,119,1,0.68933552,THROW,,,,,,,,,,,,
,,,,,,,,,,,EW,001,2020-08-26_12h48.51.834,DelayedExp,2020.1.3,MacIntel,60,,,slash,0.565745,0,198,198,69,1,0.895309833,SLOW,,,,,,,,,,,,
,,,,,,,,,,,EW,001,2020-08-26_12h48.51.834,DelayedExp,2020.1.3,MacIntel,60,,,slash,0.96241,0,199,199,133,1,0.488487033,GUITAR,,,,,,,,,,,,
,,,,,,,,,,,EW,001,2020-08-26_12h48.51.834,DelayedExp,2020.1.3,MacIntel,60,,,slash,0.6499,0,200,200,266,1,0.280803551,REAL,,,,,,,,,,,,
,,,,,,,,,,,EW,001,2020-08-26_12h48.51.834,DelayedExp,2020.1.3,MacIntel,60,,,slash,0.71511,0,201,201,295,1,0.329057886,GUILT,,,,,,,,,,,,
,,,,,,,,,,,EW,001,2020-08-26_12h48.51.834,DelayedExp,2020.1.3,MacIntel,60,,,z,0.58701,0,202,202,33,1,0.657670218,DOOR,,,,,,,,,,,,
,,,,,,,,,,,EW,001,2020-08-26_12h48.51.834,DelayedExp,2020.1.3,MacIntel,60,,,z,0.950275,0,203,203,324,1,0.343912954,SHIRT,,,,,,,,,,,,
,,,,,,,,,,,EW,001,2020-08-26_12h48.51.834,DelayedExp,2020.1.3,MacIntel,60,,,slash,1.0315,0,204,204,38,1,0.278858385,THIEF,,,,,,,,,,,,
,,,,,,,,,,,EW,001,2020-08-26_12h48.51.834,DelayedExp,2020.1.3,MacIntel,60,,,slash,0.73562,0,205,205,77,1,0.722906444,THIRST,,,,,,,,,,,,
,,,,,,,,,,,EW,001,2020-08-26_12h48.51.834,DelayedExp,2020.1.3,MacIntel,60,,,z,0.83419,0,206,206,52,1,0.364296942,ARGUE,,,,,,,,,,,,
,,,,,,,,,,,EW,001,2020-08-26_12h48.51.834,DelayedExp,2020.1.3,MacIntel,60,,,z,0.415555,0,207,207,280,1,0.045251049,EXACT,,,,,,,,,,,,
,,,,,,,,,,,EW,001,2020-08-26_12h48.51.834,DelayedExp,2020.1.3,MacIntel,60,,,slash,0.69539,0,208,208,224,1,0.551265897,DRESS,,,,,,,,,,,,
,,,,,,,,,,,EW,001,2020-08-26_12h48.51.834,DelayedExp,2020.1.3,MacIntel,60,,,slash,0.73129,0,209,209,105,1,0.795560321,OFFICE,,,,,,,,,,,,
,,,,,,,,,,,EW,001,2020-08-26_12h48.51.834,DelayedExp,2020.1.3,MacIntel,60,,,slash,2.16747,0,210,210,23,1,0.75381934,ROAD,,,,,,,,,,,,
,,,,,,,,,,,EW,001,2020-08-26_12h48.51.834,DelayedExp,2020.1.3,MacIntel,60,,,slash,1.16788,0,211,211,331,1,0.350721723,CLIMB,,,,,,,,,,,,
,,,,,,,,,,,EW,001,2020-08-26_12h48.51.834,DelayedExp,2020.1.3,MacIntel,60,,,slash,0.769625,0,212,212,21,1,0.817537999,LAKE,,,,,,,,,,,,
,,,,,,,,,,,EW,001,2020-08-26_12h48.51.834,DelayedExp,2020.1.3,MacIntel,60,,,slash,0.786625,0,213,213,150,1,0.990811347,BIRD,,,,,,,,,,,,
,,,,,,,,,,,EW,001,2020-08-26_12h48.51.834,DelayedExp,2020.1.3,MacIntel,60,,,z,0.750035,0,214,214,0,1,0.529420303,STOMACH,,,,,,,,,,,,
,,,,,,,,,,,EW,001,2020-08-26_12h48.51.834,DelayedExp,2020.1.3,MacIntel,60,,,z,0.7321,0,215,215,216,1,0.181342252,LETTUCE,,,,,,,,,,,,
,,,,,,,,,,,EW,001,2020-08-26_12h48.51.834,DelayedExp,2020.1.3,MacIntel,60,,,z,0.74897,0,216,216,238,1,0.928411832,HAPPY,,,,,,,,,,,,
,,,,,,,,,,,EW,001,2020-08-26_12h48.51.834,DelayedExp,2020.1.3,MacIntel,60,,,slash,0.581635,0,217,217,209,1,0.590464133,CARRY,,,,,,,,,,,,
,,,,,,,,,,,EW,001,2020-08-26_12h48.51.834,DelayedExp,2020.1.3,MacIntel,60,,,slash,0.91487,0,218,218,328,1,0.478092108,KNIT,,,,,,,,,,,,
,,,,,,,,,,,EW,001,2020-08-26_12h48.51.834,DelayedExp,2020.1.3,MacIntel,60,,,slash,0.60162,0,219,219,125,1,0.438481598,YOURS,,,,,,,,,,,,
,,,,,,,,,,,EW,001,2020-08-26_12h48.51.834,DelayedExp,2020.1.3,MacIntel,60,,,z,0.586,0,220,220,3,1,0.930226099,BRIDE,,,,,,,,,,,,
,,,,,,,,,,,EW,001,2020-08-26_12h48.51.834,DelayedExp,2020.1.3,MacIntel,60,,,z,1.032875,0,221,221,60,1,0.106867699,MOTHER,,,,,,,,,,,,
,,,,,,,,,,,EW,001,2020-08-26_12h48.51.834,DelayedExp,2020.1.3,MacIntel,60,,,slash,0.765935,0,222,222,227,1,0.774027327,SWORD,,,,,,,,,,,,
,,,,,,,,,,,EW,001,2020-08-26_12h48.51.834,DelayedExp,2020.1.3,MacIntel,60,,,slash,0.88241,0,223,223,184,1,0.25753243,SURE,,,,,,,,,,,,
,,,,,,,,,,,EW,001,2020-08-26_12h48.51.834,DelayedExp,2020.1.3,MacIntel,60,,,z,0.78093,0,224,224,141,1,0.039524914,SELLER,,,,,,,,,,,,
,,,,,,,,,,,EW,001,2020-08-26_12h48.51.834,DelayedExp,2020.1.3,MacIntel,60,,,slash,0.87572,0,225,225,172,1,0.2900152,PRIDE,,,,,,,,,,,,
,,,,,,,,,,,EW,001,2020-08-26_12h48.51.834,DelayedExp,2020.1.3,MacIntel,60,,,slash,0.636205,0,226,226,282,1,0.832454145,MANY,,,,,,,,,,,,
,,,,,,,,,,,EW,001,2020-08-26_12h48.51.834,DelayedExp,2020.1.3,MacIntel,60,,,slash,0.71463,0,227,227,192,1,0.528406925,WANT,,,,,,,,,,,,
,,,,,,,,,,,EW,001,2020-08-26_12h48.51.834,DelayedExp,2020.1.3,MacIntel,60,,,slash,0.8546,0,228,228,327,1,0.406012152,SKIN,,,,,,,,,,,,
,,,,,,,,,,,EW,001,2020-08-26_12h48.51.834,DelayedExp,2020.1.3,MacIntel,60,,,z,0.85388,0,229,229,301,1,0.925475301,BIKE,,,,,,,,,,,,
,,,,,,,,,,,EW,001,2020-08-26_12h48.51.834,DelayedExp,2020.1.3,MacIntel,60,,,z,0.814435,0,230,230,223,1,0.261202417,CHURCH,,,,,,,,,,,,
,,,,,,,,,,,EW,001,2020-08-26_12h48.51.834,DelayedExp,2020.1.3,MacIntel,60,,,slash,0.75379,0,231,231,283,1,0.222912429,SCISSORS,,,,,,,,,,,,
,,,,,,,,,,,EW,001,2020-08-26_12h48.51.834,DelayedExp,2020.1.3,MacIntel,60,,,z,0.729345,0,232,232,1,1,0.591883168,BELOW,,,,,,,,,,,,
,,,,,,,,,,,EW,001,2020-08-26_12h48.51.834,DelayedExp,2020.1.3,MacIntel,60,,,slash,0.69933,0,233,233,236,1,0.171134895,DESERT,,,,,,,,,,,,
,,,,,,,,,,,EW,001,2020-08-26_12h48.51.834,DelayedExp,2020.1.3,MacIntel,60,,,z,0.945825,0,234,234,91,1,0.23738116,DOLLAR,,,,,,,,,,,,
,,,,,,,,,,,EW,001,2020-08-26_12h48.51.834,DelayedExp,2020.1.3,MacIntel,60,,,slash,0.71586,0,235,235,122,1,0.850519608,WHERE,,,,,,,,,,,,
,,,,,,,,,,,EW,001,2020-08-26_12h48.51.834,DelayedExp,2020.1.3,MacIntel,60,,,slash,0.74989,0,236,236,296,1,0.044271884,BRAIN,,,,,,,,,,,,
,,,,,,,,,,,EW,001,2020-08-26_12h48.51.834,DelayedExp,2020.1.3,MacIntel,60,,,slash,0.898275,0,237,237,177,1,0.459837106,HELLO,,,,,,,,,,,,
,,,,,,,,,,,EW,001,2020-08-26_12h48.51.834,DelayedExp,2020.1.3,MacIntel,60,,,slash,0.716085,0,238,238,263,1,0.53790981,THIN,,,,,,,,,,,,
,,,,,,,,,,,EW,001,2020-08-26_12h48.51.834,DelayedExp,2020.1.3,MacIntel,60,,,slash,0.785215,0,239,239,51,1,0.207299492,CHAIN,,,,,,,,,,,,
,,,,,,,,,,,EW,001,2020-08-26_12h48.51.834,DelayedExp,2020.1.3,MacIntel,60,,,slash,0.786135,0,240,240,93,1,0.356605252,ENTER,,,,,,,,,,,,
,,,,,,,,,,,EW,001,2020-08-26_12h48.51.834,DelayedExp,2020.1.3,MacIntel,60,,,z,0.75265,0,241,241,230,1,0.204536132,HAIR,,,,,,,,,,,,
,,,,,,,,,,,EW,001,2020-08-26_12h48.51.834,DelayedExp,2020.1.3,MacIntel,60,,,z,0.697875,0,242,242,61,1,0.114204089,NAVY,,,,,,,,,,,,
,,,,,,,,,,,EW,001,2020-08-26_12h48.51.834,DelayedExp,2020.1.3,MacIntel,60,,,slash,0.665145,0,243,243,240,1,0.608522653,ROOF,,,,,,,,,,,,
,,,,,,,,,,,EW,001,2020-08-26_12h48.51.834,DelayedExp,2020.1.3,MacIntel,60,,,slash,0.71634,0,244,244,171,1,0.821679804,PAPER,,,,,,,,,,,,
,,,,,,,,,,,EW,001,2020-08-26_12h48.51.834,DelayedExp,2020.1.3,MacIntel,60,,,slash,0.71829,0,245,245,217,1,0.635377534,GAME,,,,,,,,,,,,
,,,,,,,,,,,EW,001,2020-08-26_12h48.51.834,DelayedExp,2020.1.3,MacIntel,60,,,z,0.695555,0,246,246,305,1,0.229839417,WOOD,,,,,,,,,,,,
,,,,,,,,,,,EW,001,2020-08-26_12h48.51.834,DelayedExp,2020.1.3,MacIntel,60,,,z,0.91081,0,247,247,304,1,0.830035289,SUBJECT,,,,,,,,,,,,
,,,,,,,,,,,EW,001,2020-08-26_12h48.51.834,DelayedExp,2020.1.3,MacIntel,60,,,slash,0.764435,0,248,248,249,1,0.265528704,SOUR,,,,,,,,,,,,
,,,,,,,,,,,EW,001,2020-08-26_12h48.51.834,DelayedExp,2020.1.3,MacIntel,60,,,slash,0.73704,0,249,249,174,1,0.876517016,COPY,,,,,,,,,,,,
,,,,,,,,,,,EW,001,2020-08-26_12h48.51.834,DelayedExp,2020.1.3,MacIntel,60,,,z,0.688215,0,250,250,271,1,0.488682014,EXCUSE,,,,,,,,,,,,
,,,,,,,,,,,EW,001,2020-08-26_12h48.51.834,DelayedExp,2020.1.3,MacIntel,60,,,slash,0.62194,0,251,251,64,1,0.94223127,PURPLE,,,,,,,,,,,,
,,,,,,,,,,,EW,001,2020-08-26_12h48.51.834,DelayedExp,2020.1.3,MacIntel,60,,,slash,0.74248,0,252,252,329,1,0.617114391,STING,,,,,,,,,,,,
,,,,,,,,,,,EW,001,2020-08-26_12h48.51.834,DelayedExp,2020.1.3,MacIntel,60,,,slash,0.688435,0,253,253,108,1,0.062306235,PLANT,,,,,,,,,,,,
,,,,,,,,,,,EW,001,2020-08-26_12h48.51.834,DelayedExp,2020.1.3,MacIntel,60,,,z,0.756565,0,254,254,58,1,0.365289125,LOOK,,,,,,,,,,,,
,,,,,,,,,,,EW,001,2020-08-26_12h48.51.834,DelayedExp,2020.1.3,MacIntel,60,,,slash,0.76791,0,255,255,241,1,0.580617365,CHOOSE,,,,,,,,,,,,
,,,,,,,,,,,EW,001,2020-08-26_12h48.51.834,DelayedExp,2020.1.3,MacIntel,60,,,slash,0.80245,0,256,256,310,1,0.231906758,TOOTH,,,,,,,,,,,,
,,,,,,,,,,,EW,001,2020-08-26_12h48.51.834,DelayedExp,2020.1.3,MacIntel,60,,,slash,1.25026,0,257,257,279,1,0.47019639,PLANE ,,,,,,,,,,,,
,,,,,,,,,,,EW,001,2020-08-26_12h48.51.834,DelayedExp,2020.1.3,MacIntel,60,,,z,0.754655,0,258,258,142,1,0.302092566,SHEETS,,,,,,,,,,,,
,,,,,,,,,,,EW,001,2020-08-26_12h48.51.834,DelayedExp,2020.1.3,MacIntel,60,,,slash,0.500005,0,259,259,218,1,0.585156293,MAYBE,,,,,,,,,,,,
,,,,,,,,,,,EW,001,2020-08-26_12h48.51.834,DelayedExp,2020.1.3,MacIntel,60,,,slash,0.585505,0,260,260,311,1,0.789649172,STEAL,,,,,,,,,,,,
,,,,,,,,,,,EW,001,2020-08-26_12h48.51.834,DelayedExp,2020.1.3,MacIntel,60,,,z,0.799635,0,261,261,262,1,0.768450809,POTATO,,,,,,,,,,,,
,,,,,,,,,,,EW,001,2020-08-26_12h48.51.834,DelayedExp,2020.1.3,MacIntel,60,,,z,0.68614,0,262,262,46,1,0.627034201,BRANCH,,,,,,,,,,,,
,,,,,,,,,,,EW,001,2020-08-26_12h48.51.834,DelayedExp,2020.1.3,MacIntel,60,,,slash,0.74532,0,263,263,146,1,0.140478509,STREAM,,,,,,,,,,,,
,,,,,,,,,,,EW,001,2020-08-26_12h48.51.834,DelayedExp,2020.1.3,MacIntel,60,,,z,0.900065,0,264,264,111,1,0.169088161,ROCK,,,,,,,,,,,,
,,,,,,,,,,,EW,001,2020-08-26_12h48.51.834,DelayedExp,2020.1.3,MacIntel,60,,,slash,0.766745,0,265,265,235,1,0.146098407,HEAR,,,,,,,,,,,,
,,,,,,,,,,,EW,001,2020-08-26_12h48.51.834,DelayedExp,2020.1.3,MacIntel,60,,,z,0.786635,0,266,266,109,1,0.646797012,QUART,,,,,,,,,,,,
,,,,,,,,,,,EW,001,2020-08-26_12h48.51.834,DelayedExp,2020.1.3,MacIntel,60,,,z,0.701855,0,267,267,103,1,0.052879296,MINUTE,,,,,,,,,,,,
,,,,,,,,,,,EW,001,2020-08-26_12h48.51.834,DelayedExp,2020.1.3,MacIntel,60,,,z,0.73419,0,268,268,334,1,0.668643625,CELL,,,,,,,,,,,,
,,,,,,,,,,,EW,001,2020-08-26_12h48.51.834,DelayedExp,2020.1.3,MacIntel,60,,,slash,0.567315,0,269,269,302,1,0.807288891,HEAD,,,,,,,,,,,,
,,,,,,,,,,,EW,001,2020-08-26_12h48.51.834,DelayedExp,2020.1.3,MacIntel,60,,,slash,0.633835,0,270,270,57,1,0.864792964,FIRST,,,,,,,,,,,,
,,,,,,,,,,,EW,001,2020-08-26_12h48.51.834,DelayedExp,2020.1.3,MacIntel,60,,,z,0.63504,0,271,271,104,1,0.361827926,MUSCLE,,,,,,,,,,,,
,,,,,,,,,,,EW,001,2020-08-26_12h48.51.834,DelayedExp,2020.1.3,MacIntel,60,,,slash,0.651365,0,272,272,144,1,0.591531802,STAIRS,,,,,,,,,,,,
,,,,,,,,,,,EW,001,2020-08-26_12h48.51.834,DelayedExp,2020.1.3,MacIntel,60,,,slash,0.967065,0,273,273,210,1,0.329003806,COLLECT,,,,,,,,,,,,
,,,,,,,,,,,EW,001,2020-08-26_12h48.51.834,DelayedExp,2020.1.3,MacIntel,60,,,slash,0.78519,0,274,274,317,1,0.760979725,FAKE,,,,,,,,,,,,
,,,,,,,,,,,EW,001,2020-08-26_12h48.51.834,DelayedExp,2020.1.3,MacIntel,60,,,z,0.6874,0,275,275,11,1,0.990945607,FIVE,,,,,,,,,,,,
,,,,,,,,,,,EW,001,2020-08-26_12h48.51.834,DelayedExp,2020.1.3,MacIntel,60,,,slash,0.85137,0,276,276,252,1,0.847170391,DRUGS,,,,,,,,,,,,
,,,,,,,,,,,EW,001,2020-08-26_12h48.51.834,DelayedExp,2020.1.3,MacIntel,60,,,z,0.983185,0,277,277,257,1,0.166037545,SPIT,,,,,,,,,,,,
,,,,,,,,,,,EW,001,2020-08-26_12h48.51.834,DelayedExp,2020.1.3,MacIntel,60,,,slash,0.83332,0,278,278,253,1,0.604914171,TOCK,,,,,,,,,,,,
,,,,,,,,,,,EW,001,2020-08-26_12h48.51.834,DelayedExp,2020.1.3,MacIntel,60,,,z,1.018205,0,279,279,34,1,0.191245414,SOUTH,,,,,,,,,,,,
,,,,,,,,,,,EW,001,2020-08-26_12h48.51.834,DelayedExp,2020.1.3,MacIntel,60,,,slash,0.816685,0,280,280,79,1,0.946647028,TOES,,,,,,,,,,,,
,,,,,,,,,,,EW,001,2020-08-26_12h48.51.834,DelayedExp,2020.1.3,MacIntel,60,,,slash,0.88257,0,281,281,8,1,0.734539943,STARS,,,,,,,,,,,,
,,,,,,,,,,,EW,001,2020-08-26_12h48.51.834,DelayedExp,2020.1.3,MacIntel,60,,,z,1.19972,0,282,282,290,1,0.36148772,QUIET,,,,,,,,,,,,
,,,,,,,,,,,EW,001,2020-08-26_12h48.51.834,DelayedExp,2020.1.3,MacIntel,60,,,slash,0.61557,0,283,283,251,1,0.755504853,SMELL,,,,,,,,,,,,
,,,,,,,,,,,EW,001,2020-08-26_12h48.51.834,DelayedExp,2020.1.3,MacIntel,60,,,z,0.666695,0,284,284,83,1,0.628335846,WINTER,,,,,,,,,,,,
,,,,,,,,,,,EW,001,2020-08-26_12h48.51.834,DelayedExp,2020.1.3,MacIntel,60,,,slash,0.68459,0,285,285,4,1,0.151518023,CAMP,,,,,,,,,,,,
,,,,,,,,,,,EW,001,2020-08-26_12h48.51.834,DelayedExp,2020.1.3,MacIntel,60,,,slash,0.91925,0,286,286,299,1,0.551741698,MATH,,,,,,,,,,,,
,,,,,,,,,,,EW,001,2020-08-26_12h48.51.834,DelayedExp,2020.1.3,MacIntel,60,,,slash,1.09959,0,287,287,234,1,0.910379519,BELL,,,,,,,,,,,,
,,,,,,,,,,,EW,001,2020-08-26_12h48.51.834,DelayedExp,2020.1.3,MacIntel,60,,,slash,0.58301,0,288,288,335,1,0.613096738,DOCTOR,,,,,,,,,,,,
,,,,,,,,,,,EW,001,2020-08-26_12h48.51.834,DelayedExp,2020.1.3,MacIntel,60,,,slash,0.58288,0,289,289,242,1,0.154783212,VOLCANO,,,,,,,,,,,,
,,,,,,,,,,,EW,001,2020-08-26_12h48.51.834,DelayedExp,2020.1.3,MacIntel,60,,,z,0.63262,0,290,290,211,1,0.83196302,JACKET,,,,,,,,,,,,
,,,,,,,,,,,EW,001,2020-08-26_12h48.51.834,DelayedExp,2020.1.3,MacIntel,60,,,slash,0.61621,0,291,291,24,1,0.535356266,LEARN,,,,,,,,,,,,
,,,,,,,,,,,EW,001,2020-08-26_12h48.51.834,DelayedExp,2020.1.3,MacIntel,60,,,z,0.61431,0,292,292,106,1,0.013266111,PEPPER,,,,,,,,,,,,
,,,,,,,,,,,EW,001,2020-08-26_12h48.51.834,DelayedExp,2020.1.3,MacIntel,60,,,z,0.89881,0,293,293,333,1,0.442716238,PROPER,,,,,,,,,,,,
,,,,,,,,,,,EW,001,2020-08-26_12h48.51.834,DelayedExp,2020.1.3,MacIntel,60,,,slash,1.283395,0,294,294,220,1,0.585266459,TALK,,,,,,,,,,,,
,,,,,,,,,,,EW,001,2020-08-26_12h48.51.834,DelayedExp,2020.1.3,MacIntel,60,,,slash,0.632615,0,295,295,27,1,0.115207754,MINOR,,,,,,,,,,,,
,,,,,,,,,,,EW,001,2020-08-26_12h48.51.834,DelayedExp,2020.1.3,MacIntel,60,,,slash,0.52573,0,296,296,136,1,0.465404883,LENGTH,,,,,,,,,,,,
,,,,,,,,,,,EW,001,2020-08-26_12h48.51.834,DelayedExp,2020.1.3,MacIntel,60,,,slash,1.24429,0,297,297,128,1,0.264208821,DAGGER,,,,,,,,,,,,
,,,,,,,,,,,EW,001,2020-08-26_12h48.51.834,DelayedExp,2020.1.3,MacIntel,60,,,z,0.85118,0,298,298,135,1,0.258521111,GROSS,,,,,,,,,,,,
,,,,,,,,,,,EW,001,2020-08-26_12h48.51.834,DelayedExp,2020.1.3,MacIntel,60,,,z,0.818805,0,299,299,115,1,0.098200855,SPOON,,,,,,,,,,,,
,,,,,,,,,,,EW,001,2020-08-26_12h48.51.834,DelayedExp,2020.1.3,MacIntel,60,,,slash,0.722825,0,300,300,248,1,0.526050867,PROBLEM,,,,,,,,,,,,
,,,,,,,,,,,EW,001,2020-08-26_12h48.51.834,DelayedExp,2020.1.3,MacIntel,60,,,z,0.88789,0,301,301,219,1,0.384924291,MUSIC ,,,,,,,,,,,,
,,,,,,,,,,,EW,001,2020-08-26_12h48.51.834,DelayedExp,2020.1.3,MacIntel,60,,,z,0.932005,0,302,302,127,1,0.84080731,CHEESE,,,,,,,,,,,,
,,,,,,,,,,,EW,001,2020-08-26_12h48.51.834,DelayedExp,2020.1.3,MacIntel,60,,,slash,0.76851,0,303,303,194,1,0.109445088,FRONT,,,,,,,,,,,,
,,,,,,,,,,,EW,001,2020-08-26_12h48.51.834,DelayedExp,2020.1.3,MacIntel,60,,,slash,0.699245,0,304,304,107,1,0.70251761,PHONE,,,,,,,,,,,,
,,,,,,,,,,,EW,001,2020-08-26_12h48.51.834,DelayedExp,2020.1.3,MacIntel,60,,,slash,0.5453,0,305,305,74,1,0.732530315,SUPPER,,,,,,,,,,,,
,,,,,,,,,,,EW,001,2020-08-26_12h48.51.834,DelayedExp,2020.1.3,MacIntel,60,,,z,0.713145,0,306,306,16,1,0.237213652,HOTEL,,,,,,,,,,,,
,,,,,,,,,,,EW,001,2020-08-26_12h48.51.834,DelayedExp,2020.1.3,MacIntel,60,,,slash,0.8163,0,307,307,67,1,0.062957731,SEEK,,,,,,,,,,,,
,,,,,,,,,,,EW,001,2020-08-26_12h48.51.834,DelayedExp,2020.1.3,MacIntel,60,,,slash,0.733605,0,308,308,72,1,0.229864241,SQUARE,,,,,,,,,,,,
,,,,,,,,,,,EW,001,2020-08-26_12h48.51.834,DelayedExp,2020.1.3,MacIntel,60,,,slash,0.665585,0,309,309,161,1,0.627204247,WORK,,,,,,,,,,,,
,,,,,,,,,,,EW,001,2020-08-26_12h48.51.834,DelayedExp,2020.1.3,MacIntel,60,,,slash,1.15296,0,310,310,307,1,0.390412025,PENNY,,,,,,,,,,,,
,,,,,,,,,,,EW,001,2020-08-26_12h48.51.834,DelayedExp,2020.1.3,MacIntel,60,,,slash,0.069895,0,311,311,202,1,0.830510236,FIRE,,,,,,,,,,,,
,,,,,,,,,,,EW,001,2020-08-26_12h48.51.834,DelayedExp,2020.1.3,MacIntel,60,,,slash,0.763005,0,312,312,273,1,0.869923532,PURPOSE,,,,,,,,,,,,
,,,,,,,,,,,EW,001,2020-08-26_12h48.51.834,DelayedExp,2020.1.3,MacIntel,60,,,z,0.799095,0,313,313,65,1,0.218240095,READ,,,,,,,,,,,,
,,,,,,,,,,,EW,001,2020-08-26_12h48.51.834,DelayedExp,2020.1.3,MacIntel,60,,,slash,0.97887,0,314,314,10,1,0.531477438,SORRY,,,,,,,,,,,,
,,,,,,,,,,,EW,001,2020-08-26_12h48.51.834,DelayedExp,2020.1.3,MacIntel,60,,,z,0.580225,0,315,315,196,1,0.439241736,BOSS,,,,,,,,,,,,
,,,,,,,,,,,EW,001,2020-08-26_12h48.51.834,DelayedExp,2020.1.3,MacIntel,60,,,slash,0.68355,0,316,316,22,1,0.445369281,LAND,,,,,,,,,,,,
,,,,,,,,,,,EW,001,2020-08-26_12h48.51.834,DelayedExp,2020.1.3,MacIntel,60,,,z,0.817545,0,317,317,36,1,0.404338933,SWAMP,,,,,,,,,,,,
,,,,,,,,,,,EW,001,2020-08-26_12h48.51.834,DelayedExp,2020.1.3,MacIntel,60,,,z,0.610145,0,318,318,6,1,0.182134166,DEVIL,,,,,,,,,,,,
,,,,,,,,,,,EW,001,2020-08-26_12h48.51.834,DelayedExp,2020.1.3,MacIntel,60,,,slash,0.900485,0,319,319,323,1,0.752914843,GRAVE,,,,,,,,,,,,
,,,,,,,,,,,EW,001,2020-08-26_12h48.51.834,DelayedExp,2020.1.3,MacIntel,60,,,z,0.71671,0,320,320,267,1,0.251154165,ANNOY,,,,,,,,,,,,
,,,,,,,,,,,EW,001,2020-08-26_12h48.51.834,DelayedExp,2020.1.3,MacIntel,60,,,z,0.681335,0,321,321,147,1,0.678226791,TWELVE,,,,,,,,,,,,
,,,,,,,,,,,EW,001,2020-08-26_12h48.51.834,DelayedExp,2020.1.3,MacIntel,60,,,slash,0.841065,0,322,322,239,1,0.859566691,LOVE,,,,,,,,,,,,
,,,,,,,,,,,EW,001,2020-08-26_12h48.51.834,DelayedExp,2020.1.3,MacIntel,60,,,z,0.6666,0,323,323,166,1,0.37213925,YELLOW,,,,,,,,,,,,
,,,,,,,,,,,EW,001,2020-08-26_12h48.51.834,DelayedExp,2020.1.3,MacIntel,60,,,slash,0.769175,0,324,324,229,1,0.863538948,STREET,,,,,,,,,,,,
,,,,,,,,,,,EW,001,2020-08-26_12h48.51.834,DelayedExp,2020.1.3,MacIntel,60,,,z,0.882235,0,325,325,118,1,0.736402598,THERE,,,,,,,,,,,,
,,,,,,,,,,,EW,001,2020-08-26_12h48.51.834,DelayedExp,2020.1.3,MacIntel,60,,,slash,0.78056,0,326,326,228,1,0.461945718,BOARD,,,,,,,,,,,,
,,,,,,,,,,,EW,001,2020-08-26_12h48.51.834,DelayedExp,2020.1.3,MacIntel,60,,,z,0.71405,0,327,327,206,1,0.180692856,MAD,,,,,,,,,,,,
,,,,,,,,,,,EW,001,2020-08-26_12h48.51.834,DelayedExp,2020.1.3,MacIntel,60,,,z,0.746845,0,328,328,101,1,0.521607152,LEMON,,,,,,,,,,,,
,,,,,,,,,,,EW,001,2020-08-26_12h48.51.834,DelayedExp,2020.1.3,MacIntel,60,,,z,0.6151,0,329,329,49,1,0.205818425,CANDLE,,,,,,,,,,,,
,,,,,,,,,,,EW,001,2020-08-26_12h48.51.834,DelayedExp,2020.1.3,MacIntel,60,,,z,0.767195,0,330,330,7,1,0.772916293,DIRT,,,,,,,,,,,,
,,,,,,,,,,,EW,001,2020-08-26_12h48.51.834,DelayedExp,2020.1.3,MacIntel,60,,,slash,1.053775,0,331,331,117,1,0.662095356,TEETH,,,,,,,,,,,,
,,,,,,,,,,,EW,001,2020-08-26_12h48.51.834,DelayedExp,2020.1.3,MacIntel,60,,,slash,0.519285,0,332,332,243,1,0.741808225,WARM,,,,,,,,,,,,
,,,,,,,,,,,EW,001,2020-08-26_12h48.51.834,DelayedExp,2020.1.3,MacIntel,60,,,z,0.745445,0,333,333,80,1,0.330786118,VERB,,,,,,,,,,,,
,,,,,,,,,,,EW,001,2020-08-26_12h48.51.834,DelayedExp,2020.1.3,MacIntel,60,,,z,0.811695,0,334,334,112,1,0.648273378,SHARK,,,,,,,,,,,,
,,,,,,,,,,,EW,001,2020-08-26_12h48.51.834,DelayedExp,2020.1.3,MacIntel,60,,,z,0.69743,0,335,335,173,1,0.226878614,NINE,,,,,,,,,,,,
,,,,,,,,,,,EW,001,2020-08-26_12h48.51.834,DelayedExp,2020.1.3,MacIntel,60,,,,,,,,,,,,space,114.7105,EFFIGY,49.69,1251.69,XXXXX,0,0,0,0,1,
,,,,,,,,,,,EW,001,2020-08-26_12h48.51.834,DelayedExp,2020.1.3,MacIntel,60,,,,,,,,,,,,,,MUZZLE,49.655,1201.2,XXXXX,1,0,1,0,1,
,,,,,,,,,,,EW,001,2020-08-26_12h48.51.834,DelayedExp,2020.1.3,MacIntel,60,,,,,,,,,,,,,,TRAITOR,50.475,8001.35,TRAIT,2,0,2,0,1,
,,,,,,,,,,,EW,001,2020-08-26_12h48.51.834,DelayedExp,2020.1.3,MacIntel,60,,,,,,,,,,,,,,LYNX,49.755,1769.28,XXXXX,3,0,3,0,1,
,,,,,,,,,,,EW,001,2020-08-26_12h48.51.834,DelayedExp,2020.1.3,MacIntel,60,,,,,,,,,,,,,,ERUPT,50.84,8000.7,ERRUPT,4,0,4,0,1,
,,,,,,,,,,,EW,001,2020-08-26_12h48.51.834,DelayedExp,2020.1.3,MacIntel,60,,,,,,,,,,,,,,CEASE,48.63,1303.21,XXXXX,5,0,5,0,1,
,,,,,,,,,,,EW,001,2020-08-26_12h48.51.834,DelayedExp,2020.1.3,MacIntel,60,,,,,,,,,,,,,,PIAZZA,50.135,,,40,0,40,0,1,39
