"RecogWord","key_resp_3.keys","key_resp_3.rt","participant","session","date","expName","psychopyVersion","frameRate","Studied","StudyPosition","Block","PrimeCondition","RelatedPrime","Day1Position","Day2Position"
"MUSCLE","slash",2.242,"MM",1,"2020-07-10_12h59.54.465","DelayedExp","2020.1.3",60,"Studied",41,2,NA,NA,"1",NA
"MIDDLE","slash",1.248,"MM",1,"2020-07-10_12h59.54.465","DelayedExp","2020.1.3",60,"Studied",9,1,NA,NA,NA,NA
"WORST","slash",0.815,"MM",1,"2020-07-10_12h59.54.465","DelayedExp","2020.1.3",60,"Studied",37,2,NA,NA,"21",NA
"EFFECT","z",1.019,"MM",1,"2020-07-10_12h59.54.465","DelayedExp","2020.1.3",60,NA,NA,NA,"Unrelated",NA,NA,NA
"GUITAR","slash",0.642,"MM",1,"2020-07-10_12h59.54.465","DelayedExp","2020.1.3",60,"Studied",7,3,NA,NA,"22","4"
"BEACH","z",1.015,"MM",1,"2020-07-10_12h59.54.465","DelayedExp","2020.1.3",60,"Studied",19,3,NA,NA,"11",NA
"REPEAT","z",2.505,"MM",1,"2020-07-10_12h59.54.465","DelayedExp","2020.1.3",60,NA,NA,NA,NA,NA,NA,NA
"DESERT","slash",1.315,"MM",1,"2020-07-10_12h59.54.465","DelayedExp","2020.1.3",60,NA,NA,NA,NA,NA,NA,NA
"MINUTE","slash",0.673,"MM",1,"2020-07-10_12h59.54.465","DelayedExp","2020.1.3",60,"Studied",28,2,NA,NA,"14","125"
"SMELL","z",1.886,"MM",1,"2020-07-10_12h59.54.465","DelayedExp","2020.1.3",60,NA,NA,NA,NA,NA,NA,NA
"SNEEZE","z",0.918,"MM",1,"2020-07-10_12h59.54.465","DelayedExp","2020.1.3",60,NA,NA,NA,NA,NA,NA,NA
"ROSE","z",1.019,"MM",1,"2020-07-10_12h59.54.465","DelayedExp","2020.1.3",60,NA,NA,NA,"Unrelated",NA,NA,NA
"MANY","z",1.342,"MM",1,"2020-07-10_12h59.54.465","DelayedExp","2020.1.3",60,NA,NA,NA,NA,NA,NA,NA
"SPOON","z",1.265,"MM",1,"2020-07-10_12h59.54.465","DelayedExp","2020.1.3",60,"Studied",31,2,"Identical",NA,NA,NA
"SLIDE","slash",1.868,"MM",1,"2020-07-10_12h59.54.465","DelayedExp","2020.1.3",60,NA,NA,NA,NA,NA,NA,NA
"ONCE","slash",0.799,"MM",1,"2020-07-10_12h59.54.465","DelayedExp","2020.1.3",60,NA,NA,NA,NA,NA,NA,NA
"STORY","slash",1.004,"MM",1,"2020-07-10_12h59.54.465","DelayedExp","2020.1.3",60,"Studied",37,3,"Identical",NA,"33",NA
"CASTLE","slash",0.641,"MM",1,"2020-07-10_12h59.54.465","DelayedExp","2020.1.3",60,NA,NA,NA,"Unrelated",NA,NA,NA
"SUPPER","slash",0.77,"MM",1,"2020-07-10_12h59.54.465","DelayedExp","2020.1.3",60,"Studied",10,1,"Identical",NA,NA,NA
"BLACK","z",0.784,"MM",1,"2020-07-10_12h59.54.465","DelayedExp","2020.1.3",60,"Studied",22,4,NA,NA,NA,NA
"GLORY","z",0.767,"MM",1,"2020-07-10_12h59.54.465","DelayedExp","2020.1.3",60,NA,NA,NA,NA,NA,NA,NA
"WATER","z",1.002,"MM",1,"2020-07-10_12h59.54.465","DelayedExp","2020.1.3",60,NA,NA,NA,NA,NA,NA,NA
"VERB","z",1.838,"MM",1,"2020-07-10_12h59.54.465","DelayedExp","2020.1.3",60,"Studied",5,1,NA,NA,NA,NA
"SELF","slash",2.078,"MM",1,"2020-07-10_12h59.54.465","DelayedExp","2020.1.3",60,NA,NA,NA,NA,NA,NA,NA
"FIRE","z",1.078,"MM",1,"2020-07-10_12h59.54.465","DelayedExp","2020.1.3",60,NA,NA,NA,"Unrelated",NA,NA,NA
"CANDLE","slash",0.591,"MM",1,"2020-07-10_12h59.54.465","DelayedExp","2020.1.3",60,"Studied",19,1,"Identical",NA,"27","5"
"LAUGH","slash",0.902,"MM",1,"2020-07-10_12h59.54.465","DelayedExp","2020.1.3",60,"Studied",1,3,NA,NA,"7",NA
"LEARN","z",0.893,"MM",1,"2020-07-10_12h59.54.465","DelayedExp","2020.1.3",60,"Studied",32,4,"Identical",NA,NA,NA
"RIGHT","z",1.368,"MM",1,"2020-07-10_12h59.54.465","DelayedExp","2020.1.3",60,"Studied",40,3,NA,NA,NA,NA
"YOUNG","z",2.486,"MM",1,"2020-07-10_12h59.54.465","DelayedExp","2020.1.3",60,NA,NA,NA,"Unrelated",NA,NA,NA
"STREAM","slash",1.261,"MM",1,"2020-07-10_12h59.54.465","DelayedExp","2020.1.3",60,"Studied",38,3,"Identical",NA,NA,NA
"DRAW","z",1.041,"MM",1,"2020-07-10_12h59.54.465","DelayedExp","2020.1.3",60,NA,NA,NA,NA,NA,NA,NA
"SHARK","slash",0.608,"MM",1,"2020-07-10_12h59.54.465","DelayedExp","2020.1.3",60,"Studied",23,2,NA,NA,"6","33"
"STOMACH","slash",1.144,"MM",1,"2020-07-10_12h59.54.465","DelayedExp","2020.1.3",60,"Studied",21,4,NA,NA,NA,NA
"CHANGE","slash",1,"MM",1,"2020-07-10_12h59.54.465","DelayedExp","2020.1.3",60,"Studied",17,3,NA,NA,NA,NA
"COPY","z",0.808,"MM",1,"2020-07-10_12h59.54.465","DelayedExp","2020.1.3",60,NA,NA,NA,"Unrelated",NA,NA,NA
"KNIFE","z",0.925,"MM",1,"2020-07-10_12h59.54.465","DelayedExp","2020.1.3",60,NA,NA,NA,"Unrelated",NA,NA,NA
"SMILE","slash",1.037,"MM",1,"2020-07-10_12h59.54.465","DelayedExp","2020.1.3",60,"Studied",31,4,NA,NA,"9,10",NA
"NUMBER","z",1.568,"MM",1,"2020-07-10_12h59.54.465","DelayedExp","2020.1.3",60,"Studied",29,3,NA,NA,NA,NA
"SHORT","slash",0.858,"MM",1,"2020-07-10_12h59.54.465","DelayedExp","2020.1.3",60,"Studied",10,2,"Identical",NA,NA,NA
"BOSS","z",0.849,"MM",1,"2020-07-10_12h59.54.465","DelayedExp","2020.1.3",60,NA,NA,NA,NA,NA,NA,NA
"STRESS","z",1.009,"MM",1,"2020-07-10_12h59.54.465","DelayedExp","2020.1.3",60,NA,NA,NA,NA,NA,NA,NA
"JAIL","z",0.671,"MM",1,"2020-07-10_12h59.54.465","DelayedExp","2020.1.3",60,NA,NA,NA,NA,NA,NA,NA
"BORROW","z",0.746,"MM",1,"2020-07-10_12h59.54.465","DelayedExp","2020.1.3",60,"Studied",16,1,NA,NA,NA,NA
"THANKS","z",0.704,"MM",1,"2020-07-10_12h59.54.465","DelayedExp","2020.1.3",60,NA,NA,NA,NA,NA,NA,NA
"ARGUE","slash",0.636,"MM",1,"2020-07-10_12h59.54.465","DelayedExp","2020.1.3",60,"Studied",27,1,NA,NA,"12","159"
"WEIGHT","z",2.654,"MM",1,"2020-07-10_12h59.54.465","DelayedExp","2020.1.3",60,"Studied",26,3,NA,NA,NA,NA
"WHERE","z",0.866,"MM",1,"2020-07-10_12h59.54.465","DelayedExp","2020.1.3",60,"Studied",39,2,NA,NA,NA,NA
"BUSH","z",0.666,"MM",1,"2020-07-10_12h59.54.465","DelayedExp","2020.1.3",60,NA,NA,NA,"Unrelated",NA,NA,NA
"CLASS","slash",1.277,"MM",1,"2020-07-10_12h59.54.465","DelayedExp","2020.1.3",60,NA,NA,NA,"Unrelated",NA,NA,NA
"FENCE","slash",1.554,"MM",1,"2020-07-10_12h59.54.465","DelayedExp","2020.1.3",60,"Studied",20,2,NA,NA,NA,NA
"FINGER","slash",1.143,"MM",1,"2020-07-10_12h59.54.465","DelayedExp","2020.1.3",60,"Studied",22,2,"Identical",NA,NA,NA
"SMOKE","slash",0.891,"MM",1,"2020-07-10_12h59.54.465","DelayedExp","2020.1.3",60,"Studied",1,4,"Identical",NA,"15",NA
"TOUR","z",0.64,"MM",1,"2020-07-10_12h59.54.465","DelayedExp","2020.1.3",60,NA,NA,NA,"Unrelated",NA,NA,NA
"BELOW","slash",0.752,"MM",1,"2020-07-10_12h59.54.465","DelayedExp","2020.1.3",60,"Studied",9,4,NA,NA,"22","1"
"KILL","slash",1.376,"MM",1,"2020-07-10_12h59.54.465","DelayedExp","2020.1.3",60,"Studied",5,4,NA,NA,NA,NA
"BUCKET","slash",1.009,"MM",1,"2020-07-10_12h59.54.465","DelayedExp","2020.1.3",60,"Studied",7,1,"Identical",NA,NA,NA
"OFFICE","z",2.195,"MM",1,"2020-07-10_12h59.54.465","DelayedExp","2020.1.3",60,"Studied",16,2,NA,NA,NA,NA
"MINIMUM","z",0.724,"MM",1,"2020-07-10_12h59.54.465","DelayedExp","2020.1.3",60,NA,NA,NA,"Unrelated",NA,NA,NA
"GROSS","slash",1.025,"MM",1,"2020-07-10_12h59.54.465","DelayedExp","2020.1.3",60,"Studied",36,3,NA,NA,NA,NA
"TWELVE","z",0.827,"MM",1,"2020-07-10_12h59.54.465","DelayedExp","2020.1.3",60,"Studied",30,3,NA,NA,NA,NA
"PAIN","slash",1.299,"MM",1,"2020-07-10_12h59.54.465","DelayedExp","2020.1.3",60,"Studied",1,1,NA,NA,NA,NA
"CHOOSE","slash",3.829,"MM",1,"2020-07-10_12h59.54.465","DelayedExp","2020.1.3",60,NA,NA,NA,NA,NA,NA,NA
"STAMP","slash",1.002,"MM",1,"2020-07-10_12h59.54.465","DelayedExp","2020.1.3",60,NA,NA,NA,NA,NA,NA,NA
"BALLET","slash",1.166,"MM",1,"2020-07-10_12h59.54.465","DelayedExp","2020.1.3",60,"Studied",42,1,NA,NA,"1",NA
"FOUND","z",2.853,"MM",1,"2020-07-10_12h59.54.465","DelayedExp","2020.1.3",60,"Studied",5,2,NA,NA,NA,NA
"CARD","z",0.749,"MM",1,"2020-07-10_12h59.54.465","DelayedExp","2020.1.3",60,NA,NA,NA,NA,NA,NA,NA
"DOLLAR","z",0.883,"MM",1,"2020-07-10_12h59.54.465","DelayedExp","2020.1.3",60,"Studied",38,2,"Identical",NA,NA,NA
"FIVE","z",2.064,"MM",1,"2020-07-10_12h59.54.465","DelayedExp","2020.1.3",60,"Studied",40,4,NA,NA,"2",NA
"LENGTH","z",1.236,"MM",1,"2020-07-10_12h59.54.465","DelayedExp","2020.1.3",60,"Studied",39,3,"Identical",NA,NA,NA
"GRAVE","z",0.794,"MM",1,"2020-07-10_12h59.54.465","DelayedExp","2020.1.3",60,NA,NA,NA,"Unrelated",NA,NA,NA
"SOUTH","slash",1.125,"MM",1,"2020-07-10_12h59.54.465","DelayedExp","2020.1.3",60,"Studied",6,4,NA,NA,"20",NA
"ITCH","z",0.875,"MM",1,"2020-07-10_12h59.54.465","DelayedExp","2020.1.3",60,NA,NA,NA,"Unrelated",NA,NA,NA
"KNIT","slash",1.486,"MM",1,"2020-07-10_12h59.54.465","DelayedExp","2020.1.3",60,NA,NA,NA,NA,NA,NA,NA
"JUMP","z",0.805,"MM",1,"2020-07-10_12h59.54.465","DelayedExp","2020.1.3",60,"Studied",23,4,NA,NA,NA,NA
"CAKE","z",1.418,"MM",1,"2020-07-10_12h59.54.465","DelayedExp","2020.1.3",60,NA,NA,NA,"Unrelated",NA,NA,NA
"BABY","z",1.424,"MM",1,"2020-07-10_12h59.54.465","DelayedExp","2020.1.3",60,NA,NA,NA,"Unrelated",NA,NA,NA
"WINTER","slash",0.692,"MM",1,"2020-07-10_12h59.54.465","DelayedExp","2020.1.3",60,"Studied",24,1,NA,NA,NA,"577"
"PROPER","z",1.065,"MM",1,"2020-07-10_12h59.54.465","DelayedExp","2020.1.3",60,NA,NA,NA,NA,NA,NA,NA
"PRESENT","slash",0.748,"MM",1,"2020-07-10_12h59.54.465","DelayedExp","2020.1.3",60,"Studied",11,4,"Identical",NA,NA,NA
"ENTER","slash",0.886,"MM",1,"2020-07-10_12h59.54.465","DelayedExp","2020.1.3",60,"Studied",40,2,NA,NA,"3",NA
"GUILT","z",0.991,"MM",1,"2020-07-10_12h59.54.465","DelayedExp","2020.1.3",60,NA,NA,NA,"Unrelated",NA,NA,NA
"PLANE ","z",0.884,"MM",1,"2020-07-10_12h59.54.465","DelayedExp","2020.1.3",60,NA,NA,NA,NA,NA,NA,NA
"WRITE","z",1.085,"MM",1,"2020-07-10_12h59.54.465","DelayedExp","2020.1.3",60,NA,NA,NA,"Unrelated",NA,NA,NA
"SONG","z",0.764,"MM",1,"2020-07-10_12h59.54.465","DelayedExp","2020.1.3",60,NA,NA,NA,NA,NA,NA,NA
"SOFT","z",0.708,"MM",1,"2020-07-10_12h59.54.465","DelayedExp","2020.1.3",60,NA,NA,NA,NA,NA,NA,NA
"CLOCK","slash",0.623,"MM",1,"2020-07-10_12h59.54.465","DelayedExp","2020.1.3",60,"Studied",27,2,NA,NA,"13","126"
"LAWYER","slash",1.485,"MM",1,"2020-07-10_12h59.54.465","DelayedExp","2020.1.3",60,"Studied",27,3,"Identical",NA,NA,NA
"SHIP","z",1.043,"MM",1,"2020-07-10_12h59.54.465","DelayedExp","2020.1.3",60,NA,NA,NA,NA,NA,NA,NA
"CHURCH","z",0.727,"MM",1,"2020-07-10_12h59.54.465","DelayedExp","2020.1.3",60,NA,NA,NA,NA,NA,NA,NA
"TOCK","z",0.935,"MM",1,"2020-07-10_12h59.54.465","DelayedExp","2020.1.3",60,NA,NA,NA,NA,NA,NA,NA
"SPOTS","z",0.841,"MM",1,"2020-07-10_12h59.54.465","DelayedExp","2020.1.3",60,NA,NA,NA,"Unrelated",NA,NA,NA
"THROW","z",1.016,"MM",1,"2020-07-10_12h59.54.465","DelayedExp","2020.1.3",60,"Studied",18,2,"Identical",NA,NA,NA
"STAIRS","slash",0.709,"MM",1,"2020-07-10_12h59.54.465","DelayedExp","2020.1.3",60,"Studied",11,3,"Identical",NA,NA,NA
"ENGLISH","z",0.971,"MM",1,"2020-07-10_12h59.54.465","DelayedExp","2020.1.3",60,NA,NA,NA,NA,NA,NA,NA
"HEAD","z",0.818,"MM",1,"2020-07-10_12h59.54.465","DelayedExp","2020.1.3",60,NA,NA,NA,NA,NA,NA,NA
"BREAD","z",0.735,"MM",1,"2020-07-10_12h59.54.465","DelayedExp","2020.1.3",60,NA,NA,NA,NA,NA,NA,NA
"SKIN","slash",0.948,"MM",1,"2020-07-10_12h59.54.465","DelayedExp","2020.1.3",60,NA,NA,NA,NA,NA,NA,NA
"DEVIL","slash",0.625,"MM",1,"2020-07-10_12h59.54.465","DelayedExp","2020.1.3",60,"Studied",37,4,NA,NA,"8","7"
"BALL ","slash",1.06,"MM",1,"2020-07-10_12h59.54.465","DelayedExp","2020.1.3",60,NA,NA,NA,NA,NA,NA,NA
"PEPPER","z",0.85,"MM",1,"2020-07-10_12h59.54.465","DelayedExp","2020.1.3",60,"Studied",26,2,"Identical",NA,NA,NA
"SCISSORS","slash",0.926,"MM",1,"2020-07-10_12h59.54.465","DelayedExp","2020.1.3",60,NA,NA,NA,NA,NA,NA,NA
"CHILD","z",1.311,"MM",1,"2020-07-10_12h59.54.465","DelayedExp","2020.1.3",60,NA,NA,NA,"Unrelated",NA,NA,NA
"TOWN","z",0.83,"MM",1,"2020-07-10_12h59.54.465","DelayedExp","2020.1.3",60,NA,NA,NA,NA,NA,NA,NA
"SOUR","z",1.577,"MM",1,"2020-07-10_12h59.54.465","DelayedExp","2020.1.3",60,NA,NA,NA,NA,NA,NA,NA
"MONKEY","slash",1.231,"MM",1,"2020-07-10_12h59.54.465","DelayedExp","2020.1.3",60,NA,NA,NA,NA,NA,NA,NA
"CRACKER","slash",0.777,"MM",1,"2020-07-10_12h59.54.465","DelayedExp","2020.1.3",60,"Studied",5,3,NA,NA,"3",NA
"MATH","slash",1.035,"MM",1,"2020-07-10_12h59.54.465","DelayedExp","2020.1.3",60,NA,NA,NA,"Unrelated",NA,NA,NA
"LEAVES","z",0.81,"MM",1,"2020-07-10_12h59.54.465","DelayedExp","2020.1.3",60,"Studied",3,2,NA,NA,NA,NA
"BELL","slash",0.926,"MM",1,"2020-07-10_12h59.54.465","DelayedExp","2020.1.3",60,NA,NA,NA,"Unrelated",NA,NA,NA
"WAITER","slash",0.9,"MM",1,"2020-07-10_12h59.54.465","DelayedExp","2020.1.3",60,"Studied",29,1,NA,NA,"20",NA
"WEST","slash",0.648,"MM",1,"2020-07-10_12h59.54.465","DelayedExp","2020.1.3",60,"Studied",16,3,NA,NA,"10",NA
"TIGHT","z",2.019,"MM",1,"2020-07-10_12h59.54.465","DelayedExp","2020.1.3",60,"Studied",38,4,"Identical",NA,NA,NA
"THIRST","z",0.98,"MM",1,"2020-07-10_12h59.54.465","DelayedExp","2020.1.3",60,"Studied",6,1,NA,NA,NA,NA
"PROBLEM","z",2.171,"MM",1,"2020-07-10_12h59.54.465","DelayedExp","2020.1.3",60,NA,NA,NA,"Unrelated",NA,NA,NA
"EXCUSE","z",1.104,"MM",1,"2020-07-10_12h59.54.465","DelayedExp","2020.1.3",60,NA,NA,NA,NA,NA,NA,NA
"EGGS","slash",0.756,"MM",1,"2020-07-10_12h59.54.465","DelayedExp","2020.1.3",60,"Studied",22,3,NA,NA,"30",NA
"SPIT","z",0.799,"MM",1,"2020-07-10_12h59.54.465","DelayedExp","2020.1.3",60,NA,NA,NA,NA,NA,NA,NA
"THREAD","slash",0.835,"MM",1,"2020-07-10_12h59.54.465","DelayedExp","2020.1.3",60,"Studied",35,1,"Identical",NA,"8",NA
"PACKAGE","slash",2.545,"MM",1,"2020-07-10_12h59.54.465","DelayedExp","2020.1.3",60,NA,NA,NA,NA,NA,NA,NA
"SMALL","z",1.199,"MM",1,"2020-07-10_12h59.54.465","DelayedExp","2020.1.3",60,NA,NA,NA,"Unrelated",NA,NA,NA
"SWORD","slash",0.748,"MM",1,"2020-07-10_12h59.54.465","DelayedExp","2020.1.3",60,NA,NA,NA,NA,NA,NA,NA
"REAL","z",0.789,"MM",1,"2020-07-10_12h59.54.465","DelayedExp","2020.1.3",60,NA,NA,NA,"Unrelated",NA,NA,NA
"LAND","slash",1.357,"MM",1,"2020-07-10_12h59.54.465","DelayedExp","2020.1.3",60,"Studied",27,4,NA,NA,"14",NA
"GHOST","slash",0.817,"MM",1,"2020-07-10_12h59.54.465","DelayedExp","2020.1.3",60,"Studied",8,4,NA,NA,NA,NA
"HORN","z",1.736,"MM",1,"2020-07-10_12h59.54.465","DelayedExp","2020.1.3",60,"Studied",14,3,NA,NA,NA,NA
"ARMS","z",1.871,"MM",1,"2020-07-10_12h59.54.465","DelayedExp","2020.1.3",60,NA,NA,NA,NA,NA,NA,NA
"STICKY","z",0.798,"MM",1,"2020-07-10_12h59.54.465","DelayedExp","2020.1.3",60,NA,NA,NA,NA,NA,NA,NA
"KIDNAP","slash",3.431,"MM",1,"2020-07-10_12h59.54.465","DelayedExp","2020.1.3",60,"Studied",30,1,"Identical",NA,NA,NA
"LOVE","z",1.656,"MM",1,"2020-07-10_12h59.54.465","DelayedExp","2020.1.3",60,NA,NA,NA,NA,NA,NA,NA
"UNCLE","slash",1.243,"MM",1,"2020-07-10_12h59.54.465","DelayedExp","2020.1.3",60,"Studied",8,2,"Identical",NA,NA,NA
"GRASS","slash",0.864,"MM",1,"2020-07-10_12h59.54.465","DelayedExp","2020.1.3",60,"Studied",11,2,"Identical",NA,NA,NA
"YOURS","z",1.208,"MM",1,"2020-07-10_12h59.54.465","DelayedExp","2020.1.3",60,"Studied",35,2,NA,NA,"18",NA
"SOAP","slash",0.763,"MM",1,"2020-07-10_12h59.54.465","DelayedExp","2020.1.3",60,"Studied",17,1,NA,NA,"6,29",NA
"DUSK","slash",0.768,"MM",1,"2020-07-10_12h59.54.465","DelayedExp","2020.1.3",60,"Studied",41,4,NA,NA,"3",NA
"FLOWER","slash",2.121,"MM",1,"2020-07-10_12h59.54.465","DelayedExp","2020.1.3",60,"Studied",32,3,NA,NA,NA,NA
"LETTER","slash",0.74,"MM",1,"2020-07-10_12h59.54.465","DelayedExp","2020.1.3",60,NA,NA,NA,NA,NA,NA,"446"
"DOOR","z",1.238,"MM",1,"2020-07-10_12h59.54.465","DelayedExp","2020.1.3",60,NA,NA,NA,"Unrelated",NA,NA,NA
"ROAD","z",0.748,"MM",1,"2020-07-10_12h59.54.465","DelayedExp","2020.1.3",60,NA,NA,NA,NA,NA,NA,NA
"BRANCH","z",0.917,"MM",1,"2020-07-10_12h59.54.465","DelayedExp","2020.1.3",60,"Studied",21,1,"Identical",NA,NA,NA
"NEWS","z",0.8,"MM",1,"2020-07-10_12h59.54.465","DelayedExp","2020.1.3",60,NA,NA,NA,NA,NA,NA,NA
"CLOWN","slash",0.7,"MM",1,"2020-07-10_12h59.54.465","DelayedExp","2020.1.3",60,NA,NA,NA,NA,NA,NA,"693"
"MAD","z",1.572,"MM",1,"2020-07-10_12h59.54.465","DelayedExp","2020.1.3",60,NA,NA,NA,"Unrelated",NA,NA,NA
"GAME","z",1.536,"MM",1,"2020-07-10_12h59.54.465","DelayedExp","2020.1.3",60,NA,NA,NA,"Unrelated",NA,NA,NA
"WANT","z",0.791,"MM",1,"2020-07-10_12h59.54.465","DelayedExp","2020.1.3",60,NA,NA,NA,"Unrelated",NA,NA,NA
"STOP","slash",1.7,"MM",1,"2020-07-10_12h59.54.465","DelayedExp","2020.1.3",60,"Studied",12,3,NA,NA,NA,NA
"TOUCH","z",0.876,"MM",1,"2020-07-10_12h59.54.465","DelayedExp","2020.1.3",60,NA,NA,NA,NA,NA,NA,NA
"SWEET","slash",0.874,"MM",1,"2020-07-10_12h59.54.465","DelayedExp","2020.1.3",60,"Studied",15,4,"Identical",NA,"35",NA
"GRAND","z",1.027,"MM",1,"2020-07-10_12h59.54.465","DelayedExp","2020.1.3",60,NA,NA,NA,NA,NA,NA,NA
"WHEAT","slash",1.127,"MM",1,"2020-07-10_12h59.54.465","DelayedExp","2020.1.3",60,"Studied",28,4,NA,NA,"12",NA
"YELLOW","z",1.138,"MM",1,"2020-07-10_12h59.54.465","DelayedExp","2020.1.3",60,NA,NA,NA,"Unrelated",NA,NA,NA
"CANCER","slash",1.042,"MM",1,"2020-07-10_12h59.54.465","DelayedExp","2020.1.3",60,"Studied",6,2,NA,NA,"16",NA
"TENNIS","slash",1.125,"MM",1,"2020-07-10_12h59.54.465","DelayedExp","2020.1.3",60,"Studied",28,1,NA,NA,NA,NA
"BEHIND","slash",1.134,"MM",1,"2020-07-10_12h59.54.465","DelayedExp","2020.1.3",60,"Studied",33,2,NA,NA,NA,NA
"JACKET","z",1.076,"MM",1,"2020-07-10_12h59.54.465","DelayedExp","2020.1.3",60,NA,NA,NA,"Unrelated",NA,NA,NA
"WORLD","slash",1.118,"MM",1,"2020-07-10_12h59.54.465","DelayedExp","2020.1.3",60,"Studied",20,4,"Identical",NA,NA,NA
"CHEESE","z",0.963,"MM",1,"2020-07-10_12h59.54.465","DelayedExp","2020.1.3",60,"Studied",10,3,"Identical",NA,NA,NA
"SHOES","slash",0.86,"MM",1,"2020-07-10_12h59.54.465","DelayedExp","2020.1.3",60,"Studied",25,4,NA,NA,"4,9",NA
"THIEF","slash",0.886,"MM",1,"2020-07-10_12h59.54.465","DelayedExp","2020.1.3",60,"Studied",33,4,"Identical",NA,"36",NA
"PICKLE","slash",0.695,"MM",1,"2020-07-10_12h59.54.465","DelayedExp","2020.1.3",60,"Studied",6,3,"Identical",NA,"5","2"
"TOOTH","z",1.17,"MM",1,"2020-07-10_12h59.54.465","DelayedExp","2020.1.3",60,NA,NA,NA,"Unrelated",NA,NA,NA
"PIECE","z",0.918,"MM",1,"2020-07-10_12h59.54.465","DelayedExp","2020.1.3",60,NA,NA,NA,NA,NA,NA,NA
"PRIDE","z",0.94,"MM",1,"2020-07-10_12h59.54.465","DelayedExp","2020.1.3",60,NA,NA,NA,"Unrelated",NA,NA,NA
"STATES","slash",0.737,"MM",1,"2020-07-10_12h59.54.465","DelayedExp","2020.1.3",60,"Studied",34,1,NA,NA,"9",NA
"MOST","z",0.951,"MM",1,"2020-07-10_12h59.54.465","DelayedExp","2020.1.3",60,"Studied",2,1,NA,NA,NA,NA
"UNCLEAR","z",0.783,"MM",1,"2020-07-10_12h59.54.465","DelayedExp","2020.1.3",60,NA,NA,NA,"Unrelated",NA,NA,NA
"HUNGER","slash",1.328,"MM",1,"2020-07-10_12h59.54.465","DelayedExp","2020.1.3",60,"Studied",36,1,"Identical",NA,NA,NA
"MONEY","slash",2.059,"MM",1,"2020-07-10_12h59.54.465","DelayedExp","2020.1.3",60,"Studied",20,3,NA,NA,"12",NA
"SEEK","z",1.25,"MM",1,"2020-07-10_12h59.54.465","DelayedExp","2020.1.3",60,"Studied",22,1,NA,NA,NA,NA
"STORE","z",0.79,"MM",1,"2020-07-10_12h59.54.465","DelayedExp","2020.1.3",60,NA,NA,NA,"Unrelated",NA,NA,NA
"MUSIC ","z",0.882,"MM",1,"2020-07-10_12h59.54.465","DelayedExp","2020.1.3",60,NA,NA,NA,NA,NA,NA,NA
"SING","z",0.701,"MM",1,"2020-07-10_12h59.54.465","DelayedExp","2020.1.3",60,NA,NA,NA,NA,NA,NA,NA
"FRIGHT","slash",0.633,"MM",1,"2020-07-10_12h59.54.465","DelayedExp","2020.1.3",60,"Studied",9,3,NA,NA,"17","691"
"SWAMP","z",1.172,"MM",1,"2020-07-10_12h59.54.465","DelayedExp","2020.1.3",60,"Studied",42,4,NA,NA,"4",NA
"LAKE","slash",2.896,"MM",1,"2020-07-10_12h59.54.465","DelayedExp","2020.1.3",60,"Studied",36,4,NA,NA,"5",NA
"SMOOTH","z",1.019,"MM",1,"2020-07-10_12h59.54.465","DelayedExp","2020.1.3",60,"Studied",24,3,NA,NA,NA,NA
"NIGHTS","z",0.918,"MM",1,"2020-07-10_12h59.54.465","DelayedExp","2020.1.3",60,NA,NA,NA,NA,NA,NA,NA
"DRUGS","z",0.931,"MM",1,"2020-07-10_12h59.54.465","DelayedExp","2020.1.3",60,NA,NA,NA,"Unrelated",NA,NA,NA
"TALK","z",0.625,"MM",1,"2020-07-10_12h59.54.465","DelayedExp","2020.1.3",60,NA,NA,NA,NA,NA,NA,NA
"FROG","slash",1.676,"MM",1,"2020-07-10_12h59.54.465","DelayedExp","2020.1.3",60,"Studied",39,4,NA,NA,"1",NA
"CORAL","slash",1.221,"MM",1,"2020-07-10_12h59.54.465","DelayedExp","2020.1.3",60,"Studied",29,2,"Identical",NA,NA,NA
"NONE","z",0.992,"MM",1,"2020-07-10_12h59.54.465","DelayedExp","2020.1.3",60,NA,NA,NA,NA,NA,NA,NA
"RAIN","z",1.358,"MM",1,"2020-07-10_12h59.54.465","DelayedExp","2020.1.3",60,NA,NA,NA,"Unrelated",NA,NA,NA
"OUTTAKE","z",0.762,"MM",1,"2020-07-10_12h59.54.465","DelayedExp","2020.1.3",60,NA,NA,NA,"Unrelated",NA,NA,NA
"PLANT","slash",1.136,"MM",1,"2020-07-10_12h59.54.465","DelayedExp","2020.1.3",60,"Studied",14,2,"Identical",NA,NA,NA
"BOMB","slash",1.501,"MM",1,"2020-07-10_12h59.54.465","DelayedExp","2020.1.3",60,"Studied",33,3,NA,NA,NA,NA
"ALIVE","slash",1.133,"MM",1,"2020-07-10_12h59.54.465","DelayedExp","2020.1.3",60,"Studied",40,1,"Identical",NA,"7",NA
"SPICE","z",0.936,"MM",1,"2020-07-10_12h59.54.465","DelayedExp","2020.1.3",60,NA,NA,NA,NA,NA,NA,NA
"SORRY","slash",1.11,"MM",1,"2020-07-10_12h59.54.465","DelayedExp","2020.1.3",60,"Studied",26,4,"Identical",NA,"39",NA
"THERE","z",0.907,"MM",1,"2020-07-10_12h59.54.465","DelayedExp","2020.1.3",60,"Studied",2,2,NA,NA,"11",NA
"BUTTER","slash",2.011,"MM",1,"2020-07-10_12h59.54.465","DelayedExp","2020.1.3",60,"Studied",23,1,NA,NA,NA,NA
"HOTEL","slash",0.854,"MM",1,"2020-07-10_12h59.54.465","DelayedExp","2020.1.3",60,"Studied",4,4,"Identical",NA,"29",NA
"CLOSE","slash",1.042,"MM",1,"2020-07-10_12h59.54.465","DelayedExp","2020.1.3",60,"Studied",15,2,NA,NA,"37",NA
"SQUARE","z",0.987,"MM",1,"2020-07-10_12h59.54.465","DelayedExp","2020.1.3",60,"Studied",12,1,"Identical",NA,NA,NA
"MINOR","slash",0.969,"MM",1,"2020-07-10_12h59.54.465","DelayedExp","2020.1.3",60,"Studied",16,4,"Identical",NA,NA,NA
"WHOLE","slash",1.108,"MM",1,"2020-07-10_12h59.54.465","DelayedExp","2020.1.3",60,"Studied",36,2,NA,NA,NA,NA
"BEFORE","slash",1.601,"MM",1,"2020-07-10_12h59.54.465","DelayedExp","2020.1.3",60,"Studied",13,2,NA,NA,"12","8"
"TOOL","slash",1.09,"MM",1,"2020-07-10_12h59.54.465","DelayedExp","2020.1.3",60,NA,NA,NA,"Unrelated",NA,NA,NA
"MAID","z",1.038,"MM",1,"2020-07-10_12h59.54.465","DelayedExp","2020.1.3",60,NA,NA,NA,"Unrelated",NA,NA,NA
"STUPID","z",0.877,"MM",1,"2020-07-10_12h59.54.465","DelayedExp","2020.1.3",60,NA,NA,NA,"Unrelated",NA,NA,NA
"HORSE","slash",1.26,"MM",1,"2020-07-10_12h59.54.465","DelayedExp","2020.1.3",60,"Studied",4,2,NA,NA,"4",NA
"WORK","slash",1.345,"MM",1,"2020-07-10_12h59.54.465","DelayedExp","2020.1.3",60,"Studied",31,3,NA,NA,"4",NA
"TIGER","slash",0.852,"MM",1,"2020-07-10_12h59.54.465","DelayedExp","2020.1.3",60,"Studied",24,2,NA,NA,"8",NA
"MOTHER","z",1.405,"MM",1,"2020-07-10_12h59.54.465","DelayedExp","2020.1.3",60,"Studied",15,1,NA,NA,NA,NA
"LARGE","z",0.874,"MM",1,"2020-07-10_12h59.54.465","DelayedExp","2020.1.3",60,NA,NA,NA,NA,NA,NA,NA
"KISS","slash",0.68,"MM",1,"2020-07-10_12h59.54.465","DelayedExp","2020.1.3",60,"Studied",34,4,NA,NA,"6","6"
"MINUS","z",0.952,"MM",1,"2020-07-10_12h59.54.465","DelayedExp","2020.1.3",60,"Studied",32,2,NA,NA,"41",NA
"CELL","z",1.996,"MM",1,"2020-07-10_12h59.54.465","DelayedExp","2020.1.3",60,NA,NA,NA,NA,NA,NA,NA
"SILVER","z",0.959,"MM",1,"2020-07-10_12h59.54.465","DelayedExp","2020.1.3",60,NA,NA,NA,"Unrelated",NA,NA,NA
"BRAIN","z",0.965,"MM",1,"2020-07-10_12h59.54.465","DelayedExp","2020.1.3",60,NA,NA,NA,"Unrelated",NA,NA,NA
"QUIET","z",1.187,"MM",1,"2020-07-10_12h59.54.465","DelayedExp","2020.1.3",60,NA,NA,NA,NA,NA,NA,NA
"RENT","slash",1.279,"MM",1,"2020-07-10_12h59.54.465","DelayedExp","2020.1.3",60,NA,NA,NA,"Unrelated",NA,NA,NA
"NINE","z",0.802,"MM",1,"2020-07-10_12h59.54.465","DelayedExp","2020.1.3",60,NA,NA,NA,NA,NA,NA,NA
"COLLECT","z",0.976,"MM",1,"2020-07-10_12h59.54.465","DelayedExp","2020.1.3",60,NA,NA,NA,"Unrelated",NA,NA,NA
"BIKE","z",0.792,"MM",1,"2020-07-10_12h59.54.465","DelayedExp","2020.1.3",60,NA,NA,NA,NA,NA,NA,NA
"QUEEN","slash",0.752,"MM",1,"2020-07-10_12h59.54.465","DelayedExp","2020.1.3",60,"Studied",25,2,NA,NA,"9",NA
"CLUE","z",1.389,"MM",1,"2020-07-10_12h59.54.465","DelayedExp","2020.1.3",60,NA,NA,NA,NA,NA,NA,NA
"SAME","z",0.987,"MM",1,"2020-07-10_12h59.54.465","DelayedExp","2020.1.3",60,NA,NA,NA,"Unrelated",NA,NA,NA
"STARS","z",0.766,"MM",1,"2020-07-10_12h59.54.465","DelayedExp","2020.1.3",60,NA,NA,NA,NA,NA,NA,NA
"UNDER","z",1.334,"MM",1,"2020-07-10_12h59.54.465","DelayedExp","2020.1.3",60,NA,NA,NA,"Unrelated",NA,NA,NA
"CLIMB","z",0.736,"MM",1,"2020-07-10_12h59.54.465","DelayedExp","2020.1.3",60,NA,NA,NA,NA,NA,NA,NA
"NICKEL","slash",0.946,"MM",1,"2020-07-10_12h59.54.465","DelayedExp","2020.1.3",60,"Studied",28,3,NA,NA,NA,NA
"PLAN","z",1.288,"MM",1,"2020-07-10_12h59.54.465","DelayedExp","2020.1.3",60,NA,NA,NA,NA,NA,NA,NA
"TREE","slash",1.143,"MM",1,"2020-07-10_12h59.54.465","DelayedExp","2020.1.3",60,NA,NA,NA,NA,NA,NA,NA
"PHONE","z",0.998,"MM",1,"2020-07-10_12h59.54.465","DelayedExp","2020.1.3",60,"Studied",17,2,NA,NA,NA,NA
"STING","z",0.865,"MM",1,"2020-07-10_12h59.54.465","DelayedExp","2020.1.3",60,NA,NA,NA,NA,NA,NA,NA
"STEAL","slash",2.198,"MM",1,"2020-07-10_12h59.54.465","DelayedExp","2020.1.3",60,NA,NA,NA,NA,NA,NA,NA
"SUBJECT","z",1.693,"MM",1,"2020-07-10_12h59.54.465","DelayedExp","2020.1.3",60,NA,NA,NA,NA,NA,NA,NA
"LOOK","z",0.738,"MM",1,"2020-07-10_12h59.54.465","DelayedExp","2020.1.3",60,NA,NA,NA,"Unrelated",NA,NA,NA
"JEANS","z",0.83,"MM",1,"2020-07-10_12h59.54.465","DelayedExp","2020.1.3",60,NA,NA,NA,NA,NA,NA,NA
"NEPHEW","slash",0.718,"MM",1,"2020-07-10_12h59.54.465","DelayedExp","2020.1.3",60,"Studied",4,3,NA,NA,"13",NA
"CAMP","slash",0.914,"MM",1,"2020-07-10_12h59.54.465","DelayedExp","2020.1.3",60,"Studied",7,4,NA,NA,"21",NA
"ORANGE","z",1.183,"MM",1,"2020-07-10_12h59.54.465","DelayedExp","2020.1.3",60,"Studied",42,3,NA,NA,"1,31",NA
"CLAM","slash",0.714,"MM",1,"2020-07-10_12h59.54.465","DelayedExp","2020.1.3",60,"Studied",3,3,NA,NA,"14","490"
"DIRT","slash",0.732,"MM",1,"2020-07-10_12h59.54.465","DelayedExp","2020.1.3",60,"Studied",30,4,NA,NA,"13",NA
"EARLY","slash",1,"MM",1,"2020-07-10_12h59.54.465","DelayedExp","2020.1.3",60,"Studied",1,2,NA,NA,"10",NA
"DAGGER","z",0.901,"MM",1,"2020-07-10_12h59.54.465","DelayedExp","2020.1.3",60,"Studied",21,3,"Identical",NA,NA,NA
"NOISE","slash",0.726,"MM",1,"2020-07-10_12h59.54.465","DelayedExp","2020.1.3",60,"Studied",14,4,NA,NA,"18","181"
"FIND","z",0.821,"MM",1,"2020-07-10_12h59.54.465","DelayedExp","2020.1.3",60,NA,NA,NA,NA,NA,NA,NA
"SHOVE","z",1.108,"MM",1,"2020-07-10_12h59.54.465","DelayedExp","2020.1.3",60,"Studied",42,2,NA,NA,"2",NA
"GEEK","slash",1.032,"MM",1,"2020-07-10_12h59.54.465","DelayedExp","2020.1.3",60,"Studied",13,4,NA,NA,"17",NA
"SLEEP","z",2.882,"MM",1,"2020-07-10_12h59.54.465","DelayedExp","2020.1.3",60,NA,NA,NA,NA,NA,NA,NA
"PENNY","z",0.917,"MM",1,"2020-07-10_12h59.54.465","DelayedExp","2020.1.3",60,NA,NA,NA,NA,NA,NA,NA
"TRAIN","slash",0.908,"MM",1,"2020-07-10_12h59.54.465","DelayedExp","2020.1.3",60,"Studied",12,4,NA,NA,NA,NA
"LETTUCE","z",0.857,"MM",1,"2020-07-10_12h59.54.465","DelayedExp","2020.1.3",60,NA,NA,NA,NA,NA,NA,NA
"NAVY","slash",0.789,"MM",1,"2020-07-10_12h59.54.465","DelayedExp","2020.1.3",60,"Studied",18,1,NA,NA,"5",NA
"PURPLE","slash",0.716,"MM",1,"2020-07-10_12h59.54.465","DelayedExp","2020.1.3",60,"Studied",39,1,NA,NA,"2","32"
"ALLOW","z",0.899,"MM",1,"2020-07-10_12h59.54.465","DelayedExp","2020.1.3",60,NA,NA,NA,NA,NA,NA,NA
"SICK","z",0.85,"MM",1,"2020-07-10_12h59.54.465","DelayedExp","2020.1.3",60,NA,NA,NA,NA,NA,NA,NA
"TRAILER","z",1.001,"MM",1,"2020-07-10_12h59.54.465","DelayedExp","2020.1.3",60,NA,NA,NA,NA,NA,NA,NA
"DEAF","slash",1.09,"MM",1,"2020-07-10_12h59.54.465","DelayedExp","2020.1.3",60,"Studied",18,4,"Identical",NA,NA,NA
"STREET","slash",1.987,"MM",1,"2020-07-10_12h59.54.465","DelayedExp","2020.1.3",60,NA,NA,NA,NA,NA,NA,NA
"FINISH","z",0.845,"MM",1,"2020-07-10_12h59.54.465","DelayedExp","2020.1.3",60,NA,NA,NA,NA,NA,NA,NA
"HEAR","z",1.788,"MM",1,"2020-07-10_12h59.54.465","DelayedExp","2020.1.3",60,NA,NA,NA,NA,NA,NA,NA
"PAPER","z",0.993,"MM",1,"2020-07-10_12h59.54.465","DelayedExp","2020.1.3",60,NA,NA,NA,NA,NA,NA,NA
"MOVE","z",0.685,"MM",1,"2020-07-10_12h59.54.465","DelayedExp","2020.1.3",60,NA,NA,NA,NA,NA,NA,NA
"TIRED","z",1.115,"MM",1,"2020-07-10_12h59.54.465","DelayedExp","2020.1.3",60,NA,NA,NA,"Unrelated",NA,NA,NA
"CHAIR","slash",0.73,"MM",1,"2020-07-10_12h59.54.465","DelayedExp","2020.1.3",60,"Studied",2,3,NA,NA,"19","31"
"SHERIFF","z",0.851,"MM",1,"2020-07-10_12h59.54.465","DelayedExp","2020.1.3",60,NA,NA,NA,NA,NA,NA,NA
"INHALE","slash",0.982,"MM",1,"2020-07-10_12h59.54.465","DelayedExp","2020.1.3",60,"Studied",33,1,NA,NA,NA,NA
"FISH","slash",0.741,"MM",1,"2020-07-10_12h59.54.465","DelayedExp","2020.1.3",60,"Studied",34,3,NA,NA,"15","34,489"
"SLOW","z",0.958,"MM",1,"2020-07-10_12h59.54.465","DelayedExp","2020.1.3",60,"Studied",4,1,NA,NA,NA,NA
"MARRY","z",0.918,"MM",1,"2020-07-10_12h59.54.465","DelayedExp","2020.1.3",60,NA,NA,NA,NA,NA,NA,NA
"DOCTOR","slash",2.242,"MM",1,"2020-07-10_12h59.54.465","DelayedExp","2020.1.3",60,NA,NA,NA,NA,NA,NA,NA
"MEAN","z",1.985,"MM",1,"2020-07-10_12h59.54.465","DelayedExp","2020.1.3",60,NA,NA,NA,"Unrelated",NA,NA,NA
"ANIMAL","z",0.936,"MM",1,"2020-07-10_12h59.54.465","DelayedExp","2020.1.3",60,"Studied",21,2,NA,NA,"5",NA
"DREAM","slash",1.662,"MM",1,"2020-07-10_12h59.54.465","DelayedExp","2020.1.3",60,NA,NA,NA,"Unrelated",NA,NA,NA
"READ","z",0.943,"MM",1,"2020-07-10_12h59.54.465","DelayedExp","2020.1.3",60,"Studied",13,1,NA,NA,"10",NA
"TAKE","z",0.756,"MM",1,"2020-07-10_12h59.54.465","DelayedExp","2020.1.3",60,NA,NA,NA,NA,NA,NA,NA
"HAPPY","slash",1.241,"MM",1,"2020-07-10_12h59.54.465","DelayedExp","2020.1.3",60,NA,NA,NA,NA,NA,NA,NA
"WILD","slash",0.822,"MM",1,"2020-07-10_12h59.54.465","DelayedExp","2020.1.3",60,"Studied",32,1,NA,NA,NA,NA
"CHAIN","slash",0.756,"MM",1,"2020-07-10_12h59.54.465","DelayedExp","2020.1.3",60,"Studied",26,1,NA,NA,"25",NA
"MILK","slash",1.617,"MM",1,"2020-07-10_12h59.54.465","DelayedExp","2020.1.3",60,"Studied",11,1,NA,NA,NA,NA
"ANNOY","z",0.887,"MM",1,"2020-07-10_12h59.54.465","DelayedExp","2020.1.3",60,NA,NA,NA,NA,NA,NA,NA
"SHIRT","slash",0.945,"MM",1,"2020-07-10_12h59.54.465","DelayedExp","2020.1.3",60,NA,NA,NA,NA,NA,NA,"585"
"PICTURE","slash",0.883,"MM",1,"2020-07-10_12h59.54.465","DelayedExp","2020.1.3",60,"Studied",2,4,NA,NA,"11",NA
"WARM","z",1.343,"MM",1,"2020-07-10_12h59.54.465","DelayedExp","2020.1.3",60,NA,NA,NA,NA,NA,NA,NA
"LESS","z",0.889,"MM",1,"2020-07-10_12h59.54.465","DelayedExp","2020.1.3",60,"Studied",41,1,NA,NA,NA,NA
"STRANGE","z",1.052,"MM",1,"2020-07-10_12h59.54.465","DelayedExp","2020.1.3",60,NA,NA,NA,NA,NA,NA,NA
"LOSE","z",2.547,"MM",1,"2020-07-10_12h59.54.465","DelayedExp","2020.1.3",60,NA,NA,NA,NA,NA,NA,NA
"VOLCANO","z",1.842,"MM",1,"2020-07-10_12h59.54.465","DelayedExp","2020.1.3",60,NA,NA,NA,"Unrelated",NA,NA,NA
"THIN","z",0.752,"MM",1,"2020-07-10_12h59.54.465","DelayedExp","2020.1.3",60,NA,NA,NA,"Unrelated",NA,NA,NA
"NECK","z",1.045,"MM",1,"2020-07-10_12h59.54.465","DelayedExp","2020.1.3",60,NA,NA,NA,"Unrelated",NA,NA,NA
"FIRST","z",0.951,"MM",1,"2020-07-10_12h59.54.465","DelayedExp","2020.1.3",60,"Studied",20,1,"Identical",NA,NA,NA
"HAIR","z",1.277,"MM",1,"2020-07-10_12h59.54.465","DelayedExp","2020.1.3",60,NA,NA,NA,"Unrelated",NA,NA,NA
"MAYBE","z",0.75,"MM",1,"2020-07-10_12h59.54.465","DelayedExp","2020.1.3",60,NA,NA,NA,"Unrelated",NA,NA,NA
"RULE","z",0.924,"MM",1,"2020-07-10_12h59.54.465","DelayedExp","2020.1.3",60,NA,NA,NA,NA,NA,NA,NA
"SHEEP","z",0.69,"MM",1,"2020-07-10_12h59.54.465","DelayedExp","2020.1.3",60,NA,NA,NA,NA,NA,NA,NA
"MAGIC","z",0.802,"MM",1,"2020-07-10_12h59.54.465","DelayedExp","2020.1.3",60,NA,NA,NA,NA,NA,NA,NA
"TEETH","z",0.986,"MM",1,"2020-07-10_12h59.54.465","DelayedExp","2020.1.3",60,"Studied",19,2,"Identical",NA,"28",NA
"SELLER","z",0.923,"MM",1,"2020-07-10_12h59.54.465","DelayedExp","2020.1.3",60,"Studied",41,3,NA,NA,"2",NA
"HELLO","z",1.14,"MM",1,"2020-07-10_12h59.54.465","DelayedExp","2020.1.3",60,NA,NA,NA,NA,NA,NA,NA
"TRASH","slash",2.085,"MM",1,"2020-07-10_12h59.54.465","DelayedExp","2020.1.3",60,"Studied",35,4,NA,NA,"7",NA
"SURE","z",0.793,"MM",1,"2020-07-10_12h59.54.465","DelayedExp","2020.1.3",60,NA,NA,NA,NA,NA,NA,NA
"EXPLODE","z",0.767,"MM",1,"2020-07-10_12h59.54.465","DelayedExp","2020.1.3",60,NA,NA,NA,"Unrelated",NA,NA,NA
"POTATO","z",0.834,"MM",1,"2020-07-10_12h59.54.465","DelayedExp","2020.1.3",60,NA,NA,NA,"Unrelated",NA,NA,NA
"HOOP","slash",1.268,"MM",1,"2020-07-10_12h59.54.465","DelayedExp","2020.1.3",60,"Studied",19,4,"Identical",NA,NA,NA
"GIRLS","slash",1.442,"MM",1,"2020-07-10_12h59.54.465","DelayedExp","2020.1.3",60,"Studied",34,2,"Identical",NA,NA,NA
"SHALLOW","z",0.999,"MM",1,"2020-07-10_12h59.54.465","DelayedExp","2020.1.3",60,NA,NA,NA,NA,NA,NA,NA
"TOES","slash",0.734,"MM",1,"2020-07-10_12h59.54.465","DelayedExp","2020.1.3",60,"Studied",3,1,NA,NA,"3","30"
"GLASSES","z",1.098,"MM",1,"2020-07-10_12h59.54.465","DelayedExp","2020.1.3",60,NA,NA,NA,NA,NA,NA,NA
"BANK","z",1.317,"MM",1,"2020-07-10_12h59.54.465","DelayedExp","2020.1.3",60,NA,NA,NA,NA,NA,NA,NA
"STRIPE","z",1.131,"MM",1,"2020-07-10_12h59.54.465","DelayedExp","2020.1.3",60,NA,NA,NA,NA,NA,NA,NA
"EXACT","z",0.631,"MM",1,"2020-07-10_12h59.54.465","DelayedExp","2020.1.3",60,NA,NA,NA,"Unrelated",NA,NA,NA
"DRESS","z",2.544,"MM",1,"2020-07-10_12h59.54.465","DelayedExp","2020.1.3",60,NA,NA,NA,NA,NA,NA,NA
"VOTE","z",0.933,"MM",1,"2020-07-10_12h59.54.465","DelayedExp","2020.1.3",60,NA,NA,NA,"Unrelated",NA,NA,NA
"CARRY","z",0.739,"MM",1,"2020-07-10_12h59.54.465","DelayedExp","2020.1.3",60,NA,NA,NA,"Unrelated",NA,NA,NA
"BRIDE","slash",0.64,"MM",1,"2020-07-10_12h59.54.465","DelayedExp","2020.1.3",60,"Studied",10,4,NA,NA,"26",NA
"FRONT","z",2.819,"MM",1,"2020-07-10_12h59.54.465","DelayedExp","2020.1.3",60,NA,NA,NA,"Unrelated",NA,NA,NA
"SPIDER","slash",0.821,"MM",1,"2020-07-10_12h59.54.465","DelayedExp","2020.1.3",60,"Studied",37,1,NA,NA,NA,"558"
"DISAGREE","z",0.941,"MM",1,"2020-07-10_12h59.54.465","DelayedExp","2020.1.3",60,NA,NA,NA,NA,NA,NA,NA
"WRONG","z",1.057,"MM",1,"2020-07-10_12h59.54.465","DelayedExp","2020.1.3",60,NA,NA,NA,NA,NA,NA,NA
"SILK","z",0.909,"MM",1,"2020-07-10_12h59.54.465","DelayedExp","2020.1.3",60,NA,NA,NA,NA,NA,NA,NA
"LEMON","slash",0.846,"MM",1,"2020-07-10_12h59.54.465","DelayedExp","2020.1.3",60,"Studied",9,2,"Identical",NA,"31",NA
"WOOD","z",0.823,"MM",1,"2020-07-10_12h59.54.465","DelayedExp","2020.1.3",60,NA,NA,NA,NA,NA,NA,NA
"YEAR","z",0.898,"MM",1,"2020-07-10_12h59.54.465","DelayedExp","2020.1.3",60,NA,NA,NA,"Unrelated",NA,NA,NA
"OVEN","z",0.714,"MM",1,"2020-07-10_12h59.54.465","DelayedExp","2020.1.3",60,NA,NA,NA,"Unrelated",NA,NA,NA
"NOSE","slash",0.94,"MM",1,"2020-07-10_12h59.54.465","DelayedExp","2020.1.3",60,"Studied",8,1,NA,NA,"24",NA
"BREAK","z",1.218,"MM",1,"2020-07-10_12h59.54.465","DelayedExp","2020.1.3",60,NA,NA,NA,NA,NA,NA,NA
"DEATH","z",1.357,"MM",1,"2020-07-10_12h59.54.465","DelayedExp","2020.1.3",60,NA,NA,NA,NA,NA,NA,NA
"BIRD","slash",0.668,"MM",1,"2020-07-10_12h59.54.465","DelayedExp","2020.1.3",60,"Studied",35,3,NA,NA,"16","35"
"CLEAR","z",1.421,"MM",1,"2020-07-10_12h59.54.465","DelayedExp","2020.1.3",60,NA,NA,NA,NA,NA,NA,NA
"FAKE","slash",1.565,"MM",1,"2020-07-10_12h59.54.465","DelayedExp","2020.1.3",60,NA,NA,NA,NA,NA,NA,NA
"POUND","z",0.848,"MM",1,"2020-07-10_12h59.54.465","DelayedExp","2020.1.3",60,"Studied",24,4,NA,NA,NA,NA
"SMART","z",1.081,"MM",1,"2020-07-10_12h59.54.465","DelayedExp","2020.1.3",60,NA,NA,NA,"Unrelated",NA,NA,NA
"TEST","z",0.898,"MM",1,"2020-07-10_12h59.54.465","DelayedExp","2020.1.3",60,"Studied",14,1,NA,NA,NA,NA
"ROCK","z",0.881,"MM",1,"2020-07-10_12h59.54.465","DelayedExp","2020.1.3",60,NA,NA,NA,NA,NA,NA,NA
"LIGHT","z",0.857,"MM",1,"2020-07-10_12h59.54.465","DelayedExp","2020.1.3",60,NA,NA,NA,NA,NA,NA,NA
"ROOF","z",0.749,"MM",1,"2020-07-10_12h59.54.465","DelayedExp","2020.1.3",60,NA,NA,NA,"Unrelated",NA,NA,NA
"HATE","z",1.42,"MM",1,"2020-07-10_12h59.54.465","DelayedExp","2020.1.3",60,NA,NA,NA,NA,NA,NA,NA
"QUART","slash",1.042,"MM",1,"2020-07-10_12h59.54.465","DelayedExp","2020.1.3",60,"Studied",30,2,NA,NA,NA,NA
"BOARD","z",3.072,"MM",1,"2020-07-10_12h59.54.465","DelayedExp","2020.1.3",60,NA,NA,NA,NA,NA,NA,NA
"FOOD","z",0.915,"MM",1,"2020-07-10_12h59.54.465","DelayedExp","2020.1.3",60,NA,NA,NA,"Unrelated",NA,NA,NA
"PURPOSE","z",1.365,"MM",1,"2020-07-10_12h59.54.465","DelayedExp","2020.1.3",60,NA,NA,NA,"Unrelated",NA,NA,NA
"SHEETS","z",1.745,"MM",1,"2020-07-10_12h59.54.465","DelayedExp","2020.1.3",60,"Studied",8,3,NA,NA,NA,NA
"PENCIL","z",0.922,"MM",1,"2020-07-10_12h59.54.465","DelayedExp","2020.1.3",60,NA,NA,NA,NA,NA,NA,NA
