RecogWord,key_resp_3.keys,key_resp_3.rt,participant,session,date,expName,psychopyVersion,frameRate,Studied,StudyPosition,Block,WasPrimeOnDay1,Day1PrimeCondition,Day1Prime,Day1PrimeFor,RelatedPrimePresentedonDay1,Day1Position,Day2Position,RecogDecision,WordStatus,Hit,Miss,FalseAlarm,CorrectRejection,Day1Recalled,WithinTrialPrimed,WithinTrialPrimeCondition,CrossTrialPrimed,CrossTrialPrimeCondition
EFFECT,z,1.32344,5ef3438ef48c78050ca9dabc,1,2021-06-05_18h09.00.149,DelayedExp,2020.1.3,60,NA,NA,NA,NA,NA,NA,NA,NA,NA,NA,New,New,0,0,0,1,NotStudied,Unprimed,NA,Unprimed,NA
DUSK,slash,0.99265,5ef3438ef48c78050ca9dabc,1,2021-06-05_18h09.00.149,DelayedExp,2020.1.3,60,Studied,18,3,NA,Unrelated,CASTLE,NA,DAWN,25,NA,Old,Old,1,0,0,0,Recalled,WithinTrialPrimed,Unrelated,CrossTrialPrimed,Related
BOMB,slash,1.059935,5ef3438ef48c78050ca9dabc,1,2021-06-05_18h09.00.149,DelayedExp,2020.1.3,60,Studied,20,2,NA,Related,WIDTH,LENGTH,ATOM,23,30,Old,Old,1,0,0,0,Recalled,WithinTrialPrimed,Related,CrossTrialPrimed,Related
BIKE,z,0.78451,5ef3438ef48c78050ca9dabc,1,2021-06-05_18h09.00.149,DelayedExp,2020.1.3,60,NA,NA,NA,NA,NA,NA,NA,NA,NA,NA,New,New,0,0,0,1,NotStudied,Unprimed,NA,Unprimed,NA
OUTTAKE,slash,0.5993,5ef3438ef48c78050ca9dabc,1,2021-06-05_18h09.00.149,DelayedExp,2020.1.3,60,Studied,16,2,Identical,Identical,GROSS,NA,NA,27,NA,Old,Old,1,0,0,0,Recalled,WithinTrialPrimed,Identical,CrossTrialPrimed,Identical
SORRY,slash,0.603585,5ef3438ef48c78050ca9dabc,1,2021-06-05_18h09.00.149,DelayedExp,2020.1.3,60,Studied,33,3,NA,Identical,PICTURE,NA,NA,10,52,Old,Old,1,0,0,0,Recalled,WithinTrialPrimed,Identical,Unprimed,NA
GROSS,slash,0.51808,5ef3438ef48c78050ca9dabc,1,2021-06-05_18h09.00.149,DelayedExp,2020.1.3,60,Studied,10,2,Identical,Unrelated,EXPLODE,NA,NA,33,28,Old,Old,1,0,0,0,Recalled,WithinTrialPrimed,Unrelated,CrossTrialPrimed,Identical
SKIN,z,0.80205,5ef3438ef48c78050ca9dabc,1,2021-06-05_18h09.00.149,DelayedExp,2020.1.3,60,NA,NA,NA,NA,NA,NA,NA,NA,NA,NA,New,New,0,0,0,1,NotStudied,Unprimed,NA,Unprimed,NA
SPOON,slash,0.91955,5ef3438ef48c78050ca9dabc,1,2021-06-05_18h09.00.149,DelayedExp,2020.1.3,60,Studied,33,1,NA,NA,NA,NA,NA,NA,NA,Old,Old,1,0,0,0,NotRecalled,Unprimed,NA,Unprimed,NA
SCISSORS,z,0.767835,5ef3438ef48c78050ca9dabc,1,2021-06-05_18h09.00.149,DelayedExp,2020.1.3,60,NA,NA,NA,NA,NA,NA,NA,NA,NA,NA,New,New,0,0,0,1,NotStudied,Unprimed,NA,Unprimed,NA
PROBLEM,slash,0.67048,5ef3438ef48c78050ca9dabc,1,2021-06-05_18h09.00.149,DelayedExp,2020.1.3,60,NA,NA,NA,NA,NA,NA,NA,NA,NA,NA,Old,New,0,0,1,0,NotStudied,Unprimed,NA,Unprimed,NA
CLAM,slash,0.584665,5ef3438ef48c78050ca9dabc,1,2021-06-05_18h09.00.149,DelayedExp,2020.1.3,60,NA,NA,NA,NA,NA,NA,NA,NA,NA,NA,Old,New,0,0,1,0,NotStudied,Unprimed,NA,Unprimed,NA
PLAN,slash,0.816365,5ef3438ef48c78050ca9dabc,1,2021-06-05_18h09.00.149,DelayedExp,2020.1.3,60,NA,NA,NA,NA,NA,NA,NA,NA,NA,NA,Old,New,0,0,1,0,NotStudied,Unprimed,NA,Unprimed,NA
STAMP,z,1.219065,5ef3438ef48c78050ca9dabc,1,2021-06-05_18h09.00.149,DelayedExp,2020.1.3,60,NA,NA,NA,NA,NA,NA,NA,NA,NA,NA,New,New,0,0,0,1,NotStudied,Unprimed,NA,Unprimed,NA
TOUR,slash,0.901095,5ef3438ef48c78050ca9dabc,1,2021-06-05_18h09.00.149,DelayedExp,2020.1.3,60,NA,NA,NA,NA,NA,NA,NA,NA,NA,NA,Old,New,0,0,1,0,NotStudied,Unprimed,NA,Unprimed,NA
BUSH,z,0.87311,5ef3438ef48c78050ca9dabc,1,2021-06-05_18h09.00.149,DelayedExp,2020.1.3,60,NA,NA,NA,NA,NA,NA,NA,NA,NA,NA,New,New,0,0,0,1,NotStudied,Unprimed,NA,Unprimed,NA
SING,z,1.00038,5ef3438ef48c78050ca9dabc,1,2021-06-05_18h09.00.149,DelayedExp,2020.1.3,60,NA,NA,NA,NA,NA,NA,NA,NA,NA,NA,New,New,0,0,0,1,NotStudied,Unprimed,NA,Unprimed,NA
BANK,z,0.85164,5ef3438ef48c78050ca9dabc,1,2021-06-05_18h09.00.149,DelayedExp,2020.1.3,60,NA,NA,NA,NA,NA,NA,NA,NA,NA,NA,New,New,0,0,0,1,NotStudied,Unprimed,NA,Unprimed,NA
SONG,slash,0.80366,5ef3438ef48c78050ca9dabc,1,2021-06-05_18h09.00.149,DelayedExp,2020.1.3,60,NA,NA,NA,NA,NA,NA,NA,NA,NA,NA,Old,New,0,0,1,0,NotStudied,Unprimed,NA,Unprimed,NA
SAME,slash,0.75004,5ef3438ef48c78050ca9dabc,1,2021-06-05_18h09.00.149,DelayedExp,2020.1.3,60,NA,NA,NA,NA,NA,NA,NA,NA,NA,NA,Old,New,0,0,1,0,NotStudied,Unprimed,NA,Unprimed,NA
MEAN,z,0.866035,5ef3438ef48c78050ca9dabc,1,2021-06-05_18h09.00.149,DelayedExp,2020.1.3,60,NA,NA,NA,NA,NA,NA,NA,NA,NA,NA,New,New,0,0,0,1,NotStudied,Unprimed,NA,Unprimed,NA
SOUTH,z,0.85028,5ef3438ef48c78050ca9dabc,1,2021-06-05_18h09.00.149,DelayedExp,2020.1.3,60,NA,NA,NA,NA,NA,NA,NA,NA,NA,NA,New,New,0,0,0,1,NotStudied,Unprimed,NA,Unprimed,NA
VOTE,z,0.63489,5ef3438ef48c78050ca9dabc,1,2021-06-05_18h09.00.149,DelayedExp,2020.1.3,60,NA,NA,NA,NA,NA,NA,NA,NA,NA,NA,New,New,0,0,0,1,NotStudied,Unprimed,NA,Unprimed,NA
SNEEZE,z,0.656365,5ef3438ef48c78050ca9dabc,1,2021-06-05_18h09.00.149,DelayedExp,2020.1.3,60,NA,NA,NA,NA,NA,NA,NA,NA,NA,NA,New,New,0,0,0,1,NotStudied,Unprimed,NA,Unprimed,NA
HEAD,z,0.76881,5ef3438ef48c78050ca9dabc,1,2021-06-05_18h09.00.149,DelayedExp,2020.1.3,60,NA,NA,NA,NA,NA,NA,NA,NA,NA,NA,New,New,0,0,0,1,NotStudied,Unprimed,NA,Unprimed,NA
BEFORE,slash,0.63221,5ef3438ef48c78050ca9dabc,1,2021-06-05_18h09.00.149,DelayedExp,2020.1.3,60,NA,NA,NA,NA,NA,NA,NA,NA,NA,NA,Old,New,0,0,1,0,NotStudied,Unprimed,NA,Unprimed,NA
TEST,slash,0.686605,5ef3438ef48c78050ca9dabc,1,2021-06-05_18h09.00.149,DelayedExp,2020.1.3,60,NA,NA,NA,NA,NA,NA,NA,NA,NA,NA,Old,New,0,0,1,0,NotStudied,Unprimed,NA,Unprimed,NA
STOMACH,slash,0.689295,5ef3438ef48c78050ca9dabc,1,2021-06-05_18h09.00.149,DelayedExp,2020.1.3,60,NA,NA,NA,NA,NA,NA,NA,NA,NA,NA,Old,New,0,0,1,0,NotStudied,Unprimed,NA,Unprimed,NA
CHANGE,z,1.25806,5ef3438ef48c78050ca9dabc,1,2021-06-05_18h09.00.149,DelayedExp,2020.1.3,60,NA,NA,NA,NA,NA,NA,NA,NA,NA,NA,New,New,0,0,0,1,NotStudied,Unprimed,NA,Unprimed,NA
DRAW,z,1.150455,5ef3438ef48c78050ca9dabc,1,2021-06-05_18h09.00.149,DelayedExp,2020.1.3,60,NA,NA,NA,NA,NA,NA,NA,NA,NA,NA,New,New,0,0,0,1,NotStudied,Unprimed,NA,Unprimed,NA
PRIDE,z,0.617835,5ef3438ef48c78050ca9dabc,1,2021-06-05_18h09.00.149,DelayedExp,2020.1.3,60,NA,NA,NA,NA,NA,NA,NA,NA,NA,NA,New,New,0,0,0,1,NotStudied,Unprimed,NA,Unprimed,NA
PLANT,z,0.86577,5ef3438ef48c78050ca9dabc,1,2021-06-05_18h09.00.149,DelayedExp,2020.1.3,60,NA,NA,NA,NA,NA,NA,NA,NA,NA,NA,New,New,0,0,0,1,NotStudied,Unprimed,NA,Unprimed,NA
CLOCK,slash,1.036475,5ef3438ef48c78050ca9dabc,1,2021-06-05_18h09.00.149,DelayedExp,2020.1.3,60,NA,NA,NA,NA,NA,NA,NA,NA,NA,NA,Old,New,0,0,1,0,NotStudied,Unprimed,NA,Unprimed,NA
TWELVE,slash,0.792825,5ef3438ef48c78050ca9dabc,1,2021-06-05_18h09.00.149,DelayedExp,2020.1.3,60,NA,NA,NA,NA,NA,NA,NA,NA,NA,NA,Old,New,0,0,1,0,NotStudied,Unprimed,NA,Unprimed,NA
GUITAR,slash,0.767895,5ef3438ef48c78050ca9dabc,1,2021-06-05_18h09.00.149,DelayedExp,2020.1.3,60,NA,NA,NA,NA,NA,NA,NA,NA,NA,NA,Old,New,0,0,1,0,NotStudied,Unprimed,NA,Unprimed,NA
RIGHT,slash,0.599575,5ef3438ef48c78050ca9dabc,1,2021-06-05_18h09.00.149,DelayedExp,2020.1.3,60,NA,NA,NA,NA,NA,NA,NA,NA,NA,NA,Old,New,0,0,1,0,NotStudied,Unprimed,NA,Unprimed,NA
TEETH,slash,0.540585,5ef3438ef48c78050ca9dabc,1,2021-06-05_18h09.00.149,DelayedExp,2020.1.3,60,NA,NA,NA,NA,NA,NA,NA,NA,NA,NA,Old,New,0,0,1,0,NotStudied,Unprimed,NA,Unprimed,NA
CARRY,z,1.389565,5ef3438ef48c78050ca9dabc,1,2021-06-05_18h09.00.149,DelayedExp,2020.1.3,60,NA,NA,NA,NA,NA,NA,NA,NA,NA,NA,New,New,0,0,0,1,NotStudied,Unprimed,NA,Unprimed,NA
WINTER,slash,0.817585,5ef3438ef48c78050ca9dabc,1,2021-06-05_18h09.00.149,DelayedExp,2020.1.3,60,NA,NA,NA,NA,NA,NA,NA,NA,NA,NA,Old,New,0,0,1,0,NotStudied,Unprimed,NA,Unprimed,NA
BEHIND,slash,0.6329,5ef3438ef48c78050ca9dabc,1,2021-06-05_18h09.00.149,DelayedExp,2020.1.3,60,NA,NA,NA,NA,NA,NA,NA,NA,NA,NA,Old,New,0,0,1,0,NotStudied,Unprimed,NA,Unprimed,NA
BORROW,slash,1.499115,5ef3438ef48c78050ca9dabc,1,2021-06-05_18h09.00.149,DelayedExp,2020.1.3,60,NA,NA,NA,NA,NA,NA,NA,NA,NA,NA,Old,New,0,0,1,0,NotStudied,Unprimed,NA,Unprimed,NA
REAL,z,1.190145,5ef3438ef48c78050ca9dabc,1,2021-06-05_18h09.00.149,DelayedExp,2020.1.3,60,NA,NA,NA,NA,NA,NA,NA,NA,NA,NA,New,New,0,0,0,1,NotStudied,Unprimed,NA,Unprimed,NA
SUBJECT,z,1.26778,5ef3438ef48c78050ca9dabc,1,2021-06-05_18h09.00.149,DelayedExp,2020.1.3,60,NA,NA,NA,NA,NA,NA,NA,NA,NA,NA,New,New,0,0,0,1,NotStudied,Unprimed,NA,Unprimed,NA
STRANGE,z,0.63043,5ef3438ef48c78050ca9dabc,1,2021-06-05_18h09.00.149,DelayedExp,2020.1.3,60,NA,NA,NA,NA,NA,NA,NA,NA,NA,NA,New,New,0,0,0,1,NotStudied,Unprimed,NA,Unprimed,NA
MATH,z,0.737825,5ef3438ef48c78050ca9dabc,1,2021-06-05_18h09.00.149,DelayedExp,2020.1.3,60,NA,NA,NA,NA,NA,NA,NA,NA,NA,NA,New,New,0,0,0,1,NotStudied,Unprimed,NA,Unprimed,NA
BOSS,z,0.839955,5ef3438ef48c78050ca9dabc,1,2021-06-05_18h09.00.149,DelayedExp,2020.1.3,60,NA,NA,NA,NA,NA,NA,NA,NA,NA,NA,New,New,0,0,0,1,NotStudied,Unprimed,NA,Unprimed,NA
BREAD,z,0.92065,5ef3438ef48c78050ca9dabc,1,2021-06-05_18h09.00.149,DelayedExp,2020.1.3,60,NA,NA,NA,NA,NA,NA,NA,NA,NA,NA,New,New,0,0,0,1,NotStudied,Unprimed,NA,Unprimed,NA
ONCE,z,0.781065,5ef3438ef48c78050ca9dabc,1,2021-06-05_18h09.00.149,DelayedExp,2020.1.3,60,NA,NA,NA,NA,NA,NA,NA,NA,NA,NA,New,New,0,0,0,1,NotStudied,Unprimed,NA,Unprimed,NA
SOFT,z,1.89957,5ef3438ef48c78050ca9dabc,1,2021-06-05_18h09.00.149,DelayedExp,2020.1.3,60,NA,NA,NA,NA,NA,NA,NA,NA,NA,NA,New,New,0,0,0,1,NotStudied,Unprimed,NA,Unprimed,NA
SMALL,z,0.834425,5ef3438ef48c78050ca9dabc,1,2021-06-05_18h09.00.149,DelayedExp,2020.1.3,60,NA,NA,NA,NA,NA,NA,NA,NA,NA,NA,New,New,0,0,0,1,NotStudied,Unprimed,NA,Unprimed,NA
DRUGS,z,0.546,5ef3438ef48c78050ca9dabc,1,2021-06-05_18h09.00.149,DelayedExp,2020.1.3,60,NA,NA,NA,NA,NA,NA,NA,NA,NA,NA,New,New,0,0,0,1,NotStudied,Unprimed,NA,Unprimed,NA
CHAIR,slash,0.850195,5ef3438ef48c78050ca9dabc,1,2021-06-05_18h09.00.149,DelayedExp,2020.1.3,60,NA,NA,NA,NA,NA,NA,NA,NA,NA,NA,Old,New,0,0,1,0,NotStudied,Unprimed,NA,Unprimed,NA
SWAMP,slash,1.05107,5ef3438ef48c78050ca9dabc,1,2021-06-05_18h09.00.149,DelayedExp,2020.1.3,60,NA,NA,NA,NA,NA,NA,NA,NA,NA,NA,Old,New,0,0,1,0,NotStudied,Unprimed,NA,Unprimed,NA
TOOTH,slash,0.82336,5ef3438ef48c78050ca9dabc,1,2021-06-05_18h09.00.149,DelayedExp,2020.1.3,60,NA,NA,NA,NA,NA,NA,NA,NA,NA,NA,Old,New,0,0,1,0,NotStudied,Unprimed,NA,Unprimed,NA
PEPPER,z,0.763425,5ef3438ef48c78050ca9dabc,1,2021-06-05_18h09.00.149,DelayedExp,2020.1.3,60,NA,NA,NA,NA,NA,NA,NA,NA,NA,NA,New,New,0,0,0,1,NotStudied,Unprimed,NA,Unprimed,NA
TENNIS,slash,0.67053,5ef3438ef48c78050ca9dabc,1,2021-06-05_18h09.00.149,DelayedExp,2020.1.3,60,NA,NA,NA,NA,NA,NA,NA,NA,NA,NA,Old,New,0,0,1,0,NotStudied,Unprimed,NA,Unprimed,NA
WATER,slash,0.571605,5ef3438ef48c78050ca9dabc,1,2021-06-05_18h09.00.149,DelayedExp,2020.1.3,60,NA,NA,NA,NA,NA,NA,NA,NA,NA,NA,Old,New,0,0,1,0,NotStudied,Unprimed,NA,Unprimed,NA
QUIET,slash,0.88874,5ef3438ef48c78050ca9dabc,1,2021-06-05_18h09.00.149,DelayedExp,2020.1.3,60,NA,NA,NA,NA,NA,NA,NA,NA,NA,NA,Old,New,0,0,1,0,NotStudied,Unprimed,NA,Unprimed,NA
BRANCH,z,2.106705,5ef3438ef48c78050ca9dabc,1,2021-06-05_18h09.00.149,DelayedExp,2020.1.3,60,NA,NA,NA,NA,NA,NA,NA,NA,NA,NA,New,New,0,0,0,1,NotStudied,Unprimed,NA,Unprimed,NA
FISH,slash,0.684895,5ef3438ef48c78050ca9dabc,1,2021-06-05_18h09.00.149,DelayedExp,2020.1.3,60,NA,NA,NA,NA,NA,NA,NA,NA,NA,NA,Old,New,0,0,1,0,NotStudied,Unprimed,NA,Unprimed,NA
BIRD,slash,0.562705,5ef3438ef48c78050ca9dabc,1,2021-06-05_18h09.00.149,DelayedExp,2020.1.3,60,NA,NA,NA,NA,NA,NA,NA,NA,NA,NA,Old,New,0,0,1,0,NotStudied,Unprimed,NA,Unprimed,NA
PICTURE,slash,0.787595,5ef3438ef48c78050ca9dabc,1,2021-06-05_18h09.00.149,DelayedExp,2020.1.3,60,NA,NA,NA,NA,NA,NA,NA,NA,NA,NA,Old,New,0,0,1,0,NotStudied,Unprimed,NA,Unprimed,NA
CLIMB,slash,0.56368,5ef3438ef48c78050ca9dabc,1,2021-06-05_18h09.00.149,DelayedExp,2020.1.3,60,NA,NA,NA,NA,NA,NA,NA,NA,NA,NA,Old,New,0,0,1,0,NotStudied,Unprimed,NA,Unprimed,NA
SILVER,z,0.94709,5ef3438ef48c78050ca9dabc,1,2021-06-05_18h09.00.149,DelayedExp,2020.1.3,60,NA,NA,NA,NA,NA,NA,NA,NA,NA,NA,New,New,0,0,0,1,NotStudied,Unprimed,NA,Unprimed,NA
TIRED,slash,1.41881,5ef3438ef48c78050ca9dabc,1,2021-06-05_18h09.00.149,DelayedExp,2020.1.3,60,NA,NA,NA,NA,NA,NA,NA,NA,NA,NA,Old,New,0,0,1,0,NotStudied,Unprimed,NA,Unprimed,NA
BABY,z,0.892645,5ef3438ef48c78050ca9dabc,1,2021-06-05_18h09.00.149,DelayedExp,2020.1.3,60,NA,NA,NA,NA,NA,NA,NA,NA,NA,NA,New,New,0,0,0,1,NotStudied,Unprimed,NA,Unprimed,NA
HEAR,z,1.217195,5ef3438ef48c78050ca9dabc,1,2021-06-05_18h09.00.149,DelayedExp,2020.1.3,60,NA,NA,NA,NA,NA,NA,NA,NA,NA,NA,New,New,0,0,0,1,NotStudied,Unprimed,NA,Unprimed,NA
SEEK,z,0.91941,5ef3438ef48c78050ca9dabc,1,2021-06-05_18h09.00.149,DelayedExp,2020.1.3,60,NA,NA,NA,NA,NA,NA,NA,NA,NA,NA,New,New,0,0,0,1,NotStudied,Unprimed,NA,Unprimed,NA
SWORD,z,1.00054,5ef3438ef48c78050ca9dabc,1,2021-06-05_18h09.00.149,DelayedExp,2020.1.3,60,NA,NA,NA,NA,NA,NA,NA,NA,NA,NA,New,New,0,0,0,1,NotStudied,Unprimed,NA,Unprimed,NA
FLOWER,slash,0.700395,5ef3438ef48c78050ca9dabc,1,2021-06-05_18h09.00.149,DelayedExp,2020.1.3,60,NA,NA,NA,NA,NA,NA,NA,NA,NA,NA,Old,New,0,0,1,0,NotStudied,Unprimed,NA,Unprimed,NA
WHEAT,slash,0.61853,5ef3438ef48c78050ca9dabc,1,2021-06-05_18h09.00.149,DelayedExp,2020.1.3,60,NA,NA,NA,NA,NA,NA,NA,NA,NA,NA,Old,New,0,0,1,0,NotStudied,Unprimed,NA,Unprimed,NA
CANCER,slash,0.59728,5ef3438ef48c78050ca9dabc,1,2021-06-05_18h09.00.149,DelayedExp,2020.1.3,60,NA,NA,NA,NA,NA,NA,NA,NA,NA,NA,Old,New,0,0,1,0,NotStudied,Unprimed,NA,Unprimed,NA
DAGGER,slash,0.818155,5ef3438ef48c78050ca9dabc,1,2021-06-05_18h09.00.149,DelayedExp,2020.1.3,60,NA,NA,NA,NA,NA,NA,NA,NA,NA,NA,Old,New,0,0,1,0,NotStudied,Unprimed,NA,Unprimed,NA
PRESENT,slash,0.73643,5ef3438ef48c78050ca9dabc,1,2021-06-05_18h09.00.149,DelayedExp,2020.1.3,60,NA,NA,NA,NA,NA,NA,NA,NA,NA,NA,Old,New,0,0,1,0,NotStudied,Unprimed,NA,Unprimed,NA
NONE,z,0.84336,5ef3438ef48c78050ca9dabc,1,2021-06-05_18h09.00.149,DelayedExp,2020.1.3,60,NA,NA,NA,NA,NA,NA,NA,NA,NA,NA,New,New,0,0,0,1,NotStudied,Unprimed,NA,Unprimed,NA
SURE,slash,1.56526,5ef3438ef48c78050ca9dabc,1,2021-06-05_18h09.00.149,DelayedExp,2020.1.3,60,NA,NA,NA,NA,NA,NA,NA,NA,NA,NA,Old,New,0,0,1,0,NotStudied,Unprimed,NA,Unprimed,NA
LESS,z,0.93223,5ef3438ef48c78050ca9dabc,1,2021-06-05_18h09.00.149,DelayedExp,2020.1.3,60,NA,NA,NA,NA,NA,NA,NA,NA,NA,NA,New,New,0,0,0,1,NotStudied,Unprimed,NA,Unprimed,NA
RAIN,z,0.80121,5ef3438ef48c78050ca9dabc,1,2021-06-05_18h09.00.149,DelayedExp,2020.1.3,60,NA,NA,NA,NA,NA,NA,NA,NA,NA,NA,New,New,0,0,0,1,NotStudied,Unprimed,NA,Unprimed,NA
ARGUE,z,1.19467,5ef3438ef48c78050ca9dabc,1,2021-06-05_18h09.00.149,DelayedExp,2020.1.3,60,NA,NA,NA,NA,NA,NA,NA,NA,NA,NA,New,New,0,0,0,1,NotStudied,Unprimed,NA,Unprimed,NA
SOAP,z,1.653885,5ef3438ef48c78050ca9dabc,1,2021-06-05_18h09.00.149,DelayedExp,2020.1.3,60,NA,NA,NA,NA,NA,NA,NA,NA,NA,NA,New,New,0,0,0,1,NotStudied,Unprimed,NA,Unprimed,NA
STREAM,z,0.66692,5ef3438ef48c78050ca9dabc,1,2021-06-05_18h09.00.149,DelayedExp,2020.1.3,60,NA,NA,NA,NA,NA,NA,NA,NA,NA,NA,New,New,0,0,0,1,NotStudied,Unprimed,NA,Unprimed,NA
NUMBER,slash,1.671965,5ef3438ef48c78050ca9dabc,1,2021-06-05_18h09.00.149,DelayedExp,2020.1.3,60,NA,NA,NA,NA,NA,NA,NA,NA,NA,NA,Old,New,0,0,1,0,NotStudied,Unprimed,NA,Unprimed,NA
THIN,slash,0.783675,5ef3438ef48c78050ca9dabc,1,2021-06-05_18h09.00.149,DelayedExp,2020.1.3,60,NA,NA,NA,NA,NA,NA,NA,NA,NA,NA,Old,New,0,0,1,0,NotStudied,Unprimed,NA,Unprimed,NA
EXACT,slash,1.32569,5ef3438ef48c78050ca9dabc,1,2021-06-05_18h09.00.149,DelayedExp,2020.1.3,60,NA,NA,NA,NA,NA,NA,NA,NA,NA,NA,Old,New,0,0,1,0,NotStudied,Unprimed,NA,Unprimed,NA
DOOR,slash,0.568025,5ef3438ef48c78050ca9dabc,1,2021-06-05_18h09.00.149,DelayedExp,2020.1.3,60,NA,NA,NA,NA,NA,NA,NA,NA,NA,NA,Old,New,0,0,1,0,NotStudied,Unprimed,NA,Unprimed,NA
OVEN,z,1.117995,5ef3438ef48c78050ca9dabc,1,2021-06-05_18h09.00.149,DelayedExp,2020.1.3,60,NA,NA,NA,NA,NA,NA,NA,NA,NA,NA,New,New,0,0,0,1,NotStudied,Unprimed,NA,Unprimed,NA
PAPER,z,0.756155,5ef3438ef48c78050ca9dabc,1,2021-06-05_18h09.00.149,DelayedExp,2020.1.3,60,NA,NA,NA,NA,NA,NA,NA,NA,NA,NA,New,New,0,0,0,1,NotStudied,Unprimed,NA,Unprimed,NA
NEPHEW,z,0.78592,5ef3438ef48c78050ca9dabc,1,2021-06-05_18h09.00.149,DelayedExp,2020.1.3,60,NA,NA,NA,NA,NA,NA,NA,NA,NA,NA,New,New,0,0,0,1,NotStudied,Unprimed,NA,Unprimed,NA
ARMS,z,0.90112,5ef3438ef48c78050ca9dabc,1,2021-06-05_18h09.00.149,DelayedExp,2020.1.3,60,NA,NA,NA,NA,NA,NA,NA,NA,NA,NA,New,New,0,0,0,1,NotStudied,Unprimed,NA,Unprimed,NA
SMILE,slash,0.967585,5ef3438ef48c78050ca9dabc,1,2021-06-05_18h09.00.149,DelayedExp,2020.1.3,60,NA,NA,NA,NA,NA,NA,NA,NA,NA,NA,Old,New,0,0,1,0,NotStudied,Unprimed,NA,Unprimed,NA
SHEEP,z,0.96905,5ef3438ef48c78050ca9dabc,1,2021-06-05_18h09.00.149,DelayedExp,2020.1.3,60,NA,NA,NA,NA,NA,NA,NA,NA,NA,NA,New,New,0,0,0,1,NotStudied,Unprimed,NA,Unprimed,NA
FENCE,z,0.936815,5ef3438ef48c78050ca9dabc,1,2021-06-05_18h09.00.149,DelayedExp,2020.1.3,60,NA,NA,NA,NA,NA,NA,NA,NA,NA,NA,New,New,0,0,0,1,NotStudied,Unprimed,NA,Unprimed,NA
TOCK,z,0.672815,5ef3438ef48c78050ca9dabc,1,2021-06-05_18h09.00.149,DelayedExp,2020.1.3,60,NA,NA,NA,NA,NA,NA,NA,NA,NA,NA,New,New,0,0,0,1,NotStudied,Unprimed,NA,Unprimed,NA
SHOVE,slash,1.15317,5ef3438ef48c78050ca9dabc,1,2021-06-05_18h09.00.149,DelayedExp,2020.1.3,60,NA,NA,NA,NA,NA,NA,NA,NA,NA,NA,Old,New,0,0,1,0,NotStudied,Unprimed,NA,Unprimed,NA
SPIDER,slash,1.631895,5ef3438ef48c78050ca9dabc,1,2021-06-05_18h09.00.149,DelayedExp,2020.1.3,60,NA,NA,NA,NA,NA,NA,NA,NA,NA,NA,Old,New,0,0,1,0,NotStudied,Unprimed,NA,Unprimed,NA
NEWS,slash,1.452635,5ef3438ef48c78050ca9dabc,1,2021-06-05_18h09.00.149,DelayedExp,2020.1.3,60,NA,NA,NA,NA,NA,NA,NA,NA,NA,NA,Old,New,0,0,1,0,NotStudied,Unprimed,NA,Unprimed,NA
SPICE,slash,1.518125,5ef3438ef48c78050ca9dabc,1,2021-06-05_18h09.00.149,DelayedExp,2020.1.3,60,NA,NA,NA,NA,NA,NA,NA,NA,NA,NA,Old,New,0,0,1,0,NotStudied,Unprimed,NA,Unprimed,NA
GUILT,slash,0.733915,5ef3438ef48c78050ca9dabc,1,2021-06-05_18h09.00.149,DelayedExp,2020.1.3,60,NA,NA,NA,NA,NA,NA,NA,NA,NA,NA,Old,New,0,0,1,0,NotStudied,Unprimed,NA,Unprimed,NA
MAD,z,0.98454,5ef3438ef48c78050ca9dabc,1,2021-06-05_18h09.00.149,DelayedExp,2020.1.3,60,NA,NA,NA,NA,NA,NA,NA,NA,NA,NA,New,New,0,0,0,1,NotStudied,Unprimed,NA,Unprimed,NA
MILK,z,0.67783,5ef3438ef48c78050ca9dabc,1,2021-06-05_18h09.00.149,DelayedExp,2020.1.3,60,NA,NA,NA,NA,NA,NA,NA,NA,NA,NA,New,New,0,0,0,1,NotStudied,Unprimed,NA,Unprimed,NA
TIGER,z,1.64675,5ef3438ef48c78050ca9dabc,1,2021-06-05_18h09.00.149,DelayedExp,2020.1.3,60,NA,NA,NA,NA,NA,NA,NA,NA,NA,NA,New,New,0,0,0,1,NotStudied,Unprimed,NA,Unprimed,NA
STARS,slash,0.93629,5ef3438ef48c78050ca9dabc,1,2021-06-05_18h09.00.149,DelayedExp,2020.1.3,60,NA,NA,NA,NA,NA,NA,NA,NA,NA,NA,Old,New,0,0,1,0,NotStudied,Unprimed,NA,Unprimed,NA
COLLECT,slash,0.681925,5ef3438ef48c78050ca9dabc,1,2021-06-05_18h09.00.149,DelayedExp,2020.1.3,60,NA,NA,NA,NA,NA,NA,NA,NA,NA,NA,Old,New,0,0,1,0,NotStudied,Unprimed,NA,Unprimed,NA
OFFICE,slash,0.68088,5ef3438ef48c78050ca9dabc,1,2021-06-05_18h09.00.149,DelayedExp,2020.1.3,60,NA,NA,NA,NA,NA,NA,NA,NA,NA,NA,Old,New,0,0,1,0,NotStudied,Unprimed,NA,Unprimed,NA
MUSIC ,slash,1.28066,5ef3438ef48c78050ca9dabc,1,2021-06-05_18h09.00.149,DelayedExp,2020.1.3,60,NA,NA,NA,NA,NA,NA,NA,NA,NA,NA,Old,New,0,0,1,0,NotStudied,Unprimed,NA,Unprimed,NA
THIEF,slash,0.62317,5ef3438ef48c78050ca9dabc,1,2021-06-05_18h09.00.149,DelayedExp,2020.1.3,60,NA,NA,NA,NA,NA,NA,NA,NA,NA,NA,Old,New,0,0,1,0,NotStudied,Unprimed,NA,Unprimed,NA
CRACKER,z,0.63336,5ef3438ef48c78050ca9dabc,1,2021-06-05_18h09.00.149,DelayedExp,2020.1.3,60,NA,NA,NA,NA,NA,NA,NA,NA,NA,NA,New,New,0,0,0,1,NotStudied,Unprimed,NA,Unprimed,NA
SMOOTH,slash,1.08418,5ef3438ef48c78050ca9dabc,1,2021-06-05_18h09.00.149,DelayedExp,2020.1.3,60,NA,NA,NA,NA,NA,NA,NA,NA,NA,NA,Old,New,0,0,1,0,NotStudied,Unprimed,NA,Unprimed,NA
MAID,z,1.01669,5ef3438ef48c78050ca9dabc,1,2021-06-05_18h09.00.149,DelayedExp,2020.1.3,60,NA,NA,NA,NA,NA,NA,NA,NA,NA,NA,New,New,0,0,0,1,NotStudied,Unprimed,NA,Unprimed,NA
LOSE,z,2.13243,5ef3438ef48c78050ca9dabc,1,2021-06-05_18h09.00.149,DelayedExp,2020.1.3,60,NA,NA,NA,NA,NA,NA,NA,NA,NA,NA,New,New,0,0,0,1,NotStudied,Unprimed,NA,Unprimed,NA
DEVIL,slash,0.87885,5ef3438ef48c78050ca9dabc,1,2021-06-05_18h09.00.149,DelayedExp,2020.1.3,60,NA,NA,NA,NA,NA,NA,NA,NA,NA,NA,Old,New,0,0,1,0,NotStudied,Unprimed,NA,Unprimed,NA
QUART,slash,1.80096,5ef3438ef48c78050ca9dabc,1,2021-06-05_18h09.00.149,DelayedExp,2020.1.3,60,NA,NA,NA,NA,NA,NA,NA,NA,NA,NA,Old,New,0,0,1,0,NotStudied,Unprimed,NA,Unprimed,NA
ALLOW,slash,1.284775,5ef3438ef48c78050ca9dabc,1,2021-06-05_18h09.00.149,DelayedExp,2020.1.3,60,NA,NA,NA,NA,NA,NA,NA,NA,NA,NA,Old,New,0,0,1,0,NotStudied,Unprimed,NA,Unprimed,NA
STAIRS,slash,0.75443,5ef3438ef48c78050ca9dabc,1,2021-06-05_18h09.00.149,DelayedExp,2020.1.3,60,NA,NA,NA,NA,NA,NA,NA,NA,NA,NA,Old,New,0,0,1,0,NotStudied,Unprimed,NA,Unprimed,NA
CLOSE,slash,0.531975,5ef3438ef48c78050ca9dabc,1,2021-06-05_18h09.00.149,DelayedExp,2020.1.3,60,NA,NA,NA,NA,NA,NA,NA,NA,NA,NA,Old,New,0,0,1,0,NotStudied,Unprimed,NA,Unprimed,NA
CLEAR,slash,0.73279,5ef3438ef48c78050ca9dabc,1,2021-06-05_18h09.00.149,DelayedExp,2020.1.3,60,NA,NA,NA,NA,NA,NA,NA,NA,NA,NA,Old,New,0,0,1,0,NotStudied,Unprimed,NA,Unprimed,NA
ROSE,z,1.117985,5ef3438ef48c78050ca9dabc,1,2021-06-05_18h09.00.149,DelayedExp,2020.1.3,60,NA,NA,NA,NA,NA,NA,NA,NA,NA,NA,New,New,0,0,0,1,NotStudied,Unprimed,NA,Unprimed,NA
NIGHTS,z,0.83234,5ef3438ef48c78050ca9dabc,1,2021-06-05_18h09.00.149,DelayedExp,2020.1.3,60,NA,NA,NA,NA,NA,NA,NA,NA,NA,NA,New,New,0,0,0,1,NotStudied,Unprimed,NA,Unprimed,NA
WANT,z,0.81711,5ef3438ef48c78050ca9dabc,1,2021-06-05_18h09.00.149,DelayedExp,2020.1.3,60,NA,NA,NA,NA,NA,NA,NA,NA,NA,NA,New,New,0,0,0,1,NotStudied,Unprimed,NA,Unprimed,NA
THANKS,z,1.00652,5ef3438ef48c78050ca9dabc,1,2021-06-05_18h09.00.149,DelayedExp,2020.1.3,60,NA,NA,NA,NA,NA,NA,NA,NA,NA,NA,New,New,0,0,0,1,NotStudied,Unprimed,NA,Unprimed,NA
SMELL,z,0.737485,5ef3438ef48c78050ca9dabc,1,2021-06-05_18h09.00.149,DelayedExp,2020.1.3,60,NA,NA,NA,NA,NA,NA,NA,NA,NA,NA,New,New,0,0,0,1,NotStudied,Unprimed,NA,Unprimed,NA
YOUNG,z,0.72817,5ef3438ef48c78050ca9dabc,1,2021-06-05_18h09.00.149,DelayedExp,2020.1.3,60,NA,NA,NA,NA,NA,NA,NA,NA,NA,NA,New,New,0,0,0,1,NotStudied,Unprimed,NA,Unprimed,NA
NOISE,slash,0.759955,5ef3438ef48c78050ca9dabc,1,2021-06-05_18h09.00.149,DelayedExp,2020.1.3,60,NA,NA,NA,NA,NA,NA,NA,NA,NA,NA,Old,New,0,0,1,0,NotStudied,Unprimed,NA,Unprimed,NA
MINUS,z,0.77573,5ef3438ef48c78050ca9dabc,1,2021-06-05_18h09.00.149,DelayedExp,2020.1.3,60,NA,NA,NA,NA,NA,NA,NA,NA,NA,NA,New,New,0,0,0,1,NotStudied,Unprimed,NA,Unprimed,NA
FOOD,z,0.86776,5ef3438ef48c78050ca9dabc,1,2021-06-05_18h09.00.149,DelayedExp,2020.1.3,60,NA,NA,NA,NA,NA,NA,NA,NA,NA,NA,New,New,0,0,0,1,NotStudied,Unprimed,NA,Unprimed,NA
BRAIN,z,0.732075,5ef3438ef48c78050ca9dabc,1,2021-06-05_18h09.00.149,DelayedExp,2020.1.3,60,NA,NA,NA,NA,NA,NA,NA,NA,NA,NA,New,New,0,0,0,1,NotStudied,Unprimed,NA,Unprimed,NA
THROW,slash,0.7564,5ef3438ef48c78050ca9dabc,1,2021-06-05_18h09.00.149,DelayedExp,2020.1.3,60,NA,NA,NA,NA,NA,NA,NA,NA,NA,NA,Old,New,0,0,1,0,NotStudied,Unprimed,NA,Unprimed,NA
ROAD,slash,0.572445,5ef3438ef48c78050ca9dabc,1,2021-06-05_18h09.00.149,DelayedExp,2020.1.3,60,NA,NA,NA,NA,NA,NA,NA,NA,NA,NA,Old,New,0,0,1,0,NotStudied,Unprimed,NA,Unprimed,NA
CLOWN,slash,0.734725,5ef3438ef48c78050ca9dabc,1,2021-06-05_18h09.00.149,DelayedExp,2020.1.3,60,NA,NA,NA,NA,NA,NA,NA,NA,NA,NA,Old,New,0,0,1,0,NotStudied,Unprimed,NA,Unprimed,NA
STRIPE,slash,1.48858,5ef3438ef48c78050ca9dabc,1,2021-06-05_18h09.00.149,DelayedExp,2020.1.3,60,NA,NA,NA,NA,NA,NA,NA,NA,NA,NA,Old,New,0,0,1,0,NotStudied,Unprimed,NA,Unprimed,NA
JUMP,z,2.438015,5ef3438ef48c78050ca9dabc,1,2021-06-05_18h09.00.149,DelayedExp,2020.1.3,60,NA,NA,NA,NA,NA,NA,NA,NA,NA,NA,New,New,0,0,0,1,NotStudied,Unprimed,NA,Unprimed,NA
CORAL,z,0.743115,5ef3438ef48c78050ca9dabc,1,2021-06-05_18h09.00.149,DelayedExp,2020.1.3,60,NA,NA,NA,NA,NA,NA,NA,NA,NA,NA,New,New,0,0,0,1,NotStudied,Unprimed,NA,Unprimed,NA
GRAND,slash,2.8699,5ef3438ef48c78050ca9dabc,1,2021-06-05_18h09.00.149,DelayedExp,2020.1.3,60,NA,NA,NA,NA,NA,NA,NA,NA,NA,NA,Old,New,0,0,1,0,NotStudied,Unprimed,NA,Unprimed,NA
TOES,slash,0.79771,5ef3438ef48c78050ca9dabc,1,2021-06-05_18h09.00.149,DelayedExp,2020.1.3,60,NA,NA,NA,NA,NA,NA,NA,NA,NA,NA,Old,New,0,0,1,0,NotStudied,Unprimed,NA,Unprimed,NA
RENT,z,0.971155,5ef3438ef48c78050ca9dabc,1,2021-06-05_18h09.00.149,DelayedExp,2020.1.3,60,NA,NA,NA,NA,NA,NA,NA,NA,NA,NA,New,New,0,0,0,1,NotStudied,Unprimed,NA,Unprimed,NA
LAWYER,z,0.78515,5ef3438ef48c78050ca9dabc,1,2021-06-05_18h09.00.149,DelayedExp,2020.1.3,60,NA,NA,NA,NA,NA,NA,NA,NA,NA,NA,New,New,0,0,0,1,NotStudied,Unprimed,NA,Unprimed,NA
SHERIFF,z,0.70078,5ef3438ef48c78050ca9dabc,1,2021-06-05_18h09.00.149,DelayedExp,2020.1.3,60,NA,NA,NA,NA,NA,NA,NA,NA,NA,NA,New,New,0,0,0,1,NotStudied,Unprimed,NA,Unprimed,NA
SHOES,z,2.55437,5ef3438ef48c78050ca9dabc,1,2021-06-05_18h09.00.149,DelayedExp,2020.1.3,60,NA,NA,NA,NA,NA,NA,NA,NA,NA,NA,New,New,0,0,0,1,NotStudied,Unprimed,NA,Unprimed,NA
WARM,z,1.41767,5ef3438ef48c78050ca9dabc,1,2021-06-05_18h09.00.149,DelayedExp,2020.1.3,60,NA,NA,NA,NA,NA,NA,NA,NA,NA,NA,New,New,0,0,0,1,NotStudied,Unprimed,NA,Unprimed,NA
GLORY,slash,0.644615,5ef3438ef48c78050ca9dabc,1,2021-06-05_18h09.00.149,DelayedExp,2020.1.3,60,NA,NA,NA,NA,NA,NA,NA,NA,NA,NA,Old,New,0,0,1,0,NotStudied,Unprimed,NA,Unprimed,NA
WEIGHT,slash,0.83347,5ef3438ef48c78050ca9dabc,1,2021-06-05_18h09.00.149,DelayedExp,2020.1.3,60,NA,NA,NA,NA,NA,NA,NA,NA,NA,NA,Old,New,0,0,1,0,NotStudied,Unprimed,NA,Unprimed,NA
SLOW,slash,0.64275,5ef3438ef48c78050ca9dabc,1,2021-06-05_18h09.00.149,DelayedExp,2020.1.3,60,NA,NA,NA,NA,NA,NA,NA,NA,NA,NA,Old,New,0,0,1,0,NotStudied,Unprimed,NA,Unprimed,NA
DEAF,slash,0.841845,5ef3438ef48c78050ca9dabc,1,2021-06-05_18h09.00.149,DelayedExp,2020.1.3,60,NA,NA,NA,NA,NA,NA,NA,NA,NA,NA,Old,New,0,0,1,0,NotStudied,Unprimed,NA,Unprimed,NA
EGGS,slash,0.64035,5ef3438ef48c78050ca9dabc,1,2021-06-05_18h09.00.149,DelayedExp,2020.1.3,60,NA,NA,NA,NA,NA,NA,NA,NA,NA,NA,Old,New,0,0,1,0,NotStudied,Unprimed,NA,Unprimed,NA
CASTLE,slash,0.97999,5ef3438ef48c78050ca9dabc,1,2021-06-05_18h09.00.149,DelayedExp,2020.1.3,60,NA,NA,NA,NA,NA,NA,NA,NA,NA,NA,Old,New,0,0,1,0,NotStudied,Unprimed,NA,Unprimed,NA
GIRLS,slash,0.648735,5ef3438ef48c78050ca9dabc,1,2021-06-05_18h09.00.149,DelayedExp,2020.1.3,60,NA,NA,NA,NA,NA,NA,NA,NA,NA,NA,Old,New,0,0,1,0,NotStudied,Unprimed,NA,Unprimed,NA
LAUGH,slash,0.94025,5ef3438ef48c78050ca9dabc,1,2021-06-05_18h09.00.149,DelayedExp,2020.1.3,60,NA,NA,NA,NA,NA,NA,NA,NA,NA,NA,Old,New,0,0,1,0,NotStudied,Unprimed,NA,Unprimed,NA
CARD,z,1.18647,5ef3438ef48c78050ca9dabc,1,2021-06-05_18h09.00.149,DelayedExp,2020.1.3,60,NA,NA,NA,NA,NA,NA,NA,NA,NA,NA,New,New,0,0,0,1,NotStudied,Unprimed,NA,Unprimed,NA
ANNOY,z,0.92662,5ef3438ef48c78050ca9dabc,1,2021-06-05_18h09.00.149,DelayedExp,2020.1.3,60,NA,NA,NA,NA,NA,NA,NA,NA,NA,NA,New,New,0,0,0,1,NotStudied,Unprimed,NA,Unprimed,NA
SLIDE,z,1.96022,5ef3438ef48c78050ca9dabc,1,2021-06-05_18h09.00.149,DelayedExp,2020.1.3,60,NA,NA,NA,NA,NA,NA,NA,NA,NA,NA,New,New,0,0,0,1,NotStudied,Unprimed,NA,Unprimed,NA
MINIMUM,z,0.71707,5ef3438ef48c78050ca9dabc,1,2021-06-05_18h09.00.149,DelayedExp,2020.1.3,60,NA,NA,NA,NA,NA,NA,NA,NA,NA,NA,New,New,0,0,0,1,NotStudied,Unprimed,NA,Unprimed,NA
TREE,slash,0.72376,5ef3438ef48c78050ca9dabc,1,2021-06-05_18h09.00.149,DelayedExp,2020.1.3,60,NA,NA,NA,NA,NA,NA,NA,NA,NA,NA,Old,New,0,0,1,0,NotStudied,Unprimed,NA,Unprimed,NA
COPY,slash,0.54409,5ef3438ef48c78050ca9dabc,1,2021-06-05_18h09.00.149,DelayedExp,2020.1.3,60,NA,NA,NA,NA,NA,NA,NA,NA,NA,NA,Old,New,0,0,1,0,NotStudied,Unprimed,NA,Unprimed,NA
WHERE,slash,0.78516,5ef3438ef48c78050ca9dabc,1,2021-06-05_18h09.00.149,DelayedExp,2020.1.3,60,NA,NA,NA,NA,NA,NA,NA,NA,NA,NA,Old,New,0,0,1,0,NotStudied,Unprimed,NA,Unprimed,NA
SHIRT,z,1.602065,5ef3438ef48c78050ca9dabc,1,2021-06-05_18h09.00.149,DelayedExp,2020.1.3,60,NA,NA,NA,NA,NA,NA,NA,NA,NA,NA,New,New,0,0,0,1,NotStudied,Unprimed,NA,Unprimed,NA
FIRST,z,1.27209,5ef3438ef48c78050ca9dabc,1,2021-06-05_18h09.00.149,DelayedExp,2020.1.3,60,NA,NA,NA,NA,NA,NA,NA,NA,NA,NA,New,New,0,0,0,1,NotStudied,Unprimed,NA,Unprimed,NA
STREET,z,1.06321,5ef3438ef48c78050ca9dabc,1,2021-06-05_18h09.00.149,DelayedExp,2020.1.3,60,NA,NA,NA,NA,NA,NA,NA,NA,NA,NA,New,New,0,0,0,1,NotStudied,Unprimed,NA,Unprimed,NA
PLANE ,z,1.36416,5ef3438ef48c78050ca9dabc,1,2021-06-05_18h09.00.149,DelayedExp,2020.1.3,60,NA,NA,NA,NA,NA,NA,NA,NA,NA,NA,New,New,0,0,0,1,NotStudied,Unprimed,NA,Unprimed,NA
WHOLE,slash,1.43516,5ef3438ef48c78050ca9dabc,1,2021-06-05_18h09.00.149,DelayedExp,2020.1.3,60,NA,NA,NA,NA,NA,NA,NA,NA,NA,NA,Old,New,0,0,1,0,NotStudied,Unprimed,NA,Unprimed,NA
CLUE,slash,0.580395,5ef3438ef48c78050ca9dabc,1,2021-06-05_18h09.00.149,DelayedExp,2020.1.3,60,NA,NA,NA,NA,NA,NA,NA,NA,NA,NA,Old,New,0,0,1,0,NotStudied,Unprimed,NA,Unprimed,NA
MONEY,slash,0.52297,5ef3438ef48c78050ca9dabc,1,2021-06-05_18h09.00.149,DelayedExp,2020.1.3,60,NA,NA,NA,NA,NA,NA,NA,NA,NA,NA,Old,New,0,0,1,0,NotStudied,Unprimed,NA,Unprimed,NA
REPEAT,z,0.84337,5ef3438ef48c78050ca9dabc,1,2021-06-05_18h09.00.149,DelayedExp,2020.1.3,60,NA,NA,NA,NA,NA,NA,NA,NA,NA,NA,New,New,0,0,0,1,NotStudied,Unprimed,NA,Unprimed,NA
DOLLAR,slash,0.6186,5ef3438ef48c78050ca9dabc,1,2021-06-05_18h09.00.149,DelayedExp,2020.1.3,60,NA,NA,NA,NA,NA,NA,NA,NA,NA,NA,Old,New,0,0,1,0,NotStudied,Unprimed,NA,Unprimed,NA
GEEK,z,0.906945,5ef3438ef48c78050ca9dabc,1,2021-06-05_18h09.00.149,DelayedExp,2020.1.3,60,NA,NA,NA,NA,NA,NA,NA,NA,NA,NA,New,New,0,0,0,1,NotStudied,Unprimed,NA,Unprimed,NA
BEACH,z,0.816135,5ef3438ef48c78050ca9dabc,1,2021-06-05_18h09.00.149,DelayedExp,2020.1.3,60,NA,NA,NA,NA,NA,NA,NA,NA,NA,NA,New,New,0,0,0,1,NotStudied,Unprimed,NA,Unprimed,NA
POUND,slash,0.643845,5ef3438ef48c78050ca9dabc,1,2021-06-05_18h09.00.149,DelayedExp,2020.1.3,60,NA,NA,NA,NA,NA,NA,NA,NA,NA,NA,Old,New,0,0,1,0,NotStudied,Unprimed,NA,Unprimed,NA
CHAIN,slash,2.154035,5ef3438ef48c78050ca9dabc,1,2021-06-05_18h09.00.149,DelayedExp,2020.1.3,60,NA,NA,NA,NA,NA,NA,NA,NA,NA,NA,Old,New,0,0,1,0,NotStudied,Unprimed,NA,Unprimed,NA
SMART,slash,0.635375,5ef3438ef48c78050ca9dabc,1,2021-06-05_18h09.00.149,DelayedExp,2020.1.3,60,NA,NA,NA,NA,NA,NA,NA,NA,NA,NA,Old,New,0,0,1,0,NotStudied,Unprimed,NA,Unprimed,NA
CAKE,slash,0.768855,5ef3438ef48c78050ca9dabc,1,2021-06-05_18h09.00.149,DelayedExp,2020.1.3,60,NA,NA,NA,NA,NA,NA,NA,NA,NA,NA,Old,New,0,0,1,0,NotStudied,Unprimed,NA,Unprimed,NA
SELLER,z,0.87409,5ef3438ef48c78050ca9dabc,1,2021-06-05_18h09.00.149,DelayedExp,2020.1.3,60,NA,NA,NA,NA,NA,NA,NA,NA,NA,NA,New,New,0,0,0,1,NotStudied,Unprimed,NA,Unprimed,NA
PURPOSE,slash,0.64902,5ef3438ef48c78050ca9dabc,1,2021-06-05_18h09.00.149,DelayedExp,2020.1.3,60,NA,NA,NA,NA,NA,NA,NA,NA,NA,NA,Old,New,0,0,1,0,NotStudied,Unprimed,NA,Unprimed,NA
STOP,slash,0.62871,5ef3438ef48c78050ca9dabc,1,2021-06-05_18h09.00.149,DelayedExp,2020.1.3,60,NA,NA,NA,NA,NA,NA,NA,NA,NA,NA,Old,New,0,0,1,0,NotStudied,Unprimed,NA,Unprimed,NA
PENNY,slash,0.34366,5ef3438ef48c78050ca9dabc,1,2021-06-05_18h09.00.149,DelayedExp,2020.1.3,60,NA,NA,NA,NA,NA,NA,NA,NA,NA,NA,Old,New,0,0,1,0,NotStudied,Unprimed,NA,Unprimed,NA
WILD,slash,0.490885,5ef3438ef48c78050ca9dabc,1,2021-06-05_18h09.00.149,DelayedExp,2020.1.3,60,NA,NA,NA,NA,NA,NA,NA,NA,NA,NA,Old,New,0,0,1,0,NotStudied,Unprimed,NA,Unprimed,NA
SICK,slash,0.665835,5ef3438ef48c78050ca9dabc,1,2021-06-05_18h09.00.149,DelayedExp,2020.1.3,60,NA,NA,NA,NA,NA,NA,NA,NA,NA,NA,Old,New,0,0,1,0,NotStudied,Unprimed,NA,Unprimed,NA
HELLO,slash,0.958725,5ef3438ef48c78050ca9dabc,1,2021-06-05_18h09.00.149,DelayedExp,2020.1.3,60,NA,NA,NA,NA,NA,NA,NA,NA,NA,NA,Old,New,0,0,1,0,NotStudied,Unprimed,NA,Unprimed,NA
PHONE,z,0.92101,5ef3438ef48c78050ca9dabc,1,2021-06-05_18h09.00.149,DelayedExp,2020.1.3,60,NA,NA,NA,NA,NA,NA,NA,NA,NA,NA,New,New,0,0,0,1,NotStudied,Unprimed,NA,Unprimed,NA
YELLOW,z,0.732935,5ef3438ef48c78050ca9dabc,1,2021-06-05_18h09.00.149,DelayedExp,2020.1.3,60,NA,NA,NA,NA,NA,NA,NA,NA,NA,NA,New,New,0,0,0,1,NotStudied,Unprimed,NA,Unprimed,NA
ROCK,z,1.239975,5ef3438ef48c78050ca9dabc,1,2021-06-05_18h09.00.149,DelayedExp,2020.1.3,60,NA,NA,NA,NA,NA,NA,NA,NA,NA,NA,New,New,0,0,0,1,NotStudied,Unprimed,NA,Unprimed,NA
LARGE,z,1.27072,5ef3438ef48c78050ca9dabc,1,2021-06-05_18h09.00.149,DelayedExp,2020.1.3,60,NA,NA,NA,NA,NA,NA,NA,NA,NA,NA,New,New,0,0,0,1,NotStudied,Unprimed,NA,Unprimed,NA
SOUR,slash,0.630655,5ef3438ef48c78050ca9dabc,1,2021-06-05_18h09.00.149,DelayedExp,2020.1.3,60,NA,NA,NA,NA,NA,NA,NA,NA,NA,NA,Old,New,0,0,1,0,NotStudied,Unprimed,NA,Unprimed,NA
JEANS,z,0.726205,5ef3438ef48c78050ca9dabc,1,2021-06-05_18h09.00.149,DelayedExp,2020.1.3,60,NA,NA,NA,NA,NA,NA,NA,NA,NA,NA,New,New,0,0,0,1,NotStudied,Unprimed,NA,Unprimed,NA
BELOW,z,0.932035,5ef3438ef48c78050ca9dabc,1,2021-06-05_18h09.00.149,DelayedExp,2020.1.3,60,NA,NA,NA,NA,NA,NA,NA,NA,NA,NA,New,New,0,0,0,1,NotStudied,Unprimed,NA,Unprimed,NA
TOOL,z,1.007065,5ef3438ef48c78050ca9dabc,1,2021-06-05_18h09.00.149,DelayedExp,2020.1.3,60,NA,NA,NA,NA,NA,NA,NA,NA,NA,NA,New,New,0,0,0,1,NotStudied,Unprimed,NA,Unprimed,NA
FAKE,z,0.96786,5ef3438ef48c78050ca9dabc,1,2021-06-05_18h09.00.149,DelayedExp,2020.1.3,60,NA,NA,NA,NA,NA,NA,NA,NA,NA,NA,New,New,0,0,0,1,NotStudied,Unprimed,NA,Unprimed,NA
FOUND,z,1.198295,5ef3438ef48c78050ca9dabc,1,2021-06-05_18h09.00.149,DelayedExp,2020.1.3,60,NA,NA,NA,NA,NA,NA,NA,NA,NA,NA,New,New,0,0,0,1,NotStudied,Unprimed,NA,Unprimed,NA
SHORT,z,1.126115,5ef3438ef48c78050ca9dabc,1,2021-06-05_18h09.00.149,DelayedExp,2020.1.3,60,NA,NA,NA,NA,NA,NA,NA,NA,NA,NA,New,New,0,0,0,1,NotStudied,Unprimed,NA,Unprimed,NA
NOSE,z,0.750495,5ef3438ef48c78050ca9dabc,1,2021-06-05_18h09.00.149,DelayedExp,2020.1.3,60,NA,NA,NA,NA,NA,NA,NA,NA,NA,NA,New,New,0,0,0,1,NotStudied,Unprimed,NA,Unprimed,NA
MONKEY,z,1.370185,5ef3438ef48c78050ca9dabc,1,2021-06-05_18h09.00.149,DelayedExp,2020.1.3,60,NA,NA,NA,NA,NA,NA,NA,NA,NA,NA,New,New,0,0,0,1,NotStudied,Unprimed,NA,Unprimed,NA
WRITE,z,0.76409,5ef3438ef48c78050ca9dabc,1,2021-06-05_18h09.00.149,DelayedExp,2020.1.3,60,NA,NA,NA,NA,NA,NA,NA,NA,NA,NA,New,New,0,0,0,1,NotStudied,Unprimed,NA,Unprimed,NA
SILK,z,0.690275,5ef3438ef48c78050ca9dabc,1,2021-06-05_18h09.00.149,DelayedExp,2020.1.3,60,NA,NA,NA,NA,NA,NA,NA,NA,NA,NA,New,New,0,0,0,1,NotStudied,Unprimed,NA,Unprimed,NA
SQUARE,slash,0.90034,5ef3438ef48c78050ca9dabc,1,2021-06-05_18h09.00.149,DelayedExp,2020.1.3,60,NA,NA,NA,NA,NA,NA,NA,NA,NA,NA,Old,New,0,0,1,0,NotStudied,Unprimed,NA,Unprimed,NA
PAIN,slash,0.660175,5ef3438ef48c78050ca9dabc,1,2021-06-05_18h09.00.149,DelayedExp,2020.1.3,60,NA,NA,NA,NA,NA,NA,NA,NA,NA,NA,Old,New,0,0,1,0,NotStudied,Unprimed,NA,Unprimed,NA
MAYBE,z,1.498435,5ef3438ef48c78050ca9dabc,1,2021-06-05_18h09.00.149,DelayedExp,2020.1.3,60,NA,NA,NA,NA,NA,NA,NA,NA,NA,NA,New,New,0,0,0,1,NotStudied,Unprimed,NA,Unprimed,NA
DESERT,z,1.13525,5ef3438ef48c78050ca9dabc,1,2021-06-05_18h09.00.149,DelayedExp,2020.1.3,60,NA,NA,NA,NA,NA,NA,NA,NA,NA,NA,New,New,0,0,0,1,NotStudied,Unprimed,NA,Unprimed,NA
PICKLE,slash,0.79189,5ef3438ef48c78050ca9dabc,1,2021-06-05_18h09.00.149,DelayedExp,2020.1.3,60,NA,NA,NA,NA,NA,NA,NA,NA,NA,NA,Old,New,0,0,1,0,NotStudied,Unprimed,NA,Unprimed,NA
GLASSES,z,1.569225,5ef3438ef48c78050ca9dabc,1,2021-06-05_18h09.00.149,DelayedExp,2020.1.3,60,NA,NA,NA,NA,NA,NA,NA,NA,NA,NA,New,New,0,0,0,1,NotStudied,Unprimed,NA,Unprimed,NA
DIRT,z,1.16751,5ef3438ef48c78050ca9dabc,1,2021-06-05_18h09.00.149,DelayedExp,2020.1.3,60,NA,NA,NA,NA,NA,NA,NA,NA,NA,NA,New,New,0,0,0,1,NotStudied,Unprimed,NA,Unprimed,NA
RULE,slash,0.790455,5ef3438ef48c78050ca9dabc,1,2021-06-05_18h09.00.149,DelayedExp,2020.1.3,60,NA,NA,NA,NA,NA,NA,NA,NA,NA,NA,Old,New,0,0,1,0,NotStudied,Unprimed,NA,Unprimed,NA
DISAGREE,z,0.914585,5ef3438ef48c78050ca9dabc,1,2021-06-05_18h09.00.149,DelayedExp,2020.1.3,60,NA,NA,NA,NA,NA,NA,NA,NA,NA,NA,New,New,0,0,0,1,NotStudied,Unprimed,NA,Unprimed,NA
CANDLE,slash,1.50092,5ef3438ef48c78050ca9dabc,1,2021-06-05_18h09.00.149,DelayedExp,2020.1.3,60,NA,NA,NA,NA,NA,NA,NA,NA,NA,NA,Old,New,0,0,1,0,NotStudied,Unprimed,NA,Unprimed,NA
LAKE,slash,0.716055,5ef3438ef48c78050ca9dabc,1,2021-06-05_18h09.00.149,DelayedExp,2020.1.3,60,NA,NA,NA,NA,NA,NA,NA,NA,NA,NA,Old,New,0,0,1,0,NotStudied,Unprimed,NA,Unprimed,NA
LETTER,z,1.0834,5ef3438ef48c78050ca9dabc,1,2021-06-05_18h09.00.149,DelayedExp,2020.1.3,60,NA,NA,NA,NA,NA,NA,NA,NA,NA,NA,New,New,0,0,0,1,NotStudied,Unprimed,NA,Unprimed,NA
POTATO,z,1.252835,5ef3438ef48c78050ca9dabc,1,2021-06-05_18h09.00.149,DelayedExp,2020.1.3,60,NA,NA,NA,NA,NA,NA,NA,NA,NA,NA,New,New,0,0,0,1,NotStudied,Unprimed,NA,Unprimed,NA
FINISH,z,0.447185,5ef3438ef48c78050ca9dabc,1,2021-06-05_18h09.00.149,DelayedExp,2020.1.3,60,NA,NA,NA,NA,NA,NA,NA,NA,NA,NA,New,New,0,0,0,1,NotStudied,Unprimed,NA,Unprimed,NA
BREAK,slash,0.75337,5ef3438ef48c78050ca9dabc,1,2021-06-05_18h09.00.149,DelayedExp,2020.1.3,60,NA,NA,NA,NA,NA,NA,NA,NA,NA,NA,Old,New,0,0,1,0,NotStudied,Unprimed,NA,Unprimed,NA
SHEETS,z,2.23692,5ef3438ef48c78050ca9dabc,1,2021-06-05_18h09.00.149,DelayedExp,2020.1.3,60,NA,NA,NA,NA,NA,NA,NA,NA,NA,NA,New,New,0,0,0,1,NotStudied,Unprimed,NA,Unprimed,NA
STICKY,z,0.916865,5ef3438ef48c78050ca9dabc,1,2021-06-05_18h09.00.149,DelayedExp,2020.1.3,60,NA,NA,NA,NA,NA,NA,NA,NA,NA,NA,New,New,0,0,0,1,NotStudied,Unprimed,NA,Unprimed,NA
SHALLOW,z,0.95114,5ef3438ef48c78050ca9dabc,1,2021-06-05_18h09.00.149,DelayedExp,2020.1.3,60,NA,NA,NA,NA,NA,NA,NA,NA,NA,NA,New,New,0,0,0,1,NotStudied,Unprimed,NA,Unprimed,NA
STORY,slash,0.914915,5ef3438ef48c78050ca9dabc,1,2021-06-05_18h09.00.149,DelayedExp,2020.1.3,60,NA,NA,NA,NA,NA,NA,NA,NA,NA,NA,Old,New,0,0,1,0,NotStudied,Unprimed,NA,Unprimed,NA
JACKET,z,0.804895,5ef3438ef48c78050ca9dabc,1,2021-06-05_18h09.00.149,DelayedExp,2020.1.3,60,NA,NA,NA,NA,NA,NA,NA,NA,NA,NA,New,New,0,0,0,1,NotStudied,Unprimed,NA,Unprimed,NA
NINE,z,1.057235,5ef3438ef48c78050ca9dabc,1,2021-06-05_18h09.00.149,DelayedExp,2020.1.3,60,NA,NA,NA,NA,NA,NA,NA,NA,NA,NA,New,New,0,0,0,1,NotStudied,Unprimed,NA,Unprimed,NA
BLACK,slash,1.098275,5ef3438ef48c78050ca9dabc,1,2021-06-05_18h09.00.149,DelayedExp,2020.1.3,60,NA,NA,NA,NA,NA,NA,NA,NA,NA,NA,Old,New,0,0,1,0,NotStudied,Unprimed,NA,Unprimed,NA
LOOK,slash,1.466065,5ef3438ef48c78050ca9dabc,1,2021-06-05_18h09.00.149,DelayedExp,2020.1.3,60,NA,NA,NA,NA,NA,NA,NA,NA,NA,NA,Old,New,0,0,1,0,NotStudied,Unprimed,NA,Unprimed,NA
WEST,slash,0.97379,5ef3438ef48c78050ca9dabc,1,2021-06-05_18h09.00.149,DelayedExp,2020.1.3,60,NA,NA,NA,NA,NA,NA,NA,NA,NA,NA,Old,New,0,0,1,0,NotStudied,Unprimed,NA,Unprimed,NA
YEAR,slash,0.883445,5ef3438ef48c78050ca9dabc,1,2021-06-05_18h09.00.149,DelayedExp,2020.1.3,60,NA,NA,NA,NA,NA,NA,NA,NA,NA,NA,Old,New,0,0,1,0,NotStudied,Unprimed,NA,Unprimed,NA
WORK,slash,0.63327,5ef3438ef48c78050ca9dabc,1,2021-06-05_18h09.00.149,DelayedExp,2020.1.3,60,NA,NA,NA,NA,NA,NA,NA,NA,NA,NA,Old,New,0,0,1,0,NotStudied,Unprimed,NA,Unprimed,NA
GHOST,slash,2.159155,5ef3438ef48c78050ca9dabc,1,2021-06-05_18h09.00.149,DelayedExp,2020.1.3,60,NA,NA,NA,NA,NA,NA,NA,NA,NA,NA,Old,New,0,0,1,0,NotStudied,Unprimed,NA,Unprimed,NA
SWEET,slash,1.019125,5ef3438ef48c78050ca9dabc,1,2021-06-05_18h09.00.149,DelayedExp,2020.1.3,60,NA,NA,NA,NA,NA,NA,NA,NA,NA,NA,Old,New,0,0,1,0,NotStudied,Unprimed,NA,Unprimed,NA
SUPPER,slash,0.651215,5ef3438ef48c78050ca9dabc,1,2021-06-05_18h09.00.149,DelayedExp,2020.1.3,60,NA,NA,NA,NA,NA,NA,NA,NA,NA,NA,Old,New,0,0,1,0,NotStudied,Unprimed,NA,Unprimed,NA
FIVE,slash,0.54833,5ef3438ef48c78050ca9dabc,1,2021-06-05_18h09.00.149,DelayedExp,2020.1.3,60,NA,NA,NA,NA,NA,NA,NA,NA,NA,NA,Old,New,0,0,1,0,NotStudied,Unprimed,NA,Unprimed,NA
FRIGHT,z,1.11595,5ef3438ef48c78050ca9dabc,1,2021-06-05_18h09.00.149,DelayedExp,2020.1.3,60,NA,NA,NA,NA,NA,NA,NA,NA,NA,NA,New,New,0,0,0,1,NotStudied,Unprimed,NA,Unprimed,NA
LENGTH,z,0.57074,5ef3438ef48c78050ca9dabc,1,2021-06-05_18h09.00.149,DelayedExp,2020.1.3,60,NA,NA,NA,NA,NA,NA,NA,NA,NA,NA,New,New,0,0,0,1,NotStudied,Unprimed,NA,Unprimed,NA
MOTHER,z,1.01454,5ef3438ef48c78050ca9dabc,1,2021-06-05_18h09.00.149,DelayedExp,2020.1.3,60,NA,NA,NA,NA,NA,NA,NA,NA,NA,NA,New,New,0,0,0,1,NotStudied,Unprimed,NA,Unprimed,NA
THERE,slash,0.75054,5ef3438ef48c78050ca9dabc,1,2021-06-05_18h09.00.149,DelayedExp,2020.1.3,60,NA,NA,NA,NA,NA,NA,NA,NA,NA,NA,Old,New,0,0,1,0,NotStudied,Unprimed,NA,Unprimed,NA
TRASH,slash,0.699025,5ef3438ef48c78050ca9dabc,1,2021-06-05_18h09.00.149,DelayedExp,2020.1.3,60,NA,NA,NA,NA,NA,NA,NA,NA,NA,NA,Old,New,0,0,1,0,NotStudied,Unprimed,NA,Unprimed,NA
NICKEL,slash,0.59053,5ef3438ef48c78050ca9dabc,1,2021-06-05_18h09.00.149,DelayedExp,2020.1.3,60,NA,NA,NA,NA,NA,NA,NA,NA,NA,NA,Old,New,0,0,1,0,NotStudied,Unprimed,NA,Unprimed,NA
CLASS,slash,0.586495,5ef3438ef48c78050ca9dabc,1,2021-06-05_18h09.00.149,DelayedExp,2020.1.3,60,NA,NA,NA,NA,NA,NA,NA,NA,NA,NA,Old,New,0,0,1,0,NotStudied,Unprimed,NA,Unprimed,NA
TOUCH,slash,0.56958,5ef3438ef48c78050ca9dabc,1,2021-06-05_18h09.00.149,DelayedExp,2020.1.3,60,NA,NA,NA,NA,NA,NA,NA,NA,NA,NA,Old,New,0,0,1,0,NotStudied,Unprimed,NA,Unprimed,NA
LIGHT,slash,0.981875,5ef3438ef48c78050ca9dabc,1,2021-06-05_18h09.00.149,DelayedExp,2020.1.3,60,NA,NA,NA,NA,NA,NA,NA,NA,NA,NA,Old,New,0,0,1,0,NotStudied,Unprimed,NA,Unprimed,NA
LETTUCE,z,0.55143,5ef3438ef48c78050ca9dabc,1,2021-06-05_18h09.00.149,DelayedExp,2020.1.3,60,NA,NA,NA,NA,NA,NA,NA,NA,NA,NA,New,New,0,0,0,1,NotStudied,Unprimed,NA,Unprimed,NA
HUNGER,z,0.77862,5ef3438ef48c78050ca9dabc,1,2021-06-05_18h09.00.149,DelayedExp,2020.1.3,60,NA,NA,NA,NA,NA,NA,NA,NA,NA,NA,New,New,0,0,0,1,NotStudied,Unprimed,NA,Unprimed,NA
STUPID,slash,0.85304,5ef3438ef48c78050ca9dabc,1,2021-06-05_18h09.00.149,DelayedExp,2020.1.3,60,NA,NA,NA,NA,NA,NA,NA,NA,NA,NA,Old,New,0,0,1,0,NotStudied,Unprimed,NA,Unprimed,NA
READ,slash,0.78817,5ef3438ef48c78050ca9dabc,1,2021-06-05_18h09.00.149,DelayedExp,2020.1.3,60,NA,NA,NA,NA,NA,NA,NA,NA,NA,NA,Old,New,0,0,1,0,NotStudied,Unprimed,NA,Unprimed,NA
FIND,slash,0.711615,5ef3438ef48c78050ca9dabc,1,2021-06-05_18h09.00.149,DelayedExp,2020.1.3,60,NA,NA,NA,NA,NA,NA,NA,NA,NA,NA,Old,New,0,0,1,0,NotStudied,Unprimed,NA,Unprimed,NA
HOOP,slash,0.628155,5ef3438ef48c78050ca9dabc,1,2021-06-05_18h09.00.149,DelayedExp,2020.1.3,60,NA,NA,NA,NA,NA,NA,NA,NA,NA,NA,Old,New,0,0,1,0,NotStudied,Unprimed,NA,Unprimed,NA
KISS,z,1.02928,5ef3438ef48c78050ca9dabc,1,2021-06-05_18h09.00.149,DelayedExp,2020.1.3,60,NA,NA,NA,NA,NA,NA,NA,NA,NA,NA,New,New,0,0,0,1,NotStudied,Unprimed,NA,Unprimed,NA
STING,z,1.52559,5ef3438ef48c78050ca9dabc,1,2021-06-05_18h09.00.149,DelayedExp,2020.1.3,60,NA,NA,NA,NA,NA,NA,NA,NA,NA,NA,New,New,0,0,0,1,NotStudied,Unprimed,NA,Unprimed,NA
TAKE,slash,1.500585,5ef3438ef48c78050ca9dabc,1,2021-06-05_18h09.00.149,DelayedExp,2020.1.3,60,NA,NA,NA,NA,NA,NA,NA,NA,NA,NA,Old,New,0,0,1,0,NotStudied,Unprimed,NA,Unprimed,NA
QUEEN,slash,0.70442,5ef3438ef48c78050ca9dabc,1,2021-06-05_18h09.00.149,DelayedExp,2020.1.3,60,NA,NA,NA,NA,NA,NA,NA,NA,NA,NA,Old,New,0,0,1,0,NotStudied,Unprimed,NA,Unprimed,NA
ENTER,slash,0.655165,5ef3438ef48c78050ca9dabc,1,2021-06-05_18h09.00.149,DelayedExp,2020.1.3,60,NA,NA,NA,NA,NA,NA,NA,NA,NA,NA,Old,New,0,0,1,0,NotStudied,Unprimed,NA,Unprimed,NA
NECK,slash,0.50776,5ef3438ef48c78050ca9dabc,1,2021-06-05_18h09.00.149,DelayedExp,2020.1.3,60,NA,NA,NA,NA,NA,NA,NA,NA,NA,NA,Old,New,0,0,1,0,NotStudied,Unprimed,NA,Unprimed,NA
FRONT,slash,0.690945,5ef3438ef48c78050ca9dabc,1,2021-06-05_18h09.00.149,DelayedExp,2020.1.3,60,NA,NA,NA,NA,NA,NA,NA,NA,NA,NA,Old,New,0,0,1,0,NotStudied,Unprimed,NA,Unprimed,NA
JAIL,slash,1.91965,5ef3438ef48c78050ca9dabc,1,2021-06-05_18h09.00.149,DelayedExp,2020.1.3,60,NA,NA,NA,NA,NA,NA,NA,NA,NA,NA,Old,New,0,0,1,0,NotStudied,Unprimed,NA,Unprimed,NA
DOCTOR,slash,0.8895,5ef3438ef48c78050ca9dabc,1,2021-06-05_18h09.00.149,DelayedExp,2020.1.3,60,NA,NA,NA,NA,NA,NA,NA,NA,NA,NA,Old,New,0,0,1,0,NotStudied,Unprimed,NA,Unprimed,NA
UNCLE,slash,0.700745,5ef3438ef48c78050ca9dabc,1,2021-06-05_18h09.00.149,DelayedExp,2020.1.3,60,NA,NA,NA,NA,NA,NA,NA,NA,NA,NA,Old,New,0,0,1,0,NotStudied,Unprimed,NA,Unprimed,NA
STEAL,slash,0.637065,5ef3438ef48c78050ca9dabc,1,2021-06-05_18h09.00.149,DelayedExp,2020.1.3,60,NA,NA,NA,NA,NA,NA,NA,NA,NA,NA,Old,New,0,0,1,0,NotStudied,Unprimed,NA,Unprimed,NA
BELL,z,0.747495,5ef3438ef48c78050ca9dabc,1,2021-06-05_18h09.00.149,DelayedExp,2020.1.3,60,NA,NA,NA,NA,NA,NA,NA,NA,NA,NA,New,New,0,0,0,1,NotStudied,Unprimed,NA,Unprimed,NA
CHOOSE,slash,1.059345,5ef3438ef48c78050ca9dabc,1,2021-06-05_18h09.00.149,DelayedExp,2020.1.3,60,NA,NA,NA,NA,NA,NA,NA,NA,NA,NA,Old,New,0,0,1,0,NotStudied,Unprimed,NA,Unprimed,NA
SPIT,z,0.675905,5ef3438ef48c78050ca9dabc,1,2021-06-05_18h09.00.149,DelayedExp,2020.1.3,60,NA,NA,NA,NA,NA,NA,NA,NA,NA,NA,New,New,0,0,0,1,NotStudied,Unprimed,NA,Unprimed,NA
MOVE,z,1.660295,5ef3438ef48c78050ca9dabc,1,2021-06-05_18h09.00.149,DelayedExp,2020.1.3,60,NA,NA,NA,NA,NA,NA,NA,NA,NA,NA,New,New,0,0,0,1,NotStudied,Unprimed,NA,Unprimed,NA
EARLY,z,1.381245,5ef3438ef48c78050ca9dabc,1,2021-06-05_18h09.00.149,DelayedExp,2020.1.3,60,NA,NA,NA,NA,NA,NA,NA,NA,NA,NA,New,New,0,0,0,1,NotStudied,Unprimed,NA,Unprimed,NA
CELL,z,0.7708,5ef3438ef48c78050ca9dabc,1,2021-06-05_18h09.00.149,DelayedExp,2020.1.3,60,NA,NA,NA,NA,NA,NA,NA,NA,NA,NA,New,New,0,0,0,1,NotStudied,Unprimed,NA,Unprimed,NA
ANIMAL,slash,0.71829,5ef3438ef48c78050ca9dabc,1,2021-06-05_18h09.00.149,DelayedExp,2020.1.3,60,NA,NA,NA,NA,NA,NA,NA,NA,NA,NA,Old,New,0,0,1,0,NotStudied,Unprimed,NA,Unprimed,NA
DREAM,slash,1.007625,5ef3438ef48c78050ca9dabc,1,2021-06-05_18h09.00.149,DelayedExp,2020.1.3,60,NA,NA,NA,NA,NA,NA,NA,NA,NA,NA,Old,New,0,0,1,0,NotStudied,Unprimed,NA,Unprimed,NA
ORANGE,slash,0.65982,5ef3438ef48c78050ca9dabc,1,2021-06-05_18h09.00.149,DelayedExp,2020.1.3,60,NA,NA,NA,NA,NA,NA,NA,NA,NA,NA,Old,New,0,0,1,0,NotStudied,Unprimed,NA,Unprimed,NA
MINUTE,slash,0.886325,5ef3438ef48c78050ca9dabc,1,2021-06-05_18h09.00.149,DelayedExp,2020.1.3,60,NA,NA,NA,NA,NA,NA,NA,NA,NA,NA,Old,New,0,0,1,0,NotStudied,Unprimed,NA,Unprimed,NA
MIDDLE,slash,0.532695,5ef3438ef48c78050ca9dabc,1,2021-06-05_18h09.00.149,DelayedExp,2020.1.3,60,NA,NA,NA,NA,NA,NA,NA,NA,NA,NA,Old,New,0,0,1,0,NotStudied,Unprimed,NA,Unprimed,NA
CHILD,slash,1.48466,5ef3438ef48c78050ca9dabc,1,2021-06-05_18h09.00.149,DelayedExp,2020.1.3,60,NA,NA,NA,NA,NA,NA,NA,NA,NA,NA,Old,New,0,0,1,0,NotStudied,Unprimed,NA,Unprimed,NA
WORLD,slash,0.564485,5ef3438ef48c78050ca9dabc,1,2021-06-05_18h09.00.149,DelayedExp,2020.1.3,60,NA,NA,NA,NA,NA,NA,NA,NA,NA,NA,Old,New,0,0,1,0,NotStudied,Unprimed,NA,Unprimed,NA
BALLET,z,0.65945,5ef3438ef48c78050ca9dabc,1,2021-06-05_18h09.00.149,DelayedExp,2020.1.3,60,NA,NA,NA,NA,NA,NA,NA,NA,NA,NA,New,New,0,0,0,1,NotStudied,Unprimed,NA,Unprimed,NA
MOST,slash,0.70638,5ef3438ef48c78050ca9dabc,1,2021-06-05_18h09.00.149,DelayedExp,2020.1.3,60,NA,NA,NA,NA,NA,NA,NA,NA,NA,NA,Old,New,0,0,1,0,NotStudied,Unprimed,NA,Unprimed,NA
WRONG,slash,0.58521,5ef3438ef48c78050ca9dabc,1,2021-06-05_18h09.00.149,DelayedExp,2020.1.3,60,NA,NA,NA,NA,NA,NA,NA,NA,NA,NA,Old,New,0,0,1,0,NotStudied,Unprimed,NA,Unprimed,NA
UNDER,slash,1.1081,5ef3438ef48c78050ca9dabc,1,2021-06-05_18h09.00.149,DelayedExp,2020.1.3,60,NA,NA,NA,NA,NA,NA,NA,NA,NA,NA,Old,New,0,0,1,0,NotStudied,Unprimed,NA,Unprimed,NA
LAND,slash,0.459535,5ef3438ef48c78050ca9dabc,1,2021-06-05_18h09.00.149,DelayedExp,2020.1.3,60,NA,NA,NA,NA,NA,NA,NA,NA,NA,NA,Old,New,0,0,1,0,NotStudied,Unprimed,NA,Unprimed,NA
SELF,z,0.82239,5ef3438ef48c78050ca9dabc,1,2021-06-05_18h09.00.149,DelayedExp,2020.1.3,60,NA,NA,NA,NA,NA,NA,NA,NA,NA,NA,New,New,0,0,0,1,NotStudied,Unprimed,NA,Unprimed,NA
THREAD,z,1.785205,5ef3438ef48c78050ca9dabc,1,2021-06-05_18h09.00.149,DelayedExp,2020.1.3,60,NA,NA,NA,NA,NA,NA,NA,NA,NA,NA,New,New,0,0,0,1,NotStudied,Unprimed,NA,Unprimed,NA
STATES,z,0.750645,5ef3438ef48c78050ca9dabc,1,2021-06-05_18h09.00.149,DelayedExp,2020.1.3,60,NA,NA,NA,NA,NA,NA,NA,NA,NA,NA,New,New,0,0,0,1,NotStudied,Unprimed,NA,Unprimed,NA
HATE,z,0.832645,5ef3438ef48c78050ca9dabc,1,2021-06-05_18h09.00.149,DelayedExp,2020.1.3,60,NA,NA,NA,NA,NA,NA,NA,NA,NA,NA,New,New,0,0,0,1,NotStudied,Unprimed,NA,Unprimed,NA
BUCKET,z,0.6505,5ef3438ef48c78050ca9dabc,1,2021-06-05_18h09.00.149,DelayedExp,2020.1.3,60,NA,NA,NA,NA,NA,NA,NA,NA,NA,NA,New,New,0,0,0,1,NotStudied,Unprimed,NA,Unprimed,NA
KNIT,z,0.86778,5ef3438ef48c78050ca9dabc,1,2021-06-05_18h09.00.149,DelayedExp,2020.1.3,60,NA,NA,NA,NA,NA,NA,NA,NA,NA,NA,New,New,0,0,0,1,NotStudied,Unprimed,NA,Unprimed,NA
GRASS,z,0.298145,5ef3438ef48c78050ca9dabc,1,2021-06-05_18h09.00.149,DelayedExp,2020.1.3,60,NA,NA,NA,NA,NA,NA,NA,NA,NA,NA,New,New,0,0,0,1,NotStudied,Unprimed,NA,Unprimed,NA
SHARK,z,0.850965,5ef3438ef48c78050ca9dabc,1,2021-06-05_18h09.00.149,DelayedExp,2020.1.3,60,NA,NA,NA,NA,NA,NA,NA,NA,NA,NA,New,New,0,0,0,1,NotStudied,Unprimed,NA,Unprimed,NA
MAGIC,z,1.037045,5ef3438ef48c78050ca9dabc,1,2021-06-05_18h09.00.149,DelayedExp,2020.1.3,60,NA,NA,NA,NA,NA,NA,NA,NA,NA,NA,New,New,0,0,0,1,NotStudied,Unprimed,NA,Unprimed,NA
WOOD,z,0.63395,5ef3438ef48c78050ca9dabc,1,2021-06-05_18h09.00.149,DelayedExp,2020.1.3,60,NA,NA,NA,NA,NA,NA,NA,NA,NA,NA,New,New,0,0,0,1,NotStudied,Unprimed,NA,Unprimed,NA
BRIDE,slash,0.904635,5ef3438ef48c78050ca9dabc,1,2021-06-05_18h09.00.149,DelayedExp,2020.1.3,60,NA,NA,NA,NA,NA,NA,NA,NA,NA,NA,Old,New,0,0,1,0,NotStudied,Unprimed,NA,Unprimed,NA
TOWN,slash,1.035625,5ef3438ef48c78050ca9dabc,1,2021-06-05_18h09.00.149,DelayedExp,2020.1.3,60,NA,NA,NA,NA,NA,NA,NA,NA,NA,NA,Old,New,0,0,1,0,NotStudied,Unprimed,NA,Unprimed,NA
WORST,slash,0.5532,5ef3438ef48c78050ca9dabc,1,2021-06-05_18h09.00.149,DelayedExp,2020.1.3,60,NA,NA,NA,NA,NA,NA,NA,NA,NA,NA,Old,New,0,0,1,0,NotStudied,Unprimed,NA,Unprimed,NA
KIDNAP,slash,0.73529,5ef3438ef48c78050ca9dabc,1,2021-06-05_18h09.00.149,DelayedExp,2020.1.3,60,NA,NA,NA,NA,NA,NA,NA,NA,NA,NA,Old,New,0,0,1,0,NotStudied,Unprimed,NA,Unprimed,NA
FIRE,slash,1.151665,5ef3438ef48c78050ca9dabc,1,2021-06-05_18h09.00.149,DelayedExp,2020.1.3,60,NA,NA,NA,NA,NA,NA,NA,NA,NA,NA,Old,New,0,0,1,0,NotStudied,Unprimed,NA,Unprimed,NA
HAPPY,slash,0.718145,5ef3438ef48c78050ca9dabc,1,2021-06-05_18h09.00.149,DelayedExp,2020.1.3,60,NA,NA,NA,NA,NA,NA,NA,NA,NA,NA,Old,New,0,0,1,0,NotStudied,Unprimed,NA,Unprimed,NA
BUTTER,slash,0.607755,5ef3438ef48c78050ca9dabc,1,2021-06-05_18h09.00.149,DelayedExp,2020.1.3,60,NA,NA,NA,NA,NA,NA,NA,NA,NA,NA,Old,New,0,0,1,0,NotStudied,Unprimed,NA,Unprimed,NA
EXCUSE,slash,1.1177,5ef3438ef48c78050ca9dabc,1,2021-06-05_18h09.00.149,DelayedExp,2020.1.3,60,NA,NA,NA,NA,NA,NA,NA,NA,NA,NA,Old,New,0,0,1,0,NotStudied,Unprimed,NA,Unprimed,NA
MUSCLE,z,0.52026,5ef3438ef48c78050ca9dabc,1,2021-06-05_18h09.00.149,DelayedExp,2020.1.3,60,NA,NA,NA,NA,NA,NA,NA,NA,NA,NA,New,New,0,0,0,1,NotStudied,Unprimed,NA,Unprimed,NA
LEARN,slash,0.956865,5ef3438ef48c78050ca9dabc,1,2021-06-05_18h09.00.149,DelayedExp,2020.1.3,60,NA,NA,NA,NA,NA,NA,NA,NA,NA,NA,Old,New,0,0,1,0,NotStudied,Unprimed,NA,Unprimed,NA
LEMON,z,0.58852,5ef3438ef48c78050ca9dabc,1,2021-06-05_18h09.00.149,DelayedExp,2020.1.3,60,NA,NA,NA,NA,NA,NA,NA,NA,NA,NA,New,New,0,0,0,1,NotStudied,Unprimed,NA,Unprimed,NA
DRESS,slash,1.06059,5ef3438ef48c78050ca9dabc,1,2021-06-05_18h09.00.149,DelayedExp,2020.1.3,60,NA,NA,NA,NA,NA,NA,NA,NA,NA,NA,Old,New,0,0,1,0,NotStudied,Unprimed,NA,Unprimed,NA
LOVE,z,0.933515,5ef3438ef48c78050ca9dabc,1,2021-06-05_18h09.00.149,DelayedExp,2020.1.3,60,NA,NA,NA,NA,NA,NA,NA,NA,NA,NA,New,New,0,0,0,1,NotStudied,Unprimed,NA,Unprimed,NA
SMOKE,slash,0.68564,5ef3438ef48c78050ca9dabc,1,2021-06-05_18h09.00.149,DelayedExp,2020.1.3,60,NA,NA,NA,NA,NA,NA,NA,NA,NA,NA,Old,New,0,0,1,0,NotStudied,Unprimed,NA,Unprimed,NA
FROG,z,0.88573,5ef3438ef48c78050ca9dabc,1,2021-06-05_18h09.00.149,DelayedExp,2020.1.3,60,NA,NA,NA,NA,NA,NA,NA,NA,NA,NA,New,New,0,0,0,1,NotStudied,Unprimed,NA,Unprimed,NA
NAVY,slash,1.769295,5ef3438ef48c78050ca9dabc,1,2021-06-05_18h09.00.149,DelayedExp,2020.1.3,60,NA,NA,NA,NA,NA,NA,NA,NA,NA,NA,Old,New,0,0,1,0,NotStudied,Unprimed,NA,Unprimed,NA
VERB,z,0.63388,5ef3438ef48c78050ca9dabc,1,2021-06-05_18h09.00.149,DelayedExp,2020.1.3,60,NA,NA,NA,NA,NA,NA,NA,NA,NA,NA,New,New,0,0,0,1,NotStudied,Unprimed,NA,Unprimed,NA
YOURS,z,0.78552,5ef3438ef48c78050ca9dabc,1,2021-06-05_18h09.00.149,DelayedExp,2020.1.3,60,NA,NA,NA,NA,NA,NA,NA,NA,NA,NA,New,New,0,0,0,1,NotStudied,Unprimed,NA,Unprimed,NA
LEAVES,z,0.706585,5ef3438ef48c78050ca9dabc,1,2021-06-05_18h09.00.149,DelayedExp,2020.1.3,60,NA,NA,NA,NA,NA,NA,NA,NA,NA,NA,New,New,0,0,0,1,NotStudied,Unprimed,NA,Unprimed,NA
ITCH,z,0.625745,5ef3438ef48c78050ca9dabc,1,2021-06-05_18h09.00.149,DelayedExp,2020.1.3,60,NA,NA,NA,NA,NA,NA,NA,NA,NA,NA,New,New,0,0,0,1,NotStudied,Unprimed,NA,Unprimed,NA
VOLCANO,z,0.564895,5ef3438ef48c78050ca9dabc,1,2021-06-05_18h09.00.149,DelayedExp,2020.1.3,60,NA,NA,NA,NA,NA,NA,NA,NA,NA,NA,New,New,0,0,0,1,NotStudied,Unprimed,NA,Unprimed,NA
PENCIL,z,0.41454,5ef3438ef48c78050ca9dabc,1,2021-06-05_18h09.00.149,DelayedExp,2020.1.3,60,NA,NA,NA,NA,NA,NA,NA,NA,NA,NA,New,New,0,0,0,1,NotStudied,Unprimed,NA,Unprimed,NA
MANY,z,0.695355,5ef3438ef48c78050ca9dabc,1,2021-06-05_18h09.00.149,DelayedExp,2020.1.3,60,NA,NA,NA,NA,NA,NA,NA,NA,NA,NA,New,New,0,0,0,1,NotStudied,Unprimed,NA,Unprimed,NA
STRESS,z,0.38452,5ef3438ef48c78050ca9dabc,1,2021-06-05_18h09.00.149,DelayedExp,2020.1.3,60,NA,NA,NA,NA,NA,NA,NA,NA,NA,NA,New,New,0,0,0,1,NotStudied,Unprimed,NA,Unprimed,NA
CAMP,z,0.48467,5ef3438ef48c78050ca9dabc,1,2021-06-05_18h09.00.149,DelayedExp,2020.1.3,60,NA,NA,NA,NA,NA,NA,NA,NA,NA,NA,New,New,0,0,0,1,NotStudied,Unprimed,NA,Unprimed,NA
TALK,z,0.451435,5ef3438ef48c78050ca9dabc,1,2021-06-05_18h09.00.149,DelayedExp,2020.1.3,60,NA,NA,NA,NA,NA,NA,NA,NA,NA,NA,New,New,0,0,0,1,NotStudied,Unprimed,NA,Unprimed,NA
BOARD,z,0.68548,5ef3438ef48c78050ca9dabc,1,2021-06-05_18h09.00.149,DelayedExp,2020.1.3,60,NA,NA,NA,NA,NA,NA,NA,NA,NA,NA,New,New,0,0,0,1,NotStudied,Unprimed,NA,Unprimed,NA
ROOF,z,0.634055,5ef3438ef48c78050ca9dabc,1,2021-06-05_18h09.00.149,DelayedExp,2020.1.3,60,NA,NA,NA,NA,NA,NA,NA,NA,NA,NA,New,New,0,0,0,1,NotStudied,Unprimed,NA,Unprimed,NA
ENGLISH,z,1.01382,5ef3438ef48c78050ca9dabc,1,2021-06-05_18h09.00.149,DelayedExp,2020.1.3,60,NA,NA,NA,NA,NA,NA,NA,NA,NA,NA,New,New,0,0,0,1,NotStudied,Unprimed,NA,Unprimed,NA
CHURCH,z,0.432685,5ef3438ef48c78050ca9dabc,1,2021-06-05_18h09.00.149,DelayedExp,2020.1.3,60,NA,NA,NA,NA,NA,NA,NA,NA,NA,NA,New,New,0,0,0,1,NotStudied,Unprimed,NA,Unprimed,NA
ALIVE,z,0.417515,5ef3438ef48c78050ca9dabc,1,2021-06-05_18h09.00.149,DelayedExp,2020.1.3,60,NA,NA,NA,NA,NA,NA,NA,NA,NA,NA,New,New,0,0,0,1,NotStudied,Unprimed,NA,Unprimed,NA
TRAIN,z,0.500625,5ef3438ef48c78050ca9dabc,1,2021-06-05_18h09.00.149,DelayedExp,2020.1.3,60,NA,NA,NA,NA,NA,NA,NA,NA,NA,NA,New,New,0,0,0,1,NotStudied,Unprimed,NA,Unprimed,NA
SHIP,z,0.153875,5ef3438ef48c78050ca9dabc,1,2021-06-05_18h09.00.149,DelayedExp,2020.1.3,60,NA,NA,NA,NA,NA,NA,NA,NA,NA,NA,New,New,0,0,0,1,NotStudied,Unprimed,NA,Unprimed,NA
HAIR,z,0.733125,5ef3438ef48c78050ca9dabc,1,2021-06-05_18h09.00.149,DelayedExp,2020.1.3,60,NA,NA,NA,NA,NA,NA,NA,NA,NA,NA,New,New,0,0,0,1,NotStudied,Unprimed,NA,Unprimed,NA
GRAVE,z,0.317085,5ef3438ef48c78050ca9dabc,1,2021-06-05_18h09.00.149,DelayedExp,2020.1.3,60,NA,NA,NA,NA,NA,NA,NA,NA,NA,NA,New,New,0,0,0,1,NotStudied,Unprimed,NA,Unprimed,NA
HORN,slash,0.976395,5ef3438ef48c78050ca9dabc,1,2021-06-05_18h09.00.149,DelayedExp,2020.1.3,60,NA,NA,NA,NA,NA,NA,NA,NA,NA,NA,Old,New,0,0,1,0,NotStudied,Unprimed,NA,Unprimed,NA
HORSE,slash,0.855235,5ef3438ef48c78050ca9dabc,1,2021-06-05_18h09.00.149,DelayedExp,2020.1.3,60,NA,NA,NA,NA,NA,NA,NA,NA,NA,NA,Old,New,0,0,1,0,NotStudied,Unprimed,NA,Unprimed,NA
DEATH,slash,1.556815,5ef3438ef48c78050ca9dabc,1,2021-06-05_18h09.00.149,DelayedExp,2020.1.3,60,NA,NA,NA,NA,NA,NA,NA,NA,NA,NA,Old,New,0,0,1,0,NotStudied,Unprimed,NA,Unprimed,NA
FINGER,slash,0.63389,5ef3438ef48c78050ca9dabc,1,2021-06-05_18h09.00.149,DelayedExp,2020.1.3,60,NA,NA,NA,NA,NA,NA,NA,NA,NA,NA,Old,New,0,0,1,0,NotStudied,Unprimed,NA,Unprimed,NA
SLEEP,slash,1.19051,5ef3438ef48c78050ca9dabc,1,2021-06-05_18h09.00.149,DelayedExp,2020.1.3,60,NA,NA,NA,NA,NA,NA,NA,NA,NA,NA,Old,New,0,0,1,0,NotStudied,Unprimed,NA,Unprimed,NA
THIRST,slash,0.63801,5ef3438ef48c78050ca9dabc,1,2021-06-05_18h09.00.149,DelayedExp,2020.1.3,60,NA,NA,NA,NA,NA,NA,NA,NA,NA,NA,Old,New,0,0,1,0,NotStudied,Unprimed,NA,Unprimed,NA
PURPLE,slash,0.717895,5ef3438ef48c78050ca9dabc,1,2021-06-05_18h09.00.149,DelayedExp,2020.1.3,60,NA,NA,NA,NA,NA,NA,NA,NA,NA,NA,Old,New,0,0,1,0,NotStudied,Unprimed,NA,Unprimed,NA
SPOTS,slash,0.43493,5ef3438ef48c78050ca9dabc,1,2021-06-05_18h09.00.149,DelayedExp,2020.1.3,60,NA,NA,NA,NA,NA,NA,NA,NA,NA,NA,Old,New,0,0,1,0,NotStudied,Unprimed,NA,Unprimed,NA
PROPER,slash,0.65076,5ef3438ef48c78050ca9dabc,1,2021-06-05_18h09.00.149,DelayedExp,2020.1.3,60,NA,NA,NA,NA,NA,NA,NA,NA,NA,NA,Old,New,0,0,1,0,NotStudied,Unprimed,NA,Unprimed,NA
KNIFE,z,0.26654,5ef3438ef48c78050ca9dabc,1,2021-06-05_18h09.00.149,DelayedExp,2020.1.3,60,NA,NA,NA,NA,NA,NA,NA,NA,NA,NA,New,New,0,0,0,1,NotStudied,Unprimed,NA,Unprimed,NA
PIECE,slash,0.51677,5ef3438ef48c78050ca9dabc,1,2021-06-05_18h09.00.149,DelayedExp,2020.1.3,60,NA,NA,NA,NA,NA,NA,NA,NA,NA,NA,Old,New,0,0,1,0,NotStudied,Unprimed,NA,Unprimed,NA
BALL ,z,1.184575,5ef3438ef48c78050ca9dabc,1,2021-06-05_18h09.00.149,DelayedExp,2020.1.3,60,NA,NA,NA,NA,NA,NA,NA,NA,NA,NA,New,New,0,0,0,1,NotStudied,Unprimed,NA,Unprimed,NA
INHALE,slash,0.8456,5ef3438ef48c78050ca9dabc,1,2021-06-05_18h09.00.149,DelayedExp,2020.1.3,60,NA,NA,NA,NA,NA,NA,NA,NA,NA,NA,Old,New,0,0,1,0,NotStudied,Unprimed,NA,Unprimed,NA
EXPLODE,z,1.834955,5ef3438ef48c78050ca9dabc,1,2021-06-05_18h09.00.149,DelayedExp,2020.1.3,60,NA,NA,NA,NA,NA,NA,NA,NA,NA,NA,New,New,0,0,0,1,NotStudied,Unprimed,NA,Unprimed,NA
STORE,slash,0.63424,5ef3438ef48c78050ca9dabc,1,2021-06-05_18h09.00.149,DelayedExp,2020.1.3,60,NA,NA,NA,NA,NA,NA,NA,NA,NA,NA,Old,New,0,0,1,0,NotStudied,Unprimed,NA,Unprimed,NA
GAME,slash,0.84724,5ef3438ef48c78050ca9dabc,1,2021-06-05_18h09.00.149,DelayedExp,2020.1.3,60,NA,NA,NA,NA,NA,NA,NA,NA,NA,NA,Old,New,0,0,1,0,NotStudied,Unprimed,NA,Unprimed,NA
KILL,slash,0.634485,5ef3438ef48c78050ca9dabc,1,2021-06-05_18h09.00.149,DelayedExp,2020.1.3,60,NA,NA,NA,NA,NA,NA,NA,NA,NA,NA,Old,New,0,0,1,0,NotStudied,Unprimed,NA,Unprimed,NA
PACKAGE,z,0.818765,5ef3438ef48c78050ca9dabc,1,2021-06-05_18h09.00.149,DelayedExp,2020.1.3,60,NA,NA,NA,NA,NA,NA,NA,NA,NA,NA,New,New,0,0,0,1,NotStudied,Unprimed,NA,Unprimed,NA
MINOR,slash,0.784435,5ef3438ef48c78050ca9dabc,1,2021-06-05_18h09.00.149,DelayedExp,2020.1.3,60,NA,NA,NA,NA,NA,NA,NA,NA,NA,NA,Old,New,0,0,1,0,NotStudied,Unprimed,NA,Unprimed,NA
WAITER,slash,0.93428,5ef3438ef48c78050ca9dabc,1,2021-06-05_18h09.00.149,DelayedExp,2020.1.3,60,NA,NA,NA,NA,NA,NA,NA,NA,NA,NA,Old,New,0,0,1,0,NotStudied,Unprimed,NA,Unprimed,NA
MARRY,slash,0.723855,5ef3438ef48c78050ca9dabc,1,2021-06-05_18h09.00.149,DelayedExp,2020.1.3,60,NA,NA,NA,NA,NA,NA,NA,NA,NA,NA,Old,New,0,0,1,0,NotStudied,Unprimed,NA,Unprimed,NA
UNCLEAR,z,0.85132,5ef3438ef48c78050ca9dabc,1,2021-06-05_18h09.00.149,DelayedExp,2020.1.3,60,NA,NA,NA,NA,NA,NA,NA,NA,NA,NA,New,New,0,0,0,1,NotStudied,Unprimed,NA,Unprimed,NA
TIGHT,z,1.369065,5ef3438ef48c78050ca9dabc,1,2021-06-05_18h09.00.149,DelayedExp,2020.1.3,60,NA,NA,NA,NA,NA,NA,NA,NA,NA,NA,New,New,0,0,0,1,NotStudied,Unprimed,NA,Unprimed,NA
HOTEL,z,1.82358,5ef3438ef48c78050ca9dabc,1,2021-06-05_18h09.00.149,DelayedExp,2020.1.3,60,NA,NA,NA,NA,NA,NA,NA,NA,NA,NA,New,New,0,0,0,1,NotStudied,Unprimed,NA,Unprimed,NA
TRAILER,z,1.090685,5ef3438ef48c78050ca9dabc,1,2021-06-05_18h09.00.149,DelayedExp,2020.1.3,60,NA,NA,NA,NA,NA,NA,NA,NA,NA,NA,New,New,0,0,0,1,NotStudied,Unprimed,NA,Unprimed,NA
CHEESE,slash,0.767985,5ef3438ef48c78050ca9dabc,1,2021-06-05_18h09.00.149,DelayedExp,2020.1.3,60,NA,NA,NA,NA,NA,NA,NA,NA,NA,NA,Old,New,0,0,1,0,NotStudied,Unprimed,NA,Unprimed,NA