StudID,StudID_RT,key_resp_4.keys,key_resp_4.rt,captured_string,Text20_RT,trials.thisRepN,trials.thisTrialN,trials.thisN,trials.thisIndex,trials.ran,participant,session,date,expName,psychopyVersion,OS,frameRate,key_resp_2.keys,key_resp_2.rt,key_resp_3.keys,key_resp_3.rt,trialsRecognition.thisRepN,trialsRecognition.thisTrialN,trialsRecognition.thisN,trialsRecognition.thisIndex,trialsRecognition.ran,Rand,RecogWord,key_resp_10.keys,key_resp_10.rt,selectedPrimeThresh,ThreshPrimeduration,Text52_RT,captured_string_Thresh,threshLoop.thisRepN,threshLoop.thisTrialN,threshLoop.thisN,threshLoop.thisIndex,threshLoop.ran,keyQuestion.keys,keyQuestion.rt,key_resp_11.keys,key_resp_11.rt,key_resp_12.keys,key_resp_12.rt,key_resp_13.keys,key_resp_13.rt,key_resp_14.keys,key_resp_14.rt,Question5Answer,Question5Answer_RT,Question6Answer,Question6Answer_RT,Question7Answer,Question7Answer_RT,demoResp,demoRT,demoloop.thisRepN,demoloop.thisTrialN,demoloop.thisN,demoloop.thisIndex,demoloop.ran,DemoQuestion
464939,8280.345,space,57.20174,STAIR,4385.295,0,0,0,0,1,JA,001,2021-04-01_17h48.34.948,DelayedExp,2020.1.3,MacIntel,60,,,,,,,,,,,,,,,,,,,,,,,,,,,,,,,,,,,,,,,,,,,,,,
,,,,FROG,5250.28,1,0,1,0,1,JA,001,2021-04-01_17h48.34.948,DelayedExp,2020.1.3,MacIntel,60,,,,,,,,,,,,,,,,,,,,,,,,,,,,,,,,,,,,,,,,,,,,,,
,,,,CANCER,6334.06,2,0,2,0,1,JA,001,2021-04-01_17h48.34.948,DelayedExp,2020.1.3,MacIntel,60,,,,,,,,,,,,,,,,,,,,,,,,,,,,,,,,,,,,,,,,,,,,,,
,,,,,7999.98,3,0,3,0,1,JA,001,2021-04-01_17h48.34.948,DelayedExp,2020.1.3,MacIntel,60,,,,,,,,,,,,,,,,,,,,,,,,,,,,,,,,,,,,,,,,,,,,,,
,,,,DOOR,3215.31,4,0,4,0,1,JA,001,2021-04-01_17h48.34.948,DelayedExp,2020.1.3,MacIntel,60,,,,,,,,,,,,,,,,,,,,,,,,,,,,,,,,,,,,,,,,,,,,,,
,,,,YELLOW,7118.28,5,0,5,0,1,JA,001,2021-04-01_17h48.34.948,DelayedExp,2020.1.3,MacIntel,60,,,,,,,,,,,,,,,,,,,,,,,,,,,,,,,,,,,,,,,,,,,,,,
,,,,FLOWER,5213.435,6,0,6,0,1,JA,001,2021-04-01_17h48.34.948,DelayedExp,2020.1.3,MacIntel,60,,,,,,,,,,,,,,,,,,,,,,,,,,,,,,,,,,,,,,,,,,,,,,
,,,,,8004.535,7,0,7,0,1,JA,001,2021-04-01_17h48.34.948,DelayedExp,2020.1.3,MacIntel,60,,,,,,,,,,,,,,,,,,,,,,,,,,,,,,,,,,,,,,,,,,,,,,
,,,,,7994.055,8,0,8,0,1,JA,001,2021-04-01_17h48.34.948,DelayedExp,2020.1.3,MacIntel,60,,,,,,,,,,,,,,,,,,,,,,,,,,,,,,,,,,,,,,,,,,,,,,
,,,,MINOR,1916.845,9,0,9,0,1,JA,001,2021-04-01_17h48.34.948,DelayedExp,2020.1.3,MacIntel,60,,,,,,,,,,,,,,,,,,,,,,,,,,,,,,,,,,,,,,,,,,,,,,
,,,,READ,5100.1,10,0,10,0,1,JA,001,2021-04-01_17h48.34.948,DelayedExp,2020.1.3,MacIntel,60,,,,,,,,,,,,,,,,,,,,,,,,,,,,,,,,,,,,,,,,,,,,,,
,,,,STOP,5566.08,11,0,11,0,1,JA,001,2021-04-01_17h48.34.948,DelayedExp,2020.1.3,MacIntel,60,,,,,,,,,,,,,,,,,,,,,,,,,,,,,,,,,,,,,,,,,,,,,,
,,,,LINE,5950.375,12,0,12,0,1,JA,001,2021-04-01_17h48.34.948,DelayedExp,2020.1.3,MacIntel,60,,,,,,,,,,,,,,,,,,,,,,,,,,,,,,,,,,,,,,,,,,,,,,
,,,,,7995.64,13,0,13,0,1,JA,001,2021-04-01_17h48.34.948,DelayedExp,2020.1.3,MacIntel,60,,,,,,,,,,,,,,,,,,,,,,,,,,,,,,,,,,,,,,,,,,,,,,
,,,,,7999.64,14,0,14,0,1,JA,001,2021-04-01_17h48.34.948,DelayedExp,2020.1.3,MacIntel,60,,,,,,,,,,,,,,,,,,,,,,,,,,,,,,,,,,,,,,,,,,,,,,
,,,,,7999.485,15,0,15,0,1,JA,001,2021-04-01_17h48.34.948,DelayedExp,2020.1.3,MacIntel,60,,,,,,,,,,,,,,,,,,,,,,,,,,,,,,,,,,,,,,,,,,,,,,
,,,,HORSE,1831.56,16,0,16,0,1,JA,001,2021-04-01_17h48.34.948,DelayedExp,2020.1.3,MacIntel,60,,,,,,,,,,,,,,,,,,,,,,,,,,,,,,,,,,,,,,,,,,,,,,
,,,,DIRR,4682.455,17,0,17,0,1,JA,001,2021-04-01_17h48.34.948,DelayedExp,2020.1.3,MacIntel,60,,,,,,,,,,,,,,,,,,,,,,,,,,,,,,,,,,,,,,,,,,,,,,
,,,,DIRT,1566.46,18,0,18,0,1,JA,001,2021-04-01_17h48.34.948,DelayedExp,2020.1.3,MacIntel,60,,,,,,,,,,,,,,,,,,,,,,,,,,,,,,,,,,,,,,,,,,,,,,
,,,,THIEF,4299.245,19,0,19,0,1,JA,001,2021-04-01_17h48.34.948,DelayedExp,2020.1.3,MacIntel,60,,,,,,,,,,,,,,,,,,,,,,,,,,,,,,,,,,,,,,,,,,,,,,
,,,,JAIL,4166.525,20,0,20,0,1,JA,001,2021-04-01_17h48.34.948,DelayedExp,2020.1.3,MacIntel,60,,,,,,,,,,,,,,,,,,,,,,,,,,,,,,,,,,,,,,,,,,,,,,
,,,,ROA,8005.755,21,0,21,0,1,JA,001,2021-04-01_17h48.34.948,DelayedExp,2020.1.3,MacIntel,60,,,,,,,,,,,,,,,,,,,,,,,,,,,,,,,,,,,,,,,,,,,,,,
,,,,ROAD,5836.195,22,0,22,0,1,JA,001,2021-04-01_17h48.34.948,DelayedExp,2020.1.3,MacIntel,60,,,,,,,,,,,,,,,,,,,,,,,,,,,,,,,,,,,,,,,,,,,,,,
,,,,BOOK,8000.75,23,0,23,0,1,JA,001,2021-04-01_17h48.34.948,DelayedExp,2020.1.3,MacIntel,60,,,,,,,,,,,,,,,,,,,,,,,,,,,,,,,,,,,,,,,,,,,,,,
,,,,,8000.035,24,0,24,0,1,JA,001,2021-04-01_17h48.34.948,DelayedExp,2020.1.3,MacIntel,60,,,,,,,,,,,,,,,,,,,,,,,,,,,,,,,,,,,,,,,,,,,,,,
,,,,TOES,7999.385,25,0,25,0,1,JA,001,2021-04-01_17h48.34.948,DelayedExp,2020.1.3,MacIntel,60,,,,,,,,,,,,,,,,,,,,,,,,,,,,,,,,,,,,,,,,,,,,,,
,,,,NOSE,2135.59,26,0,26,0,1,JA,001,2021-04-01_17h48.34.948,DelayedExp,2020.1.3,MacIntel,60,,,,,,,,,,,,,,,,,,,,,,,,,,,,,,,,,,,,,,,,,,,,,,
,,,,,8000.875,27,0,27,0,1,JA,001,2021-04-01_17h48.34.948,DelayedExp,2020.1.3,MacIntel,60,,,,,,,,,,,,,,,,,,,,,,,,,,,,,,,,,,,,,,,,,,,,,,
,,,,DEVIL,4038.915,28,0,28,0,1,JA,001,2021-04-01_17h48.34.948,DelayedExp,2020.1.3,MacIntel,60,,,,,,,,,,,,,,,,,,,,,,,,,,,,,,,,,,,,,,,,,,,,,,
,,,,,8000.33,29,0,29,0,1,JA,001,2021-04-01_17h48.34.948,DelayedExp,2020.1.3,MacIntel,60,,,,,,,,,,,,,,,,,,,,,,,,,,,,,,,,,,,,,,,,,,,,,,
,,,,,7996.725,30,0,30,0,1,JA,001,2021-04-01_17h48.34.948,DelayedExp,2020.1.3,MacIntel,60,,,,,,,,,,,,,,,,,,,,,,,,,,,,,,,,,,,,,,,,,,,,,,
,,,,,7996.475,31,0,31,0,1,JA,001,2021-04-01_17h48.34.948,DelayedExp,2020.1.3,MacIntel,60,,,,,,,,,,,,,,,,,,,,,,,,,,,,,,,,,,,,,,,,,,,,,,
,,,,,7999.485,32,0,32,0,1,JA,001,2021-04-01_17h48.34.948,DelayedExp,2020.1.3,MacIntel,60,,,,,,,,,,,,,,,,,,,,,,,,,,,,,,,,,,,,,,,,,,,,,,
,,,,,8001.23,33,0,33,0,1,JA,001,2021-04-01_17h48.34.948,DelayedExp,2020.1.3,MacIntel,60,,,,,,,,,,,,,,,,,,,,,,,,,,,,,,,,,,,,,,,,,,,,,,
,,,,,8012.79,34,0,34,0,1,JA,001,2021-04-01_17h48.34.948,DelayedExp,2020.1.3,MacIntel,60,,,,,,,,,,,,,,,,,,,,,,,,,,,,,,,,,,,,,,,,,,,,,,
,,,,PAPER,2481.325,35,0,35,0,1,JA,001,2021-04-01_17h48.34.948,DelayedExp,2020.1.3,MacIntel,60,,,,,,,,,,,,,,,,,,,,,,,,,,,,,,,,,,,,,,,,,,,,,,
,,,,,8001.155,36,0,36,0,1,JA,001,2021-04-01_17h48.34.948,DelayedExp,2020.1.3,MacIntel,60,,,,,,,,,,,,,,,,,,,,,,,,,,,,,,,,,,,,,,,,,,,,,,
,,,,TRAIN,2168.37,37,0,37,0,1,JA,001,2021-04-01_17h48.34.948,DelayedExp,2020.1.3,MacIntel,60,,,,,,,,,,,,,,,,,,,,,,,,,,,,,,,,,,,,,,,,,,,,,,
,,,,,7999.305,38,0,38,0,1,JA,001,2021-04-01_17h48.34.948,DelayedExp,2020.1.3,MacIntel,60,,,,,,,,,,,,,,,,,,,,,,,,,,,,,,,,,,,,,,,,,,,,,,
,,,,DEATH,4633.755,39,0,39,0,1,JA,001,2021-04-01_17h48.34.948,DelayedExp,2020.1.3,MacIntel,60,,,,,,,,,,,,,,,,,,,,,,,,,,,,,,,,,,,,,,,,,,,,,,
,,,,,7999.18,40,0,40,0,1,JA,001,2021-04-01_17h48.34.948,DelayedExp,2020.1.3,MacIntel,60,,,,,,,,,,,,,,,,,,,,,,,,,,,,,,,,,,,,,,,,,,,,,,
,,,,WORL,8000.885,41,0,41,0,1,JA,001,2021-04-01_17h48.34.948,DelayedExp,2020.1.3,MacIntel,60,,,,,,,,,,,,,,,,,,,,,,,,,,,,,,,,,,,,,,,,,,,,,,
,,,,WORLD,1555.22,42,0,42,0,1,JA,001,2021-04-01_17h48.34.948,DelayedExp,2020.1.3,MacIntel,60,,,,,,,,,,,,,,,,,,,,,,,,,,,,,,,,,,,,,,,,,,,,,,
,,,,,7999.83,43,0,43,0,1,JA,001,2021-04-01_17h48.34.948,DelayedExp,2020.1.3,MacIntel,60,,,,,,,,,,,,,,,,,,,,,,,,,,,,,,,,,,,,,,,,,,,,,,
,,,,,8000.81,44,0,44,0,1,JA,001,2021-04-01_17h48.34.948,DelayedExp,2020.1.3,MacIntel,60,,,,,,,,,,,,,,,,,,,,,,,,,,,,,,,,,,,,,,,,,,,,,,
,,,,,7999.33,45,0,45,0,1,JA,001,2021-04-01_17h48.34.948,DelayedExp,2020.1.3,MacIntel,60,,,,,,,,,,,,,,,,,,,,,,,,,,,,,,,,,,,,,,,,,,,,,,
,,,,,7996.855,46,0,46,0,1,JA,001,2021-04-01_17h48.34.948,DelayedExp,2020.1.3,MacIntel,60,,,,,,,,,,,,,,,,,,,,,,,,,,,,,,,,,,,,,,,,,,,,,,
,,,,,7994.41,47,0,47,0,1,JA,001,2021-04-01_17h48.34.948,DelayedExp,2020.1.3,MacIntel,60,,,,,,,,,,,,,,,,,,,,,,,,,,,,,,,,,,,,,,,,,,,,,,
,,,,,7998.73,48,0,48,0,1,JA,001,2021-04-01_17h48.34.948,DelayedExp,2020.1.3,MacIntel,60,,,,,,,,,,,,,,,,,,,,,,,,,,,,,,,,,,,,,,,,,,,,,,
,,,,,7997.96,49,0,49,0,1,JA,001,2021-04-01_17h48.34.948,DelayedExp,2020.1.3,MacIntel,60,,,,,,,,,,,,,,,,,,,,,,,,,,,,,,,,,,,,,,,,,,,,,,
,,,,,8001.22,50,0,50,0,1,JA,001,2021-04-01_17h48.34.948,DelayedExp,2020.1.3,MacIntel,60,,,,,,,,,,,,,,,,,,,,,,,,,,,,,,,,,,,,,,,,,,,,,,
,,,,,7997.485,51,0,51,0,1,JA,001,2021-04-01_17h48.34.948,DelayedExp,2020.1.3,MacIntel,60,,,,,,,,,,,,,,,,,,,,,,,,,,,,,,,,,,,,,,,,,,,,,,
,,,,,7991.73,52,0,52,0,1,JA,001,2021-04-01_17h48.34.948,DelayedExp,2020.1.3,MacIntel,60,,,,,,,,,,,,,,,,,,,,,,,,,,,,,,,,,,,,,,,,,,,,,,
,,,,STEAL,6652.125,53,0,53,0,1,JA,001,2021-04-01_17h48.34.948,DelayedExp,2020.1.3,MacIntel,60,,,,,,,,,,,,,,,,,,,,,,,,,,,,,,,,,,,,,,,,,,,,,,
,,,,,8001.505,54,0,54,0,1,JA,001,2021-04-01_17h48.34.948,DelayedExp,2020.1.3,MacIntel,60,,,,,,,,,,,,,,,,,,,,,,,,,,,,,,,,,,,,,,,,,,,,,,
,,,,,7998.39,55,0,55,0,1,JA,001,2021-04-01_17h48.34.948,DelayedExp,2020.1.3,MacIntel,60,,,,,,,,,,,,,,,,,,,,,,,,,,,,,,,,,,,,,,,,,,,,,,
,,,,FISH,2586.37,56,0,56,0,1,JA,001,2021-04-01_17h48.34.948,DelayedExp,2020.1.3,MacIntel,60,,,,,,,,,,,,,,,,,,,,,,,,,,,,,,,,,,,,,,,,,,,,,,
,,,,,8000.32,57,0,57,0,1,JA,001,2021-04-01_17h48.34.948,DelayedExp,2020.1.3,MacIntel,60,,,,,,,,,,,,,,,,,,,,,,,,,,,,,,,,,,,,,,,,,,,,,,
,,,,,7999.745,58,0,58,0,1,JA,001,2021-04-01_17h48.34.948,DelayedExp,2020.1.3,MacIntel,60,,,,,,,,,,,,,,,,,,,,,,,,,,,,,,,,,,,,,,,,,,,,,,
,,,,,7997.96,59,0,59,0,1,JA,001,2021-04-01_17h48.34.948,DelayedExp,2020.1.3,MacIntel,60,,,,,,,,,,,,,,,,,,,,,,,,,,,,,,,,,,,,,,,,,,,,,,
,,,,,7998.475,60,0,60,0,1,JA,001,2021-04-01_17h48.34.948,DelayedExp,2020.1.3,MacIntel,60,,,,,,,,,,,,,,,,,,,,,,,,,,,,,,,,,,,,,,,,,,,,,,
,,,,,8000.735,61,0,61,0,1,JA,001,2021-04-01_17h48.34.948,DelayedExp,2020.1.3,MacIntel,60,,,,,,,,,,,,,,,,,,,,,,,,,,,,,,,,,,,,,,,,,,,,,,
,,,,,7994.93,62,0,62,0,1,JA,001,2021-04-01_17h48.34.948,DelayedExp,2020.1.3,MacIntel,60,,,,,,,,,,,,,,,,,,,,,,,,,,,,,,,,,,,,,,,,,,,,,,
,,,,,8001.515,63,0,63,0,1,JA,001,2021-04-01_17h48.34.948,DelayedExp,2020.1.3,MacIntel,60,,,,,,,,,,,,,,,,,,,,,,,,,,,,,,,,,,,,,,,,,,,,,,
,,,,,8003.465,64,0,64,0,1,JA,001,2021-04-01_17h48.34.948,DelayedExp,2020.1.3,MacIntel,60,,,,,,,,,,,,,,,,,,,,,,,,,,,,,,,,,,,,,,,,,,,,,,
,,,,,7997.495,65,0,65,0,1,JA,001,2021-04-01_17h48.34.948,DelayedExp,2020.1.3,MacIntel,60,,,,,,,,,,,,,,,,,,,,,,,,,,,,,,,,,,,,,,,,,,,,,,
,,,,,7997.175,66,0,66,0,1,JA,001,2021-04-01_17h48.34.948,DelayedExp,2020.1.3,MacIntel,60,,,,,,,,,,,,,,,,,,,,,,,,,,,,,,,,,,,,,,,,,,,,,,
,,,,,8001.615,67,0,67,0,1,JA,001,2021-04-01_17h48.34.948,DelayedExp,2020.1.3,MacIntel,60,,,,,,,,,,,,,,,,,,,,,,,,,,,,,,,,,,,,,,,,,,,,,,
,,,,,8006.815,68,0,68,0,1,JA,001,2021-04-01_17h48.34.948,DelayedExp,2020.1.3,MacIntel,60,,,,,,,,,,,,,,,,,,,,,,,,,,,,,,,,,,,,,,,,,,,,,,
,,,,,7998.01,69,0,69,0,1,JA,001,2021-04-01_17h48.34.948,DelayedExp,2020.1.3,MacIntel,60,,,,,,,,,,,,,,,,,,,,,,,,,,,,,,,,,,,,,,,,,,,,,,
,,,,,8001.72,70,0,70,0,1,JA,001,2021-04-01_17h48.34.948,DelayedExp,2020.1.3,MacIntel,60,,,,,,,,,,,,,,,,,,,,,,,,,,,,,,,,,,,,,,,,,,,,,,
,,,,,7999.24,71,0,71,0,1,JA,001,2021-04-01_17h48.34.948,DelayedExp,2020.1.3,MacIntel,60,,,,,,,,,,,,,,,,,,,,,,,,,,,,,,,,,,,,,,,,,,,,,,
,,,,,7988.225,72,0,72,0,1,JA,001,2021-04-01_17h48.34.948,DelayedExp,2020.1.3,MacIntel,60,,,,,,,,,,,,,,,,,,,,,,,,,,,,,,,,,,,,,,,,,,,,,,
,,,,,8002.165,73,0,73,0,1,JA,001,2021-04-01_17h48.34.948,DelayedExp,2020.1.3,MacIntel,60,,,,,,,,,,,,,,,,,,,,,,,,,,,,,,,,,,,,,,,,,,,,,,
,,,,,8001.395,74,0,74,0,1,JA,001,2021-04-01_17h48.34.948,DelayedExp,2020.1.3,MacIntel,60,,,,,,,,,,,,,,,,,,,,,,,,,,,,,,,,,,,,,,,,,,,,,,
,,,,,7997.965,75,0,75,0,1,JA,001,2021-04-01_17h48.34.948,DelayedExp,2020.1.3,MacIntel,60,,,,,,,,,,,,,,,,,,,,,,,,,,,,,,,,,,,,,,,,,,,,,,
,,,,,8000.34,76,0,76,0,1,JA,001,2021-04-01_17h48.34.948,DelayedExp,2020.1.3,MacIntel,60,,,,,,,,,,,,,,,,,,,,,,,,,,,,,,,,,,,,,,,,,,,,,,
,,,,,8000.48,77,0,77,0,1,JA,001,2021-04-01_17h48.34.948,DelayedExp,2020.1.3,MacIntel,60,,,,,,,,,,,,,,,,,,,,,,,,,,,,,,,,,,,,,,,,,,,,,,
,,,,,7998.545,78,0,78,0,1,JA,001,2021-04-01_17h48.34.948,DelayedExp,2020.1.3,MacIntel,60,,,,,,,,,,,,,,,,,,,,,,,,,,,,,,,,,,,,,,,,,,,,,,
,,,,,7992.345,79,0,79,0,1,JA,001,2021-04-01_17h48.34.948,DelayedExp,2020.1.3,MacIntel,60,,,,,,,,,,,,,,,,,,,,,,,,,,,,,,,,,,,,,,,,,,,,,,
,,,,,5349.06,80,0,80,0,1,JA,001,2021-04-01_17h48.34.948,DelayedExp,2020.1.3,MacIntel,60,,,,,,,,,,,,,,,,,,,,,,,,,,,,,,,,,,,,,,,,,,,,,,
,,,,,,,,,,,JA,001,2021-04-01_17h48.34.948,DelayedExp,2020.1.3,MacIntel,60,space,43.11629,z,1.64957,0,0,0,265,1,0.119631431,PACKAGE,,,,,,,,,,,,,,,,,,,,,,,,,,,,,,,,,,,
,,,,,,,,,,,JA,001,2021-04-01_17h48.34.948,DelayedExp,2020.1.3,MacIntel,60,,,slash,1.885815,0,1,1,318,1,0.613130161,WRITE,,,,,,,,,,,,,,,,,,,,,,,,,,,,,,,,,,,
,,,,,,,,,,,JA,001,2021-04-01_17h48.34.948,DelayedExp,2020.1.3,MacIntel,60,,,z,0.8612,0,2,2,282,1,0.832454145,MANY,,,,,,,,,,,,,,,,,,,,,,,,,,,,,,,,,,,
,,,,,,,,,,,JA,001,2021-04-01_17h48.34.948,DelayedExp,2020.1.3,MacIntel,60,,,slash,0.66917,0,3,3,11,1,0.990945607,FIVE,,,,,,,,,,,,,,,,,,,,,,,,,,,,,,,,,,,
,,,,,,,,,,,JA,001,2021-04-01_17h48.34.948,DelayedExp,2020.1.3,MacIntel,60,,,z,0.818395,0,4,4,236,1,0.171134895,DESERT,,,,,,,,,,,,,,,,,,,,,,,,,,,,,,,,,,,
,,,,,,,,,,,JA,001,2021-04-01_17h48.34.948,DelayedExp,2020.1.3,MacIntel,60,,,slash,0.92329,0,5,5,252,1,0.847170391,DRUGS,,,,,,,,,,,,,,,,,,,,,,,,,,,,,,,,,,,
,,,,,,,,,,,JA,001,2021-04-01_17h48.34.948,DelayedExp,2020.1.3,MacIntel,60,,,z,0.79662,0,6,6,174,1,0.876517016,COPY,,,,,,,,,,,,,,,,,,,,,,,,,,,,,,,,,,,
,,,,,,,,,,,JA,001,2021-04-01_17h48.34.948,DelayedExp,2020.1.3,MacIntel,60,,,slash,0.766025,0,7,7,70,1,0.823002092,SOAP,,,,,,,,,,,,,,,,,,,,,,,,,,,,,,,,,,,
,,,,,,,,,,,JA,001,2021-04-01_17h48.34.948,DelayedExp,2020.1.3,MacIntel,60,,,slash,0.69598,0,8,8,247,1,0.744897792,STORE,,,,,,,,,,,,,,,,,,,,,,,,,,,,,,,,,,,
,,,,,,,,,,,JA,001,2021-04-01_17h48.34.948,DelayedExp,2020.1.3,MacIntel,60,,,slash,0.64044,0,9,9,50,1,0.129107951,NEWS,,,,,,,,,,,,,,,,,,,,,,,,,,,,,,,,,,,
,,,,,,,,,,,JA,001,2021-04-01_17h48.34.948,DelayedExp,2020.1.3,MacIntel,60,,,slash,2.0776,0,10,10,215,1,0.232175276,TREE,,,,,,,,,,,,,,,,,,,,,,,,,,,,,,,,,,,
,,,,,,,,,,,JA,001,2021-04-01_17h48.34.948,DelayedExp,2020.1.3,MacIntel,60,,,z,0.842315,0,11,11,327,1,0.406012152,SKIN,,,,,,,,,,,,,,,,,,,,,,,,,,,,,,,,,,,
,,,,,,,,,,,JA,001,2021-04-01_17h48.34.948,DelayedExp,2020.1.3,MacIntel,60,,,slash,0.68382,0,12,12,33,1,0.657670218,DOOR,,,,,,,,,,,,,,,,,,,,,,,,,,,,,,,,,,,
,,,,,,,,,,,JA,001,2021-04-01_17h48.34.948,DelayedExp,2020.1.3,MacIntel,60,,,slash,0.677825,0,13,13,38,1,0.278858385,THIEF,,,,,,,,,,,,,,,,,,,,,,,,,,,,,,,,,,,
,,,,,,,,,,,JA,001,2021-04-01_17h48.34.948,DelayedExp,2020.1.3,MacIntel,60,,,z,0.78059,0,14,14,242,1,0.154783212,VOLCANO,,,,,,,,,,,,,,,,,,,,,,,,,,,,,,,,,,,
,,,,,,,,,,,JA,001,2021-04-01_17h48.34.948,DelayedExp,2020.1.3,MacIntel,60,,,slash,0.73211,0,15,15,227,1,0.774027327,SWORD,,,,,,,,,,,,,,,,,,,,,,,,,,,,,,,,,,,
,,,,,,,,,,,JA,001,2021-04-01_17h48.34.948,DelayedExp,2020.1.3,MacIntel,60,,,slash,0.800085,0,16,16,3,1,0.930226099,BRIDE,,,,,,,,,,,,,,,,,,,,,,,,,,,,,,,,,,,
,,,,,,,,,,,JA,001,2021-04-01_17h48.34.948,DelayedExp,2020.1.3,MacIntel,60,,,slash,1.311735,0,17,17,244,1,0.291831281,BREAK,,,,,,,,,,,,,,,,,,,,,,,,,,,,,,,,,,,
,,,,,,,,,,,JA,001,2021-04-01_17h48.34.948,DelayedExp,2020.1.3,MacIntel,60,,,z,0.558535,0,18,18,226,1,0.48975986,YEAR,,,,,,,,,,,,,,,,,,,,,,,,,,,,,,,,,,,
,,,,,,,,,,,JA,001,2021-04-01_17h48.34.948,DelayedExp,2020.1.3,MacIntel,60,,,z,0.716725,0,19,19,213,1,0.505086573,SICK,,,,,,,,,,,,,,,,,,,,,,,,,,,,,,,,,,,
,,,,,,,,,,,JA,001,2021-04-01_17h48.34.948,DelayedExp,2020.1.3,MacIntel,60,,,z,0.82396,0,20,20,301,1,0.925475301,BIKE,,,,,,,,,,,,,,,,,,,,,,,,,,,,,,,,,,,
,,,,,,,,,,,JA,001,2021-04-01_17h48.34.948,DelayedExp,2020.1.3,MacIntel,60,,,z,0.76136,0,21,21,179,1,0.623626223,FINISH,,,,,,,,,,,,,,,,,,,,,,,,,,,,,,,,,,,
,,,,,,,,,,,JA,001,2021-04-01_17h48.34.948,DelayedExp,2020.1.3,MacIntel,60,,,slash,0.94344,0,22,22,102,1,0.305795185,MINUS,,,,,,,,,,,,,,,,,,,,,,,,,,,,,,,,,,,
,,,,,,,,,,,JA,001,2021-04-01_17h48.34.948,DelayedExp,2020.1.3,MacIntel,60,,,slash,0.726955,0,23,23,167,1,0.395523204,LAWYER,,,,,,,,,,,,,,,,,,,,,,,,,,,,,,,,,,,
,,,,,,,,,,,JA,001,2021-04-01_17h48.34.948,DelayedExp,2020.1.3,MacIntel,60,,,slash,0.64593,0,24,24,110,1,0.974766317,QUEEN,,,,,,,,,,,,,,,,,,,,,,,,,,,,,,,,,,,
,,,,,,,,,,,JA,001,2021-04-01_17h48.34.948,DelayedExp,2020.1.3,MacIntel,60,,,slash,0.624435,0,25,25,160,1,0.555276839,MONEY,,,,,,,,,,,,,,,,,,,,,,,,,,,,,,,,,,,
,,,,,,,,,,,JA,001,2021-04-01_17h48.34.948,DelayedExp,2020.1.3,MacIntel,60,,,slash,0.79515,0,26,26,134,1,0.498263926,OUTTAKE,,,,,,,,,,,,,,,,,,,,,,,,,,,,,,,,,,,
,,,,,,,,,,,JA,001,2021-04-01_17h48.34.948,DelayedExp,2020.1.3,MacIntel,60,,,z,0.961155,0,27,27,335,1,0.613096738,DOCTOR,,,,,,,,,,,,,,,,,,,,,,,,,,,,,,,,,,,
,,,,,,,,,,,JA,001,2021-04-01_17h48.34.948,DelayedExp,2020.1.3,MacIntel,60,,,slash,0.761545,0,28,28,249,1,0.265528704,SOUR,,,,,,,,,,,,,,,,,,,,,,,,,,,,,,,,,,,
,,,,,,,,,,,JA,001,2021-04-01_17h48.34.948,DelayedExp,2020.1.3,MacIntel,60,,,z,0.876545,0,29,29,299,1,0.551741698,MATH,,,,,,,,,,,,,,,,,,,,,,,,,,,,,,,,,,,
,,,,,,,,,,,JA,001,2021-04-01_17h48.34.948,DelayedExp,2020.1.3,MacIntel,60,,,z,0.847445,0,30,30,319,1,0.496843659,STUPID,,,,,,,,,,,,,,,,,,,,,,,,,,,,,,,,,,,
,,,,,,,,,,,JA,001,2021-04-01_17h48.34.948,DelayedExp,2020.1.3,MacIntel,60,,,z,1.04455,0,31,31,57,1,0.864792964,FIRST,,,,,,,,,,,,,,,,,,,,,,,,,,,,,,,,,,,
,,,,,,,,,,,JA,001,2021-04-01_17h48.34.948,DelayedExp,2020.1.3,MacIntel,60,,,z,1.896255,0,32,32,258,1,0.636956338,RAIN,,,,,,,,,,,,,,,,,,,,,,,,,,,,,,,,,,,
,,,,,,,,,,,JA,001,2021-04-01_17h48.34.948,DelayedExp,2020.1.3,MacIntel,60,,,slash,0.67545,0,33,33,123,1,0.581148527,WHOLE,,,,,,,,,,,,,,,,,,,,,,,,,,,,,,,,,,,
,,,,,,,,,,,JA,001,2021-04-01_17h48.34.948,DelayedExp,2020.1.3,MacIntel,60,,,z,1.71306,0,34,34,105,1,0.795560321,OFFICE,,,,,,,,,,,,,,,,,,,,,,,,,,,,,,,,,,,
,,,,,,,,,,,JA,001,2021-04-01_17h48.34.948,DelayedExp,2020.1.3,MacIntel,60,,,slash,0.830485,0,35,35,82,1,0.014768335,WILD,,,,,,,,,,,,,,,,,,,,,,,,,,,,,,,,,,,
,,,,,,,,,,,JA,001,2021-04-01_17h48.34.948,DelayedExp,2020.1.3,MacIntel,60,,,slash,0.719835,0,36,36,146,1,0.140478509,STREAM,,,,,,,,,,,,,,,,,,,,,,,,,,,,,,,,,,,
,,,,,,,,,,,JA,001,2021-04-01_17h48.34.948,DelayedExp,2020.1.3,MacIntel,60,,,slash,0.86354,0,37,37,225,1,0.330893298,LAUGH,,,,,,,,,,,,,,,,,,,,,,,,,,,,,,,,,,,
,,,,,,,,,,,JA,001,2021-04-01_17h48.34.948,DelayedExp,2020.1.3,MacIntel,60,,,slash,0.93363,0,38,38,143,1,0.836621785,SMOOTH,,,,,,,,,,,,,,,,,,,,,,,,,,,,,,,,,,,
,,,,,,,,,,,JA,001,2021-04-01_17h48.34.948,DelayedExp,2020.1.3,MacIntel,60,,,slash,0.662685,0,39,39,25,1,0.013252083,TRAIN,,,,,,,,,,,,,,,,,,,,,,,,,,,,,,,,,,,
,,,,,,,,,,,JA,001,2021-04-01_17h48.34.948,DelayedExp,2020.1.3,MacIntel,60,,,z,0.69414,0,40,40,334,1,0.668643625,CELL,,,,,,,,,,,,,,,,,,,,,,,,,,,,,,,,,,,
,,,,,,,,,,,JA,001,2021-04-01_17h48.34.948,DelayedExp,2020.1.3,MacIntel,60,,,slash,0.6962,0,41,41,14,1,0.941717552,GHOST,,,,,,,,,,,,,,,,,,,,,,,,,,,,,,,,,,,
,,,,,,,,,,,JA,001,2021-04-01_17h48.34.948,DelayedExp,2020.1.3,MacIntel,60,,,z,0.71079,0,42,42,85,1,0.290537125,BEFORE,,,,,,,,,,,,,,,,,,,,,,,,,,,,,,,,,,,
,,,,,,,,,,,JA,001,2021-04-01_17h48.34.948,DelayedExp,2020.1.3,MacIntel,60,,,z,1.27677,0,43,43,300,1,0.880342989,TOWN,,,,,,,,,,,,,,,,,,,,,,,,,,,,,,,,,,,
,,,,,,,,,,,JA,001,2021-04-01_17h48.34.948,DelayedExp,2020.1.3,MacIntel,60,,,slash,0.858525,0,44,44,75,1,0.337872762,TENNIS,,,,,,,,,,,,,,,,,,,,,,,,,,,,,,,,,,,
,,,,,,,,,,,JA,001,2021-04-01_17h48.34.948,DelayedExp,2020.1.3,MacIntel,60,,,slash,0.700145,0,45,45,21,1,0.817537999,LAKE,,,,,,,,,,,,,,,,,,,,,,,,,,,,,,,,,,,
,,,,,,,,,,,JA,001,2021-04-01_17h48.34.948,DelayedExp,2020.1.3,MacIntel,60,,,z,0.73944,0,46,46,187,1,0.991505378,ENGLISH,,,,,,,,,,,,,,,,,,,,,,,,,,,,,,,,,,,
,,,,,,,,,,,JA,001,2021-04-01_17h48.34.948,DelayedExp,2020.1.3,MacIntel,60,,,slash,0.616325,0,47,47,99,1,0.276937663,HORSE,,,,,,,,,,,,,,,,,,,,,,,,,,,,,,,,,,,
,,,,,,,,,,,JA,001,2021-04-01_17h48.34.948,DelayedExp,2020.1.3,MacIntel,60,,,slash,0.743695,0,48,48,67,1,0.062957731,SEEK,,,,,,,,,,,,,,,,,,,,,,,,,,,,,,,,,,,
,,,,,,,,,,,JA,001,2021-04-01_17h48.34.948,DelayedExp,2020.1.3,MacIntel,60,,,slash,1.04984,0,49,49,113,1,0.596909304,SHORT,,,,,,,,,,,,,,,,,,,,,,,,,,,,,,,,,,,
,,,,,,,,,,,JA,001,2021-04-01_17h48.34.948,DelayedExp,2020.1.3,MacIntel,60,,,z,0.78463,0,50,50,124,1,0.0415978,WORST,,,,,,,,,,,,,,,,,,,,,,,,,,,,,,,,,,,
,,,,,,,,,,,JA,001,2021-04-01_17h48.34.948,DelayedExp,2020.1.3,MacIntel,60,,,z,0.83721,0,51,51,176,1,0.397833275,WATER,,,,,,,,,,,,,,,,,,,,,,,,,,,,,,,,,,,
,,,,,,,,,,,JA,001,2021-04-01_17h48.34.948,DelayedExp,2020.1.3,MacIntel,60,,,z,0.62963,0,52,52,223,1,0.261202417,CHURCH,,,,,,,,,,,,,,,,,,,,,,,,,,,,,,,,,,,
,,,,,,,,,,,JA,001,2021-04-01_17h48.34.948,DelayedExp,2020.1.3,MacIntel,60,,,z,0.59851,0,53,53,310,1,0.231906758,TOOTH,,,,,,,,,,,,,,,,,,,,,,,,,,,,,,,,,,,
,,,,,,,,,,,JA,001,2021-04-01_17h48.34.948,DelayedExp,2020.1.3,MacIntel,60,,,slash,0.758455,0,54,54,18,1,0.596823272,JUMP,,,,,,,,,,,,,,,,,,,,,,,,,,,,,,,,,,,
,,,,,,,,,,,JA,001,2021-04-01_17h48.34.948,DelayedExp,2020.1.3,MacIntel,60,,,z,0.743275,0,55,55,5,1,0.672348018,DEAF,,,,,,,,,,,,,,,,,,,,,,,,,,,,,,,,,,,
,,,,,,,,,,,JA,001,2021-04-01_17h48.34.948,DelayedExp,2020.1.3,MacIntel,60,,,z,1.093805,0,56,56,137,1,0.04922332,NEPHEW,,,,,,,,,,,,,,,,,,,,,,,,,,,,,,,,,,,
,,,,,,,,,,,JA,001,2021-04-01_17h48.34.948,DelayedExp,2020.1.3,MacIntel,60,,,slash,0.69316,0,57,57,7,1,0.772916293,DIRT,,,,,,,,,,,,,,,,,,,,,,,,,,,,,,,,,,,
,,,,,,,,,,,JA,001,2021-04-01_17h48.34.948,DelayedExp,2020.1.3,MacIntel,60,,,z,1.27482,0,58,58,91,1,0.23738116,DOLLAR,,,,,,,,,,,,,,,,,,,,,,,,,,,,,,,,,,,
,,,,,,,,,,,JA,001,2021-04-01_17h48.34.948,DelayedExp,2020.1.3,MacIntel,60,,,slash,0.833485,0,59,59,278,1,0.493656389,KNIFE,,,,,,,,,,,,,,,,,,,,,,,,,,,,,,,,,,,
,,,,,,,,,,,JA,001,2021-04-01_17h48.34.948,DelayedExp,2020.1.3,MacIntel,60,,,slash,0.683375,0,60,60,36,1,0.404338933,SWAMP,,,,,,,,,,,,,,,,,,,,,,,,,,,,,,,,,,,
,,,,,,,,,,,JA,001,2021-04-01_17h48.34.948,DelayedExp,2020.1.3,MacIntel,60,,,z,0.744785,0,61,61,212,1,0.933068314,FIND,,,,,,,,,,,,,,,,,,,,,,,,,,,,,,,,,,,
,,,,,,,,,,,JA,001,2021-04-01_17h48.34.948,DelayedExp,2020.1.3,MacIntel,60,,,z,0.650445,0,62,62,326,1,0.226935378,ARMS,,,,,,,,,,,,,,,,,,,,,,,,,,,,,,,,,,,
,,,,,,,,,,,JA,001,2021-04-01_17h48.34.948,DelayedExp,2020.1.3,MacIntel,60,,,z,0.843385,0,63,63,37,1,0.811017401,SWEET,,,,,,,,,,,,,,,,,,,,,,,,,,,,,,,,,,,
,,,,,,,,,,,JA,001,2021-04-01_17h48.34.948,DelayedExp,2020.1.3,MacIntel,60,,,z,0.81638,0,64,64,185,1,0.563677501,PLAN,,,,,,,,,,,,,,,,,,,,,,,,,,,,,,,,,,,
,,,,,,,,,,,JA,001,2021-04-01_17h48.34.948,DelayedExp,2020.1.3,MacIntel,60,,,z,0.75909,0,65,65,313,1,0.66506893,MILK,,,,,,,,,,,,,,,,,,,,,,,,,,,,,,,,,,,
,,,,,,,,,,,JA,001,2021-04-01_17h48.34.948,DelayedExp,2020.1.3,MacIntel,60,,,slash,0.99481,0,66,66,94,1,0.032716766,FENCE,,,,,,,,,,,,,,,,,,,,,,,,,,,,,,,,,,,
,,,,,,,,,,,JA,001,2021-04-01_17h48.34.948,DelayedExp,2020.1.3,MacIntel,60,,,slash,0.70957,0,67,67,171,1,0.821679804,PAPER,,,,,,,,,,,,,,,,,,,,,,,,,,,,,,,,,,,
,,,,,,,,,,,JA,001,2021-04-01_17h48.34.948,DelayedExp,2020.1.3,MacIntel,60,,,slash,0.758235,0,68,68,40,1,0.688159484,WHEAT,,,,,,,,,,,,,,,,,,,,,,,,,,,,,,,,,,,
,,,,,,,,,,,JA,001,2021-04-01_17h48.34.948,DelayedExp,2020.1.3,MacIntel,60,,,z,1.31238,0,69,69,239,1,0.859566691,LOVE,,,,,,,,,,,,,,,,,,,,,,,,,,,,,,,,,,,
,,,,,,,,,,,JA,001,2021-04-01_17h48.34.948,DelayedExp,2020.1.3,MacIntel,60,,,z,1.323285,0,70,70,31,1,0.761629448,SMILE,,,,,,,,,,,,,,,,,,,,,,,,,,,,,,,,,,,
,,,,,,,,,,,JA,001,2021-04-01_17h48.34.948,DelayedExp,2020.1.3,MacIntel,60,,,slash,1.249595,0,71,71,0,1,0.529420303,STOMACH,,,,,,,,,,,,,,,,,,,,,,,,,,,,,,,,,,,
,,,,,,,,,,,JA,001,2021-04-01_17h48.34.948,DelayedExp,2020.1.3,MacIntel,60,,,z,1.671465,0,72,72,283,1,0.222912429,SCISSORS,,,,,,,,,,,,,,,,,,,,,,,,,,,,,,,,,,,
,,,,,,,,,,,JA,001,2021-04-01_17h48.34.948,DelayedExp,2020.1.3,MacIntel,60,,,z,3.410105,0,73,73,52,1,0.364296942,ARGUE,,,,,,,,,,,,,,,,,,,,,,,,,,,,,,,,,,,
,,,,,,,,,,,JA,001,2021-04-01_17h48.34.948,DelayedExp,2020.1.3,MacIntel,60,,,slash,0.74089,0,74,74,35,1,0.859350925,PRESENT,,,,,,,,,,,,,,,,,,,,,,,,,,,,,,,,,,,
,,,,,,,,,,,JA,001,2021-04-01_17h48.34.948,DelayedExp,2020.1.3,MacIntel,60,,,slash,0.725685,0,75,75,145,1,0.237609271,STOP,,,,,,,,,,,,,,,,,,,,,,,,,,,,,,,,,,,
,,,,,,,,,,,JA,001,2021-04-01_17h48.34.948,DelayedExp,2020.1.3,MacIntel,60,,,slash,0.878075,0,76,76,182,1,0.386108126,SNEEZE,,,,,,,,,,,,,,,,,,,,,,,,,,,,,,,,,,,
,,,,,,,,,,,JA,001,2021-04-01_17h48.34.948,DelayedExp,2020.1.3,MacIntel,60,,,slash,0.728265,0,77,77,41,1,0.774719699,WORLD,,,,,,,,,,,,,,,,,,,,,,,,,,,,,,,,,,,
,,,,,,,,,,,JA,001,2021-04-01_17h48.34.948,DelayedExp,2020.1.3,MacIntel,60,,,z,0.7415,0,78,78,200,1,0.617401957,LETTER,,,,,,,,,,,,,,,,,,,,,,,,,,,,,,,,,,,
,,,,,,,,,,,JA,001,2021-04-01_17h48.34.948,DelayedExp,2020.1.3,MacIntel,60,,,z,0.662395,0,79,79,184,1,0.25753243,SURE,,,,,,,,,,,,,,,,,,,,,,,,,,,,,,,,,,,
,,,,,,,,,,,JA,001,2021-04-01_17h48.34.948,DelayedExp,2020.1.3,MacIntel,60,,,slash,0.678795,0,80,80,62,1,0.365921469,NOSE,,,,,,,,,,,,,,,,,,,,,,,,,,,,,,,,,,,
,,,,,,,,,,,JA,001,2021-04-01_17h48.34.948,DelayedExp,2020.1.3,MacIntel,60,,,z,0.74381,0,81,81,235,1,0.146098407,HEAR,,,,,,,,,,,,,,,,,,,,,,,,,,,,,,,,,,,
,,,,,,,,,,,JA,001,2021-04-01_17h48.34.948,DelayedExp,2020.1.3,MacIntel,60,,,slash,0.78054,0,82,82,61,1,0.114204089,NAVY,,,,,,,,,,,,,,,,,,,,,,,,,,,,,,,,,,,
,,,,,,,,,,,JA,001,2021-04-01_17h48.34.948,DelayedExp,2020.1.3,MacIntel,60,,,slash,0.77528,0,83,83,142,1,0.302092566,SHEETS,,,,,,,,,,,,,,,,,,,,,,,,,,,,,,,,,,,
,,,,,,,,,,,JA,001,2021-04-01_17h48.34.948,DelayedExp,2020.1.3,MacIntel,60,,,z,0.808795,0,84,84,330,1,0.822180444,SELF,,,,,,,,,,,,,,,,,,,,,,,,,,,,,,,,,,,
,,,,,,,,,,,JA,001,2021-04-01_17h48.34.948,DelayedExp,2020.1.3,MacIntel,60,,,z,0.727065,0,85,85,216,1,0.181342252,LETTUCE,,,,,,,,,,,,,,,,,,,,,,,,,,,,,,,,,,,
,,,,,,,,,,,JA,001,2021-04-01_17h48.34.948,DelayedExp,2020.1.3,MacIntel,60,,,z,1.674355,0,86,86,321,1,0.950911015,BREAD,,,,,,,,,,,,,,,,,,,,,,,,,,,,,,,,,,,
,,,,,,,,,,,JA,001,2021-04-01_17h48.34.948,DelayedExp,2020.1.3,MacIntel,60,,,slash,0.850995,0,87,87,240,1,0.608522653,ROOF,,,,,,,,,,,,,,,,,,,,,,,,,,,,,,,,,,,
,,,,,,,,,,,JA,001,2021-04-01_17h48.34.948,DelayedExp,2020.1.3,MacIntel,60,,,slash,0.69256,0,88,88,148,1,0.588095083,WEIGHT,,,,,,,,,,,,,,,,,,,,,,,,,,,,,,,,,,,
,,,,,,,,,,,JA,001,2021-04-01_17h48.34.948,DelayedExp,2020.1.3,MacIntel,60,,,z,0.728605,0,89,89,189,1,0.022462029,OVEN,,,,,,,,,,,,,,,,,,,,,,,,,,,,,,,,,,,
,,,,,,,,,,,JA,001,2021-04-01_17h48.34.948,DelayedExp,2020.1.3,MacIntel,60,,,slash,0.771425,0,90,90,81,1,0.672881454,WAITER,,,,,,,,,,,,,,,,,,,,,,,,,,,,,,,,,,,
,,,,,,,,,,,JA,001,2021-04-01_17h48.34.948,DelayedExp,2020.1.3,MacIntel,60,,,slash,0.738725,0,91,91,151,1,0.101877547,ORANGE,,,,,,,,,,,,,,,,,,,,,,,,,,,,,,,,,,,
,,,,,,,,,,,JA,001,2021-04-01_17h48.34.948,DelayedExp,2020.1.3,MacIntel,60,,,z,0.832105,0,92,92,165,1,0.761584316,HORN,,,,,,,,,,,,,,,,,,,,,,,,,,,,,,,,,,,
,,,,,,,,,,,JA,001,2021-04-01_17h48.34.948,DelayedExp,2020.1.3,MacIntel,60,,,z,0.77557,0,93,93,286,1,0.969991653,HATE,,,,,,,,,,,,,,,,,,,,,,,,,,,,,,,,,,,
,,,,,,,,,,,JA,001,2021-04-01_17h48.34.948,DelayedExp,2020.1.3,MacIntel,60,,,slash,1.025095,0,94,94,298,1,0.076489794,CLASS,,,,,,,,,,,,,,,,,,,,,,,,,,,,,,,,,,,
,,,,,,,,,,,JA,001,2021-04-01_17h48.34.948,DelayedExp,2020.1.3,MacIntel,60,,,slash,0.681465,0,95,95,135,1,0.258521111,GROSS,,,,,,,,,,,,,,,,,,,,,,,,,,,,,,,,,,,
,,,,,,,,,,,JA,001,2021-04-01_17h48.34.948,DelayedExp,2020.1.3,MacIntel,60,,,z,1.036515,0,96,96,317,1,0.760979725,FAKE,,,,,,,,,,,,,,,,,,,,,,,,,,,,,,,,,,,
,,,,,,,,,,,JA,001,2021-04-01_17h48.34.948,DelayedExp,2020.1.3,MacIntel,60,,,z,0.75989,0,97,97,296,1,0.044271884,BRAIN,,,,,,,,,,,,,,,,,,,,,,,,,,,,,,,,,,,
,,,,,,,,,,,JA,001,2021-04-01_17h48.34.948,DelayedExp,2020.1.3,MacIntel,60,,,z,0.696905,0,98,98,93,1,0.356605252,ENTER,,,,,,,,,,,,,,,,,,,,,,,,,,,,,,,,,,,
,,,,,,,,,,,JA,001,2021-04-01_17h48.34.948,DelayedExp,2020.1.3,MacIntel,60,,,slash,1.31678,0,99,99,154,1,0.318502566,DREAM,,,,,,,,,,,,,,,,,,,,,,,,,,,,,,,,,,,
,,,,,,,,,,,JA,001,2021-04-01_17h48.34.948,DelayedExp,2020.1.3,MacIntel,60,,,z,0.657355,0,100,100,308,1,0.214947297,BABY,,,,,,,,,,,,,,,,,,,,,,,,,,,,,,,,,,,
,,,,,,,,,,,JA,001,2021-04-01_17h48.34.948,DelayedExp,2020.1.3,MacIntel,60,,,slash,1.35852,0,101,101,140,1,0.513462153,RIGHT,,,,,,,,,,,,,,,,,,,,,,,,,,,,,,,,,,,
,,,,,,,,,,,JA,001,2021-04-01_17h48.34.948,DelayedExp,2020.1.3,MacIntel,60,,,z,2.479945,0,102,102,74,1,0.732530315,SUPPER,,,,,,,,,,,,,,,,,,,,,,,,,,,,,,,,,,,
,,,,,,,,,,,JA,001,2021-04-01_17h48.34.948,DelayedExp,2020.1.3,MacIntel,60,,,z,1.21298,0,103,103,306,1,0.37743271,LIGHT,,,,,,,,,,,,,,,,,,,,,,,,,,,,,,,,,,,
,,,,,,,,,,,JA,001,2021-04-01_17h48.34.948,DelayedExp,2020.1.3,MacIntel,60,,,slash,0.675745,0,104,104,59,1,0.622354057,MIDDLE,,,,,,,,,,,,,,,,,,,,,,,,,,,,,,,,,,,
,,,,,,,,,,,JA,001,2021-04-01_17h48.34.948,DelayedExp,2020.1.3,MacIntel,60,,,z,0.86462,0,105,105,322,1,0.978580072,REPEAT,,,,,,,,,,,,,,,,,,,,,,,,,,,,,,,,,,,
,,,,,,,,,,,JA,001,2021-04-01_17h48.34.948,DelayedExp,2020.1.3,MacIntel,60,,,z,0.84141,0,106,106,111,1,0.169088161,ROCK,,,,,,,,,,,,,,,,,,,,,,,,,,,,,,,,,,,
,,,,,,,,,,,JA,001,2021-04-01_17h48.34.948,DelayedExp,2020.1.3,MacIntel,60,,,z,1.109615,0,107,107,173,1,0.226878614,NINE,,,,,,,,,,,,,,,,,,,,,,,,,,,,,,,,,,,
,,,,,,,,,,,JA,001,2021-04-01_17h48.34.948,DelayedExp,2020.1.3,MacIntel,60,,,z,1.07713,0,108,108,172,1,0.2900152,PRIDE,,,,,,,,,,,,,,,,,,,,,,,,,,,,,,,,,,,
,,,,,,,,,,,JA,001,2021-04-01_17h48.34.948,DelayedExp,2020.1.3,MacIntel,60,,,slash,0.66548,0,109,109,51,1,0.207299492,CHAIN,,,,,,,,,,,,,,,,,,,,,,,,,,,,,,,,,,,
,,,,,,,,,,,JA,001,2021-04-01_17h48.34.948,DelayedExp,2020.1.3,MacIntel,60,,,z,0.71771,0,110,110,28,1,0.933394255,NOISE,,,,,,,,,,,,,,,,,,,,,,,,,,,,,,,,,,,
,,,,,,,,,,,JA,001,2021-04-01_17h48.34.948,DelayedExp,2020.1.3,MacIntel,60,,,slash,0.92931,0,111,111,164,1,0.499184699,NICKEL,,,,,,,,,,,,,,,,,,,,,,,,,,,,,,,,,,,
,,,,,,,,,,,JA,001,2021-04-01_17h48.34.948,DelayedExp,2020.1.3,MacIntel,60,,,z,1.18098,0,112,112,311,1,0.789649172,STEAL,,,,,,,,,,,,,,,,,,,,,,,,,,,,,,,,,,,
,,,,,,,,,,,JA,001,2021-04-01_17h48.34.948,DelayedExp,2020.1.3,MacIntel,60,,,z,0.6986,0,113,113,307,1,0.390412025,PENNY,,,,,,,,,,,,,,,,,,,,,,,,,,,,,,,,,,,
,,,,,,,,,,,JA,001,2021-04-01_17h48.34.948,DelayedExp,2020.1.3,MacIntel,60,,,slash,0.84938,0,114,114,100,1,0.655582154,LEAVES,,,,,,,,,,,,,,,,,,,,,,,,,,,,,,,,,,,
,,,,,,,,,,,JA,001,2021-04-01_17h48.34.948,DelayedExp,2020.1.3,MacIntel,60,,,slash,0.57477,0,115,115,264,1,0.953873517,DEATH,,,,,,,,,,,,,,,,,,,,,,,,,,,,,,,,,,,
,,,,,,,,,,,JA,001,2021-04-01_17h48.34.948,DelayedExp,2020.1.3,MacIntel,60,,,z,0.675015,0,116,116,42,1,0.103207997,ALIVE,,,,,,,,,,,,,,,,,,,,,,,,,,,,,,,,,,,
,,,,,,,,,,,JA,001,2021-04-01_17h48.34.948,DelayedExp,2020.1.3,MacIntel,60,,,z,1.676025,0,117,117,54,1,0.13933225,INHALE,,,,,,,,,,,,,,,,,,,,,,,,,,,,,,,,,,,
,,,,,,,,,,,JA,001,2021-04-01_17h48.34.948,DelayedExp,2020.1.3,MacIntel,60,,,z,0.78832,0,118,118,325,1,0.071143329,ROSE,,,,,,,,,,,,,,,,,,,,,,,,,,,,,,,,,,,
,,,,,,,,,,,JA,001,2021-04-01_17h48.34.948,DelayedExp,2020.1.3,MacIntel,60,,,slash,0.48233,0,119,119,130,1,0.924861015,FLOWER,,,,,,,,,,,,,,,,,,,,,,,,,,,,,,,,,,,
,,,,,,,,,,,JA,001,2021-04-01_17h48.34.948,DelayedExp,2020.1.3,MacIntel,60,,,z,0.801235,0,120,120,208,1,0.453940446,MAID,,,,,,,,,,,,,,,,,,,,,,,,,,,,,,,,,,,
,,,,,,,,,,,JA,001,2021-04-01_17h48.34.948,DelayedExp,2020.1.3,MacIntel,60,,,z,0.71217,0,121,121,268,1,0.845138213,DRAW,,,,,,,,,,,,,,,,,,,,,,,,,,,,,,,,,,,
,,,,,,,,,,,JA,001,2021-04-01_17h48.34.948,DelayedExp,2020.1.3,MacIntel,60,,,z,0.94326,0,122,122,199,1,0.191406649,SMALL,,,,,,,,,,,,,,,,,,,,,,,,,,,,,,,,,,,
,,,,,,,,,,,JA,001,2021-04-01_17h48.34.948,DelayedExp,2020.1.3,MacIntel,60,,,z,0.69522,0,123,123,289,1,0.500156877,TRAILER,,,,,,,,,,,,,,,,,,,,,,,,,,,,,,,,,,,
,,,,,,,,,,,JA,001,2021-04-01_17h48.34.948,DelayedExp,2020.1.3,MacIntel,60,,,z,0.611685,0,124,124,279,1,0.47019639,PLANE ,,,,,,,,,,,,,,,,,,,,,,,,,,,,,,,,,,,
,,,,,,,,,,,JA,001,2021-04-01_17h48.34.948,DelayedExp,2020.1.3,MacIntel,60,,,z,0.867235,0,125,125,203,1,0.823840101,BALL ,,,,,,,,,,,,,,,,,,,,,,,,,,,,,,,,,,,
,,,,,,,,,,,JA,001,2021-04-01_17h48.34.948,DelayedExp,2020.1.3,MacIntel,60,,,z,0.64832,0,126,126,90,1,0.367068674,CORAL,,,,,,,,,,,,,,,,,,,,,,,,,,,,,,,,,,,
,,,,,,,,,,,JA,001,2021-04-01_17h48.34.948,DelayedExp,2020.1.3,MacIntel,60,,,slash,0.87636,0,127,127,191,1,0.181013519,GLASSES,,,,,,,,,,,,,,,,,,,,,,,,,,,,,,,,,,,
,,,,,,,,,,,JA,001,2021-04-01_17h48.34.948,DelayedExp,2020.1.3,MacIntel,60,,,slash,0.69688,0,128,128,77,1,0.722906444,THIRST,,,,,,,,,,,,,,,,,,,,,,,,,,,,,,,,,,,
,,,,,,,,,,,JA,001,2021-04-01_17h48.34.948,DelayedExp,2020.1.3,MacIntel,60,,,z,1.017075,0,129,129,238,1,0.928411832,HAPPY,,,,,,,,,,,,,,,,,,,,,,,,,,,,,,,,,,,
,,,,,,,,,,,JA,001,2021-04-01_17h48.34.948,DelayedExp,2020.1.3,MacIntel,60,,,z,1.113375,0,130,130,141,1,0.039524914,SELLER,,,,,,,,,,,,,,,,,,,,,,,,,,,,,,,,,,,
,,,,,,,,,,,JA,001,2021-04-01_17h48.34.948,DelayedExp,2020.1.3,MacIntel,60,,,z,0.867105,0,131,131,109,1,0.646797012,QUART,,,,,,,,,,,,,,,,,,,,,,,,,,,,,,,,,,,
,,,,,,,,,,,JA,001,2021-04-01_17h48.34.948,DelayedExp,2020.1.3,MacIntel,60,,,z,0.72815,0,132,132,194,1,0.109445088,FRONT,,,,,,,,,,,,,,,,,,,,,,,,,,,,,,,,,,,
,,,,,,,,,,,JA,001,2021-04-01_17h48.34.948,DelayedExp,2020.1.3,MacIntel,60,,,z,1.60504,0,133,133,58,1,0.365289125,LOOK,,,,,,,,,,,,,,,,,,,,,,,,,,,,,,,,,,,
,,,,,,,,,,,JA,001,2021-04-01_17h48.34.948,DelayedExp,2020.1.3,MacIntel,60,,,z,0.725375,0,134,134,233,1,0.915717705,LOSE,,,,,,,,,,,,,,,,,,,,,,,,,,,,,,,,,,,
,,,,,,,,,,,JA,001,2021-04-01_17h48.34.948,DelayedExp,2020.1.3,MacIntel,60,,,z,0.697875,0,135,135,183,1,0.024613839,UNCLEAR,,,,,,,,,,,,,,,,,,,,,,,,,,,,,,,,,,,
,,,,,,,,,,,JA,001,2021-04-01_17h48.34.948,DelayedExp,2020.1.3,MacIntel,60,,,slash,0.86163,0,136,136,186,1,0.020590653,MONKEY,,,,,,,,,,,,,,,,,,,,,,,,,,,,,,,,,,,
,,,,,,,,,,,JA,001,2021-04-01_17h48.34.948,DelayedExp,2020.1.3,MacIntel,60,,,z,0.609935,0,137,137,253,1,0.604914171,TOCK,,,,,,,,,,,,,,,,,,,,,,,,,,,,,,,,,,,
,,,,,,,,,,,JA,001,2021-04-01_17h48.34.948,DelayedExp,2020.1.3,MacIntel,60,,,slash,0.609465,0,138,138,65,1,0.218240095,READ,,,,,,,,,,,,,,,,,,,,,,,,,,,,,,,,,,,
,,,,,,,,,,,JA,001,2021-04-01_17h48.34.948,DelayedExp,2020.1.3,MacIntel,60,,,slash,0.61929,0,139,139,86,1,0.228342003,BEHIND,,,,,,,,,,,,,,,,,,,,,,,,,,,,,,,,,,,
,,,,,,,,,,,JA,001,2021-04-01_17h48.34.948,DelayedExp,2020.1.3,MacIntel,60,,,z,0.613595,0,140,140,291,1,0.807266811,SLIDE,,,,,,,,,,,,,,,,,,,,,,,,,,,,,,,,,,,
,,,,,,,,,,,JA,001,2021-04-01_17h48.34.948,DelayedExp,2020.1.3,MacIntel,60,,,z,0.701005,0,141,141,281,1,0.285120036,DISAGREE,,,,,,,,,,,,,,,,,,,,,,,,,,,,,,,,,,,
,,,,,,,,,,,JA,001,2021-04-01_17h48.34.948,DelayedExp,2020.1.3,MacIntel,60,,,slash,0.959445,0,142,142,1,1,0.591883168,BELOW,,,,,,,,,,,,,,,,,,,,,,,,,,,,,,,,,,,
,,,,,,,,,,,JA,001,2021-04-01_17h48.34.948,DelayedExp,2020.1.3,MacIntel,60,,,z,0.71648,0,143,143,80,1,0.330786118,VERB,,,,,,,,,,,,,,,,,,,,,,,,,,,,,,,,,,,
,,,,,,,,,,,JA,001,2021-04-01_17h48.34.948,DelayedExp,2020.1.3,MacIntel,60,,,slash,1.166695,0,144,144,207,1,0.102261305,SLEEP,,,,,,,,,,,,,,,,,,,,,,,,,,,,,,,,,,,
,,,,,,,,,,,JA,001,2021-04-01_17h48.34.948,DelayedExp,2020.1.3,MacIntel,60,,,z,0.83327,0,145,145,267,1,0.251154165,ANNOY,,,,,,,,,,,,,,,,,,,,,,,,,,,,,,,,,,,
,,,,,,,,,,,JA,001,2021-04-01_17h48.34.948,DelayedExp,2020.1.3,MacIntel,60,,,slash,0.47576,0,146,146,272,1,0.799885569,CLOWN,,,,,,,,,,,,,,,,,,,,,,,,,,,,,,,,,,,
,,,,,,,,,,,JA,001,2021-04-01_17h48.34.948,DelayedExp,2020.1.3,MacIntel,60,,,z,0.86904,0,147,147,332,1,0.974059223,SPOTS,,,,,,,,,,,,,,,,,,,,,,,,,,,,,,,,,,,
,,,,,,,,,,,JA,001,2021-04-01_17h48.34.948,DelayedExp,2020.1.3,MacIntel,60,,,slash,1.42818,0,148,148,156,1,0.965556302,STORY,,,,,,,,,,,,,,,,,,,,,,,,,,,,,,,,,,,
,,,,,,,,,,,JA,001,2021-04-01_17h48.34.948,DelayedExp,2020.1.3,MacIntel,60,,,slash,0.35224,0,149,149,331,1,0.350721723,CLIMB,,,,,,,,,,,,,,,,,,,,,,,,,,,,,,,,,,,
,,,,,,,,,,,JA,001,2021-04-01_17h48.34.948,DelayedExp,2020.1.3,MacIntel,60,,,z,0.764865,0,150,150,287,1,0.157912468,YOUNG,,,,,,,,,,,,,,,,,,,,,,,,,,,,,,,,,,,
,,,,,,,,,,,JA,001,2021-04-01_17h48.34.948,DelayedExp,2020.1.3,MacIntel,60,,,z,0.64316,0,151,151,157,1,0.418697772,BOMB,,,,,,,,,,,,,,,,,,,,,,,,,,,,,,,,,,,
,,,,,,,,,,,JA,001,2021-04-01_17h48.34.948,DelayedExp,2020.1.3,MacIntel,60,,,slash,1.082535,0,152,152,8,1,0.734539943,STARS,,,,,,,,,,,,,,,,,,,,,,,,,,,,,,,,,,,
,,,,,,,,,,,JA,001,2021-04-01_17h48.34.948,DelayedExp,2020.1.3,MacIntel,60,,,z,0.778325,0,153,153,275,1,0.591229651,SAME,,,,,,,,,,,,,,,,,,,,,,,,,,,,,,,,,,,
,,,,,,,,,,,JA,001,2021-04-01_17h48.34.948,DelayedExp,2020.1.3,MacIntel,60,,,z,0.65802,0,154,154,231,1,0.810473097,STICKY,,,,,,,,,,,,,,,,,,,,,,,,,,,,,,,,,,,
,,,,,,,,,,,JA,001,2021-04-01_17h48.34.948,DelayedExp,2020.1.3,MacIntel,60,,,slash,0.607865,0,155,155,170,1,0.892972342,PENCIL,,,,,,,,,,,,,,,,,,,,,,,,,,,,,,,,,,,
,,,,,,,,,,,JA,001,2021-04-01_17h48.34.948,DelayedExp,2020.1.3,MacIntel,60,,,slash,0.581045,0,156,156,259,1,0.263066175,STAMP,,,,,,,,,,,,,,,,,,,,,,,,,,,,,,,,,,,
,,,,,,,,,,,JA,001,2021-04-01_17h48.34.948,DelayedExp,2020.1.3,MacIntel,60,,,z,0.74774,0,157,157,261,1,0.987188782,STRIPE,,,,,,,,,,,,,,,,,,,,,,,,,,,,,,,,,,,
,,,,,,,,,,,JA,001,2021-04-01_17h48.34.948,DelayedExp,2020.1.3,MacIntel,60,,,slash,1.86483,0,158,158,43,1,0.86028452,BALLET,,,,,,,,,,,,,,,,,,,,,,,,,,,,,,,,,,,
,,,,,,,,,,,JA,001,2021-04-01_17h48.34.948,DelayedExp,2020.1.3,MacIntel,60,,,slash,0.15917,0,159,159,46,1,0.627034201,BRANCH,,,,,,,,,,,,,,,,,,,,,,,,,,,,,,,,,,,
,,,,,,,,,,,JA,001,2021-04-01_17h48.34.948,DelayedExp,2020.1.3,MacIntel,60,,,z,1.385075,0,160,160,20,1,0.806909613,KISS,,,,,,,,,,,,,,,,,,,,,,,,,,,,,,,,,,,
,,,,,,,,,,,JA,001,2021-04-01_17h48.34.948,DelayedExp,2020.1.3,MacIntel,60,,,slash,0.797495,0,161,161,55,1,0.847502284,KIDNAP,,,,,,,,,,,,,,,,,,,,,,,,,,,,,,,,,,,
,,,,,,,,,,,JA,001,2021-04-01_17h48.34.948,DelayedExp,2020.1.3,MacIntel,60,,,z,0.81237,0,162,162,117,1,0.662095356,TEETH,,,,,,,,,,,,,,,,,,,,,,,,,,,,,,,,,,,
,,,,,,,,,,,JA,001,2021-04-01_17h48.34.948,DelayedExp,2020.1.3,MacIntel,60,,,z,1.095175,0,163,163,84,1,0.79498797,ANIMAL,,,,,,,,,,,,,,,,,,,,,,,,,,,,,,,,,,,
,,,,,,,,,,,JA,001,2021-04-01_17h48.34.948,DelayedExp,2020.1.3,MacIntel,60,,,z,0.98113,0,164,164,17,1,0.750146408,TRASH,,,,,,,,,,,,,,,,,,,,,,,,,,,,,,,,,,,
,,,,,,,,,,,JA,001,2021-04-01_17h48.34.948,DelayedExp,2020.1.3,MacIntel,60,,,z,0.81256,0,165,165,92,1,0.347317824,EARLY,,,,,,,,,,,,,,,,,,,,,,,,,,,,,,,,,,,
,,,,,,,,,,,JA,001,2021-04-01_17h48.34.948,DelayedExp,2020.1.3,MacIntel,60,,,z,0.69623,0,166,166,206,1,0.180692856,MAD,,,,,,,,,,,,,,,,,,,,,,,,,,,,,,,,,,,
,,,,,,,,,,,JA,001,2021-04-01_17h48.34.948,DelayedExp,2020.1.3,MacIntel,60,,,z,0.812225,0,167,167,302,1,0.807288891,HEAD,,,,,,,,,,,,,,,,,,,,,,,,,,,,,,,,,,,
,,,,,,,,,,,JA,001,2021-04-01_17h48.34.948,DelayedExp,2020.1.3,MacIntel,60,,,slash,0.72702,0,168,168,190,1,0.686155583,LARGE,,,,,,,,,,,,,,,,,,,,,,,,,,,,,,,,,,,
,,,,,,,,,,,JA,001,2021-04-01_17h48.34.948,DelayedExp,2020.1.3,MacIntel,60,,,slash,1.608835,0,169,169,271,1,0.488682014,EXCUSE,,,,,,,,,,,,,,,,,,,,,,,,,,,,,,,,,,,
,,,,,,,,,,,JA,001,2021-04-01_17h48.34.948,DelayedExp,2020.1.3,MacIntel,60,,,z,0.59331,0,170,170,195,1,0.873915539,SOFT,,,,,,,,,,,,,,,,,,,,,,,,,,,,,,,,,,,
,,,,,,,,,,,JA,001,2021-04-01_17h48.34.948,DelayedExp,2020.1.3,MacIntel,60,,,slash,0.72347,0,171,171,12,1,0.88571937,FROG,,,,,,,,,,,,,,,,,,,,,,,,,,,,,,,,,,,
,,,,,,,,,,,JA,001,2021-04-01_17h48.34.948,DelayedExp,2020.1.3,MacIntel,60,,,z,0.67694,0,172,172,89,1,0.225802842,CLOSE,,,,,,,,,,,,,,,,,,,,,,,,,,,,,,,,,,,
,,,,,,,,,,,JA,001,2021-04-01_17h48.34.948,DelayedExp,2020.1.3,MacIntel,60,,,slash,0.53643,0,173,173,106,1,0.013266111,PEPPER,,,,,,,,,,,,,,,,,,,,,,,,,,,,,,,,,,,
,,,,,,,,,,,JA,001,2021-04-01_17h48.34.948,DelayedExp,2020.1.3,MacIntel,60,,,z,0.76766,0,174,174,284,1,0.111720609,THANKS,,,,,,,,,,,,,,,,,,,,,,,,,,,,,,,,,,,
,,,,,,,,,,,JA,001,2021-04-01_17h48.34.948,DelayedExp,2020.1.3,MacIntel,60,,,slash,1.538295,0,175,175,83,1,0.628335846,WINTER,,,,,,,,,,,,,,,,,,,,,,,,,,,,,,,,,,,
,,,,,,,,,,,JA,001,2021-04-01_17h48.34.948,DelayedExp,2020.1.3,MacIntel,60,,,slash,0.516475,0,176,176,87,1,0.347621821,CANCER,,,,,,,,,,,,,,,,,,,,,,,,,,,,,,,,,,,
,,,,,,,,,,,JA,001,2021-04-01_17h48.34.948,DelayedExp,2020.1.3,MacIntel,60,,,z,0.7742,0,177,177,168,1,0.349003517,SILK,,,,,,,,,,,,,,,,,,,,,,,,,,,,,,,,,,,
,,,,,,,,,,,JA,001,2021-04-01_17h48.34.948,DelayedExp,2020.1.3,MacIntel,60,,,z,0.731375,0,178,178,44,1,0.959776627,CLUE,,,,,,,,,,,,,,,,,,,,,,,,,,,,,,,,,,,
,,,,,,,,,,,JA,001,2021-04-01_17h48.34.948,DelayedExp,2020.1.3,MacIntel,60,,,slash,0.931125,0,179,179,292,1,0.259596472,SHERIFF,,,,,,,,,,,,,,,,,,,,,,,,,,,,,,,,,,,
,,,,,,,,,,,JA,001,2021-04-01_17h48.34.948,DelayedExp,2020.1.3,MacIntel,60,,,z,0.77796,0,180,180,314,1,0.429097089,GRAND,,,,,,,,,,,,,,,,,,,,,,,,,,,,,,,,,,,
,,,,,,,,,,,JA,001,2021-04-01_17h48.34.948,DelayedExp,2020.1.3,MacIntel,60,,,slash,2.074085,0,181,181,270,1,0.820147356,BUSH,,,,,,,,,,,,,,,,,,,,,,,,,,,,,,,,,,,
,,,,,,,,,,,JA,001,2021-04-01_17h48.34.948,DelayedExp,2020.1.3,MacIntel,60,,,slash,2.810435,0,182,182,150,1,0.990811347,BIRD,,,,,,,,,,,,,,,,,,,,,,,,,,,,,,,,,,,
,,,,,,,,,,,JA,001,2021-04-01_17h48.34.948,DelayedExp,2020.1.3,MacIntel,60,,,slash,0.811405,0,183,183,274,1,0.176981717,SHALLOW,,,,,,,,,,,,,,,,,,,,,,,,,,,,,,,,,,,
,,,,,,,,,,,JA,001,2021-04-01_17h48.34.948,DelayedExp,2020.1.3,MacIntel,60,,,z,0.82331,0,184,184,131,1,0.977757327,GLORY,,,,,,,,,,,,,,,,,,,,,,,,,,,,,,,,,,,
,,,,,,,,,,,JA,001,2021-04-01_17h48.34.948,DelayedExp,2020.1.3,MacIntel,60,,,slash,0.95313,0,185,185,333,1,0.442716238,PROPER,,,,,,,,,,,,,,,,,,,,,,,,,,,,,,,,,,,
,,,,,,,,,,,JA,001,2021-04-01_17h48.34.948,DelayedExp,2020.1.3,MacIntel,60,,,z,0.764995,0,186,186,280,1,0.045251049,EXACT,,,,,,,,,,,,,,,,,,,,,,,,,,,,,,,,,,,
,,,,,,,,,,,JA,001,2021-04-01_17h48.34.948,DelayedExp,2020.1.3,MacIntel,60,,,z,0.67771,0,187,187,201,1,0.642131457,JEANS,,,,,,,,,,,,,,,,,,,,,,,,,,,,,,,,,,,
,,,,,,,,,,,JA,001,2021-04-01_17h48.34.948,DelayedExp,2020.1.3,MacIntel,60,,,z,0.764995,0,188,188,250,1,0.374148471,SING,,,,,,,,,,,,,,,,,,,,,,,,,,,,,,,,,,,
,,,,,,,,,,,JA,001,2021-04-01_17h48.34.948,DelayedExp,2020.1.3,MacIntel,60,,,slash,0.76499,0,189,189,78,1,0.083350371,THREAD,,,,,,,,,,,,,,,,,,,,,,,,,,,,,,,,,,,
,,,,,,,,,,,JA,001,2021-04-01_17h48.34.948,DelayedExp,2020.1.3,MacIntel,60,,,z,0.74569,0,190,190,204,1,0.474320781,CASTLE,,,,,,,,,,,,,,,,,,,,,,,,,,,,,,,,,,,
,,,,,,,,,,,JA,001,2021-04-01_17h48.34.948,DelayedExp,2020.1.3,MacIntel,60,,,z,0.74587,0,191,191,316,1,0.468087973,EXPLODE,,,,,,,,,,,,,,,,,,,,,,,,,,,,,,,,,,,
,,,,,,,,,,,JA,001,2021-04-01_17h48.34.948,DelayedExp,2020.1.3,MacIntel,60,,,z,0.77253,0,192,192,68,1,0.125988035,TOUR,,,,,,,,,,,,,,,,,,,,,,,,,,,,,,,,,,,
,,,,,,,,,,,JA,001,2021-04-01_17h48.34.948,DelayedExp,2020.1.3,MacIntel,60,,,z,0.76398,0,193,193,241,1,0.580617365,CHOOSE,,,,,,,,,,,,,,,,,,,,,,,,,,,,,,,,,,,
,,,,,,,,,,,JA,001,2021-04-01_17h48.34.948,DelayedExp,2020.1.3,MacIntel,60,,,z,0.790095,0,194,194,246,1,0.621310232,NONE,,,,,,,,,,,,,,,,,,,,,,,,,,,,,,,,,,,
,,,,,,,,,,,JA,001,2021-04-01_17h48.34.948,DelayedExp,2020.1.3,MacIntel,60,,,z,0.811175,0,195,195,260,1,0.260552149,RENT,,,,,,,,,,,,,,,,,,,,,,,,,,,,,,,,,,,
,,,,,,,,,,,JA,001,2021-04-01_17h48.34.948,DelayedExp,2020.1.3,MacIntel,60,,,slash,0.930745,0,196,196,104,1,0.361827926,MUSCLE,,,,,,,,,,,,,,,,,,,,,,,,,,,,,,,,,,,
,,,,,,,,,,,JA,001,2021-04-01_17h48.34.948,DelayedExp,2020.1.3,MacIntel,60,,,z,0.840185,0,197,197,139,1,0.240033273,SONG,,,,,,,,,,,,,,,,,,,,,,,,,,,,,,,,,,,
,,,,,,,,,,,JA,001,2021-04-01_17h48.34.948,DelayedExp,2020.1.3,MacIntel,60,,,z,0.803335,0,198,198,234,1,0.910379519,BELL,,,,,,,,,,,,,,,,,,,,,,,,,,,,,,,,,,,
,,,,,,,,,,,JA,001,2021-04-01_17h48.34.948,DelayedExp,2020.1.3,MacIntel,60,,,z,0.82293,0,199,199,228,1,0.461945718,BOARD,,,,,,,,,,,,,,,,,,,,,,,,,,,,,,,,,,,
,,,,,,,,,,,JA,001,2021-04-01_17h48.34.948,DelayedExp,2020.1.3,MacIntel,60,,,z,1.2157,0,200,200,196,1,0.439241736,BOSS,,,,,,,,,,,,,,,,,,,,,,,,,,,,,,,,,,,
,,,,,,,,,,,JA,001,2021-04-01_17h48.34.948,DelayedExp,2020.1.3,MacIntel,60,,,z,0.76649,0,201,201,220,1,0.585266459,TALK,,,,,,,,,,,,,,,,,,,,,,,,,,,,,,,,,,,
,,,,,,,,,,,JA,001,2021-04-01_17h48.34.948,DelayedExp,2020.1.3,MacIntel,60,,,slash,0.78148,0,202,202,159,1,0.74197637,FISH,,,,,,,,,,,,,,,,,,,,,,,,,,,,,,,,,,,
,,,,,,,,,,,JA,001,2021-04-01_17h48.34.948,DelayedExp,2020.1.3,MacIntel,60,,,z,0.81197,0,203,203,295,1,0.329057886,GUILT,,,,,,,,,,,,,,,,,,,,,,,,,,,,,,,,,,,
,,,,,,,,,,,JA,001,2021-04-01_17h48.34.948,DelayedExp,2020.1.3,MacIntel,60,,,slash,1.225745,0,204,204,304,1,0.830035289,SUBJECT,,,,,,,,,,,,,,,,,,,,,,,,,,,,,,,,,,,
,,,,,,,,,,,JA,001,2021-04-01_17h48.34.948,DelayedExp,2020.1.3,MacIntel,60,,,z,0.798135,0,205,205,132,1,0.356074536,FRIGHT,,,,,,,,,,,,,,,,,,,,,,,,,,,,,,,,,,,
,,,,,,,,,,,JA,001,2021-04-01_17h48.34.948,DelayedExp,2020.1.3,MacIntel,60,,,slash,0.79399,0,206,206,128,1,0.264208821,DAGGER,,,,,,,,,,,,,,,,,,,,,,,,,,,,,,,,,,,
,,,,,,,,,,,JA,001,2021-04-01_17h48.34.948,DelayedExp,2020.1.3,MacIntel,60,,,slash,0.082225,0,207,207,34,1,0.191245414,SOUTH,,,,,,,,,,,,,,,,,,,,,,,,,,,,,,,,,,,
,,,,,,,,,,,JA,001,2021-04-01_17h48.34.948,DelayedExp,2020.1.3,MacIntel,60,,,slash,2.698085,0,208,208,254,1,0.013339401,SILVER,,,,,,,,,,,,,,,,,,,,,,,,,,,,,,,,,,,
,,,,,,,,,,,JA,001,2021-04-01_17h48.34.948,DelayedExp,2020.1.3,MacIntel,60,,,z,0.74443,0,209,209,125,1,0.438481598,YOURS,,,,,,,,,,,,,,,,,,,,,,,,,,,,,,,,,,,
,,,,,,,,,,,JA,001,2021-04-01_17h48.34.948,DelayedExp,2020.1.3,MacIntel,60,,,slash,0.71336,0,210,210,9,1,0.319978901,DUSK,,,,,,,,,,,,,,,,,,,,,,,,,,,,,,,,,,,
,,,,,,,,,,,JA,001,2021-04-01_17h48.34.948,DelayedExp,2020.1.3,MacIntel,60,,,slash,1.272915,0,211,211,119,1,0.68933552,THROW,,,,,,,,,,,,,,,,,,,,,,,,,,,,,,,,,,,
,,,,,,,,,,,JA,001,2021-04-01_17h48.34.948,DelayedExp,2020.1.3,MacIntel,60,,,z,0.7982,0,212,212,205,1,0.50083135,CAKE,,,,,,,,,,,,,,,,,,,,,,,,,,,,,,,,,,,
,,,,,,,,,,,JA,001,2021-04-01_17h48.34.948,DelayedExp,2020.1.3,MacIntel,60,,,slash,0.79538,0,213,213,19,1,0.073746614,KILL,,,,,,,,,,,,,,,,,,,,,,,,,,,,,,,,,,,
,,,,,,,,,,,JA,001,2021-04-01_17h48.34.948,DelayedExp,2020.1.3,MacIntel,60,,,z,1.206515,0,214,214,230,1,0.204536132,HAIR,,,,,,,,,,,,,,,,,,,,,,,,,,,,,,,,,,,
,,,,,,,,,,,JA,001,2021-04-01_17h48.34.948,DelayedExp,2020.1.3,MacIntel,60,,,slash,0.65898,0,215,215,15,1,0.767362569,HOOP,,,,,,,,,,,,,,,,,,,,,,,,,,,,,,,,,,,
,,,,,,,,,,,JA,001,2021-04-01_17h48.34.948,DelayedExp,2020.1.3,MacIntel,60,,,z,0.930395,0,216,216,209,1,0.590464133,CARRY,,,,,,,,,,,,,,,,,,,,,,,,,,,,,,,,,,,
,,,,,,,,,,,JA,001,2021-04-01_17h48.34.948,DelayedExp,2020.1.3,MacIntel,60,,,slash,1.445675,0,217,217,126,1,0.121983524,CHANGE,,,,,,,,,,,,,,,,,,,,,,,,,,,,,,,,,,,
,,,,,,,,,,,JA,001,2021-04-01_17h48.34.948,DelayedExp,2020.1.3,MacIntel,60,,,slash,0.72042,0,218,218,79,1,0.946647028,TOES,,,,,,,,,,,,,,,,,,,,,,,,,,,,,,,,,,,
,,,,,,,,,,,JA,001,2021-04-01_17h48.34.948,DelayedExp,2020.1.3,MacIntel,60,,,z,0.7927,0,219,219,136,1,0.465404883,LENGTH,,,,,,,,,,,,,,,,,,,,,,,,,,,,,,,,,,,
,,,,,,,,,,,JA,001,2021-04-01_17h48.34.948,DelayedExp,2020.1.3,MacIntel,60,,,slash,1.42246,0,220,220,152,1,0.65748794,CRACKER,,,,,,,,,,,,,,,,,,,,,,,,,,,,,,,,,,,
,,,,,,,,,,,JA,001,2021-04-01_17h48.34.948,DelayedExp,2020.1.3,MacIntel,60,,,z,0.76271,0,221,221,277,1,0.952296572,MARRY,,,,,,,,,,,,,,,,,,,,,,,,,,,,,,,,,,,
,,,,,,,,,,,JA,001,2021-04-01_17h48.34.948,DelayedExp,2020.1.3,MacIntel,60,,,z,0.74315,0,222,222,262,1,0.768450809,POTATO,,,,,,,,,,,,,,,,,,,,,,,,,,,,,,,,,,,
,,,,,,,,,,,JA,001,2021-04-01_17h48.34.948,DelayedExp,2020.1.3,MacIntel,60,,,z,0.727955,0,223,223,294,1,0.470676838,NIGHTS,,,,,,,,,,,,,,,,,,,,,,,,,,,,,,,,,,,
,,,,,,,,,,,JA,001,2021-04-01_17h48.34.948,DelayedExp,2020.1.3,MacIntel,60,,,z,0.763545,0,224,224,266,1,0.280803551,REAL,,,,,,,,,,,,,,,,,,,,,,,,,,,,,,,,,,,
,,,,,,,,,,,JA,001,2021-04-01_17h48.34.948,DelayedExp,2020.1.3,MacIntel,60,,,z,0.74427,0,225,225,69,1,0.895309833,SLOW,,,,,,,,,,,,,,,,,,,,,,,,,,,,,,,,,,,
,,,,,,,,,,,JA,001,2021-04-01_17h48.34.948,DelayedExp,2020.1.3,MacIntel,60,,,z,0.82572,0,226,226,237,1,0.566160346,MAGIC,,,,,,,,,,,,,,,,,,,,,,,,,,,,,,,,,,,
,,,,,,,,,,,JA,001,2021-04-01_17h48.34.948,DelayedExp,2020.1.3,MacIntel,60,,,slash,0.61573,0,227,227,23,1,0.75381934,ROAD,,,,,,,,,,,,,,,,,,,,,,,,,,,,,,,,,,,
,,,,,,,,,,,JA,001,2021-04-01_17h48.34.948,DelayedExp,2020.1.3,MacIntel,60,,,z,0.693715,0,228,228,118,1,0.736402598,THERE,,,,,,,,,,,,,,,,,,,,,,,,,,,,,,,,,,,
,,,,,,,,,,,JA,001,2021-04-01_17h48.34.948,DelayedExp,2020.1.3,MacIntel,60,,,z,1.16853,0,229,229,197,1,0.207302344,EFFECT,,,,,,,,,,,,,,,,,,,,,,,,,,,,,,,,,,,
,,,,,,,,,,,JA,001,2021-04-01_17h48.34.948,DelayedExp,2020.1.3,MacIntel,60,,,slash,1.667695,0,230,230,13,1,0.385660487,GEEK,,,,,,,,,,,,,,,,,,,,,,,,,,,,,,,,,,,
,,,,,,,,,,,JA,001,2021-04-01_17h48.34.948,DelayedExp,2020.1.3,MacIntel,60,,,z,1.39634,0,231,231,297,1,0.329692231,STRESS,,,,,,,,,,,,,,,,,,,,,,,,,,,,,,,,,,,
,,,,,,,,,,,JA,001,2021-04-01_17h48.34.948,DelayedExp,2020.1.3,MacIntel,60,,,z,0.89742,0,232,232,290,1,0.36148772,QUIET,,,,,,,,,,,,,,,,,,,,,,,,,,,,,,,,,,,
,,,,,,,,,,,JA,001,2021-04-01_17h48.34.948,DelayedExp,2020.1.3,MacIntel,60,,,z,0.95945,0,233,233,273,1,0.869923532,PURPOSE,,,,,,,,,,,,,,,,,,,,,,,,,,,,,,,,,,,
,,,,,,,,,,,JA,001,2021-04-01_17h48.34.948,DelayedExp,2020.1.3,MacIntel,60,,,z,0.67569,0,234,234,169,1,0.227518623,SPICE,,,,,,,,,,,,,,,,,,,,,,,,,,,,,,,,,,,
,,,,,,,,,,,JA,001,2021-04-01_17h48.34.948,DelayedExp,2020.1.3,MacIntel,60,,,slash,0.64678,0,235,235,312,1,0.180128071,UNDER,,,,,,,,,,,,,,,,,,,,,,,,,,,,,,,,,,,
,,,,,,,,,,,JA,001,2021-04-01_17h48.34.948,DelayedExp,2020.1.3,MacIntel,60,,,z,0.91032,0,236,236,269,1,0.238019572,PIECE,,,,,,,,,,,,,,,,,,,,,,,,,,,,,,,,,,,
,,,,,,,,,,,JA,001,2021-04-01_17h48.34.948,DelayedExp,2020.1.3,MacIntel,60,,,slash,0.694745,0,237,237,121,1,0.831197722,UNCLE,,,,,,,,,,,,,,,,,,,,,,,,,,,,,,,,,,,
,,,,,,,,,,,JA,001,2021-04-01_17h48.34.948,DelayedExp,2020.1.3,MacIntel,60,,,z,0.614355,0,238,238,211,1,0.83196302,JACKET,,,,,,,,,,,,,,,,,,,,,,,,,,,,,,,,,,,
,,,,,,,,,,,JA,001,2021-04-01_17h48.34.948,DelayedExp,2020.1.3,MacIntel,60,,,z,0.65722,0,239,239,10,1,0.531477438,SORRY,,,,,,,,,,,,,,,,,,,,,,,,,,,,,,,,,,,
,,,,,,,,,,,JA,001,2021-04-01_17h48.34.948,DelayedExp,2020.1.3,MacIntel,60,,,z,0.994255,0,240,240,161,1,0.627204247,WORK,,,,,,,,,,,,,,,,,,,,,,,,,,,,,,,,,,,
,,,,,,,,,,,JA,001,2021-04-01_17h48.34.948,DelayedExp,2020.1.3,MacIntel,60,,,z,1.451605,0,241,241,181,1,0.652963107,BANK,,,,,,,,,,,,,,,,,,,,,,,,,,,,,,,,,,,
,,,,,,,,,,,JA,001,2021-04-01_17h48.34.948,DelayedExp,2020.1.3,MacIntel,60,,,z,0.61125,0,242,242,210,1,0.329003806,COLLECT,,,,,,,,,,,,,,,,,,,,,,,,,,,,,,,,,,,
,,,,,,,,,,,JA,001,2021-04-01_17h48.34.948,DelayedExp,2020.1.3,MacIntel,60,,,z,0.89576,0,243,243,315,1,0.645549085,SHEEP,,,,,,,,,,,,,,,,,,,,,,,,,,,,,,,,,,,
,,,,,,,,,,,JA,001,2021-04-01_17h48.34.948,DelayedExp,2020.1.3,MacIntel,60,,,slash,0.864935,0,244,244,127,1,0.84080731,CHEESE,,,,,,,,,,,,,,,,,,,,,,,,,,,,,,,,,,,
,,,,,,,,,,,JA,001,2021-04-01_17h48.34.948,DelayedExp,2020.1.3,MacIntel,60,,,slash,0.72828,0,245,245,122,1,0.850519608,WHERE,,,,,,,,,,,,,,,,,,,,,,,,,,,,,,,,,,,
,,,,,,,,,,,JA,001,2021-04-01_17h48.34.948,DelayedExp,2020.1.3,MacIntel,60,,,z,1.38446,0,246,246,309,1,0.479222319,MOVE,,,,,,,,,,,,,,,,,,,,,,,,,,,,,,,,,,,
,,,,,,,,,,,JA,001,2021-04-01_17h48.34.948,DelayedExp,2020.1.3,MacIntel,60,,,,,0,247,247,72,1,0.229864241,SQUARE,,,,,,,,,,,,,,,,,,,,,,,,,,,,,,,,,,,
,,,,,,,,,,,JA,001,2021-04-01_17h48.34.948,DelayedExp,2020.1.3,MacIntel,60,,,,,0,248,248,245,1,0.659684924,SHIP,,,,,,,,,,,,,,,,,,,,,,,,,,,,,,,,,,,
,,,,,,,,,,,JA,001,2021-04-01_17h48.34.948,DelayedExp,2020.1.3,MacIntel,60,,,slash,1.5986,0,249,249,222,1,0.174208109,CLEAR,,,,,,,,,,,,,,,,,,,,,,,,,,,,,,,,,,,
,,,,,,,,,,,JA,001,2021-04-01_17h48.34.948,DelayedExp,2020.1.3,MacIntel,60,,,z,0.823325,0,250,250,248,1,0.526050867,PROBLEM,,,,,,,,,,,,,,,,,,,,,,,,,,,,,,,,,,,
,,,,,,,,,,,JA,001,2021-04-01_17h48.34.948,DelayedExp,2020.1.3,MacIntel,60,,,z,1.21652,0,251,251,108,1,0.062306235,PLANT,,,,,,,,,,,,,,,,,,,,,,,,,,,,,,,,,,,
,,,,,,,,,,,JA,001,2021-04-01_17h48.34.948,DelayedExp,2020.1.3,MacIntel,60,,,slash,0.74996,0,252,252,114,1,0.545482083,SHOVE,,,,,,,,,,,,,,,,,,,,,,,,,,,,,,,,,,,
,,,,,,,,,,,JA,001,2021-04-01_17h48.34.948,DelayedExp,2020.1.3,MacIntel,60,,,z,2.367875,0,253,253,107,1,0.70251761,PHONE,,,,,,,,,,,,,,,,,,,,,,,,,,,,,,,,,,,
,,,,,,,,,,,JA,001,2021-04-01_17h48.34.948,DelayedExp,2020.1.3,MacIntel,60,,,z,0.6319,0,254,254,97,1,0.408270707,GIRLS,,,,,,,,,,,,,,,,,,,,,,,,,,,,,,,,,,,
,,,,,,,,,,,JA,001,2021-04-01_17h48.34.948,DelayedExp,2020.1.3,MacIntel,60,,,z,1.15447,0,255,255,303,1,0.123847496,RULE,,,,,,,,,,,,,,,,,,,,,,,,,,,,,,,,,,,
,,,,,,,,,,,JA,001,2021-04-01_17h48.34.948,DelayedExp,2020.1.3,MacIntel,60,,,slash,1.020015,0,256,256,162,1,0.263908753,CLAM,,,,,,,,,,,,,,,,,,,,,,,,,,,,,,,,,,,
,,,,,,,,,,,JA,001,2021-04-01_17h48.34.948,DelayedExp,2020.1.3,MacIntel,60,,,z,0.834915,0,257,257,305,1,0.229839417,WOOD,,,,,,,,,,,,,,,,,,,,,,,,,,,,,,,,,,,
,,,,,,,,,,,JA,001,2021-04-01_17h48.34.948,DelayedExp,2020.1.3,MacIntel,60,,,z,1.883885,0,258,258,198,1,0.339677471,TIRED,,,,,,,,,,,,,,,,,,,,,,,,,,,,,,,,,,,
,,,,,,,,,,,JA,001,2021-04-01_17h48.34.948,DelayedExp,2020.1.3,MacIntel,60,,,z,0.96903,0,259,259,243,1,0.741808225,WARM,,,,,,,,,,,,,,,,,,,,,,,,,,,,,,,,,,,
,,,,,,,,,,,JA,001,2021-04-01_17h48.34.948,DelayedExp,2020.1.3,MacIntel,60,,,slash,1.155205,0,260,260,163,1,0.484391305,PICKLE,,,,,,,,,,,,,,,,,,,,,,,,,,,,,,,,,,,
,,,,,,,,,,,JA,001,2021-04-01_17h48.34.948,DelayedExp,2020.1.3,MacIntel,60,,,z,1.194845,0,261,261,32,1,0.067157859,SMOKE,,,,,,,,,,,,,,,,,,,,,,,,,,,,,,,,,,,
,,,,,,,,,,,JA,001,2021-04-01_17h48.34.948,DelayedExp,2020.1.3,MacIntel,60,,,z,0.68225,0,262,262,257,1,0.166037545,SPIT,,,,,,,,,,,,,,,,,,,,,,,,,,,,,,,,,,,
,,,,,,,,,,,JA,001,2021-04-01_17h48.34.948,DelayedExp,2020.1.3,MacIntel,60,,,z,0.82191,0,263,263,158,1,0.206321793,EGGS,,,,,,,,,,,,,,,,,,,,,,,,,,,,,,,,,,,
,,,,,,,,,,,JA,001,2021-04-01_17h48.34.948,DelayedExp,2020.1.3,MacIntel,60,,,slash,0.9491,0,264,264,73,1,0.213554661,STATES,,,,,,,,,,,,,,,,,,,,,,,,,,,,,,,,,,,
,,,,,,,,,,,JA,001,2021-04-01_17h48.34.948,DelayedExp,2020.1.3,MacIntel,60,,,z,0.666785,0,265,265,56,1,0.752687522,LESS,,,,,,,,,,,,,,,,,,,,,,,,,,,,,,,,,,,
,,,,,,,,,,,JA,001,2021-04-01_17h48.34.948,DelayedExp,2020.1.3,MacIntel,60,,,slash,1.016525,0,266,266,101,1,0.521607152,LEMON,,,,,,,,,,,,,,,,,,,,,,,,,,,,,,,,,,,
,,,,,,,,,,,JA,001,2021-04-01_17h48.34.948,DelayedExp,2020.1.3,MacIntel,60,,,slash,0.85153,0,267,267,232,1,0.742775951,TAKE,,,,,,,,,,,,,,,,,,,,,,,,,,,,,,,,,,,
,,,,,,,,,,,JA,001,2021-04-01_17h48.34.948,DelayedExp,2020.1.3,MacIntel,60,,,z,0.967295,0,268,268,153,1,0.963519542,BEACH,,,,,,,,,,,,,,,,,,,,,,,,,,,,,,,,,,,
,,,,,,,,,,,JA,001,2021-04-01_17h48.34.948,DelayedExp,2020.1.3,MacIntel,60,,,z,0.88354,0,269,269,320,1,0.741824668,TOUCH,,,,,,,,,,,,,,,,,,,,,,,,,,,,,,,,,,,
,,,,,,,,,,,JA,001,2021-04-01_17h48.34.948,DelayedExp,2020.1.3,MacIntel,60,,,z,0.581995,0,270,270,328,1,0.478092108,KNIT,,,,,,,,,,,,,,,,,,,,,,,,,,,,,,,,,,,
,,,,,,,,,,,JA,001,2021-04-01_17h48.34.948,DelayedExp,2020.1.3,MacIntel,60,,,slash,0.681425,0,271,271,144,1,0.591531802,STAIRS,,,,,,,,,,,,,,,,,,,,,,,,,,,,,,,,,,,
,,,,,,,,,,,JA,001,2021-04-01_17h48.34.948,DelayedExp,2020.1.3,MacIntel,60,,,z,0.73324,0,272,272,180,1,0.596776993,MINIMUM,,,,,,,,,,,,,,,,,,,,,,,,,,,,,,,,,,,
,,,,,,,,,,,JA,001,2021-04-01_17h48.34.948,DelayedExp,2020.1.3,MacIntel,60,,,slash,0.86765,0,273,273,24,1,0.535356266,LEARN,,,,,,,,,,,,,,,,,,,,,,,,,,,,,,,,,,,
,,,,,,,,,,,JA,001,2021-04-01_17h48.34.948,DelayedExp,2020.1.3,MacIntel,60,,,slash,0.818635,0,274,274,16,1,0.237213652,HOTEL,,,,,,,,,,,,,,,,,,,,,,,,,,,,,,,,,,,
,,,,,,,,,,,JA,001,2021-04-01_17h48.34.948,DelayedExp,2020.1.3,MacIntel,60,,,slash,0.817515,0,275,275,115,1,0.098200855,SPOON,,,,,,,,,,,,,,,,,,,,,,,,,,,,,,,,,,,
,,,,,,,,,,,JA,001,2021-04-01_17h48.34.948,DelayedExp,2020.1.3,MacIntel,60,,,slash,0.73302,0,276,276,53,1,0.035225253,HUNGER,,,,,,,,,,,,,,,,,,,,,,,,,,,,,,,,,,,
,,,,,,,,,,,JA,001,2021-04-01_17h48.34.948,DelayedExp,2020.1.3,MacIntel,60,,,z,0.76424,0,277,277,49,1,0.205818425,CANDLE,,,,,,,,,,,,,,,,,,,,,,,,,,,,,,,,,,,
,,,,,,,,,,,JA,001,2021-04-01_17h48.34.948,DelayedExp,2020.1.3,MacIntel,60,,,z,1.04723,0,278,278,323,1,0.752914843,GRAVE,,,,,,,,,,,,,,,,,,,,,,,,,,,,,,,,,,,
,,,,,,,,,,,JA,001,2021-04-01_17h48.34.948,DelayedExp,2020.1.3,MacIntel,60,,,slash,1.316415,0,279,279,71,1,0.31286938,SPIDER,,,,,,,,,,,,,,,,,,,,,,,,,,,,,,,,,,,
,,,,,,,,,,,JA,001,2021-04-01_17h48.34.948,DelayedExp,2020.1.3,MacIntel,60,,,z,1.06691,0,280,280,48,1,0.472189689,BUTTER,,,,,,,,,,,,,,,,,,,,,,,,,,,,,,,,,,,
,,,,,,,,,,,JA,001,2021-04-01_17h48.34.948,DelayedExp,2020.1.3,MacIntel,60,,,z,0.88417,0,281,281,116,1,0.438487149,MEAN,,,,,,,,,,,,,,,,,,,,,,,,,,,,,,,,,,,
,,,,,,,,,,,JA,001,2021-04-01_17h48.34.948,DelayedExp,2020.1.3,MacIntel,60,,,z,0.965675,0,282,282,263,1,0.53790981,THIN,,,,,,,,,,,,,,,,,,,,,,,,,,,,,,,,,,,
,,,,,,,,,,,JA,001,2021-04-01_17h48.34.948,DelayedExp,2020.1.3,MacIntel,60,,,z,0.81577,0,283,283,193,1,0.804995998,ALLOW,,,,,,,,,,,,,,,,,,,,,,,,,,,,,,,,,,,
,,,,,,,,,,,JA,001,2021-04-01_17h48.34.948,DelayedExp,2020.1.3,MacIntel,60,,,z,1.08071,0,284,284,219,1,0.384924291,MUSIC ,,,,,,,,,,,,,,,,,,,,,,,,,,,,,,,,,,,
,,,,,,,,,,,JA,001,2021-04-01_17h48.34.948,DelayedExp,2020.1.3,MacIntel,60,,,slash,0.816955,0,285,285,155,1,0.095154608,CHAIR,,,,,,,,,,,,,,,,,,,,,,,,,,,,,,,,,,,
,,,,,,,,,,,JA,001,2021-04-01_17h48.34.948,DelayedExp,2020.1.3,MacIntel,60,,,z,0.71997,0,286,286,202,1,0.830510236,FIRE,,,,,,,,,,,,,,,,,,,,,,,,,,,,,,,,,,,
,,,,,,,,,,,JA,001,2021-04-01_17h48.34.948,DelayedExp,2020.1.3,MacIntel,60,,,slash,1.26601,0,287,287,149,1,0.72994759,WEST,,,,,,,,,,,,,,,,,,,,,,,,,,,,,,,,,,,
,,,,,,,,,,,JA,001,2021-04-01_17h48.34.948,DelayedExp,2020.1.3,MacIntel,60,,,z,1.198505,0,288,288,221,1,0.684596534,FOOD,,,,,,,,,,,,,,,,,,,,,,,,,,,,,,,,,,,
,,,,,,,,,,,JA,001,2021-04-01_17h48.34.948,DelayedExp,2020.1.3,MacIntel,60,,,z,0.985195,0,289,289,45,1,0.372193724,BORROW,,,,,,,,,,,,,,,,,,,,,,,,,,,,,,,,,,,
,,,,,,,,,,,JA,001,2021-04-01_17h48.34.948,DelayedExp,2020.1.3,MacIntel,60,,,z,0.95585,0,290,290,47,1,0.431134502,BUCKET,,,,,,,,,,,,,,,,,,,,,,,,,,,,,,,,,,,
,,,,,,,,,,,JA,001,2021-04-01_17h48.34.948,DelayedExp,2020.1.3,MacIntel,60,,,z,0.90425,0,291,291,217,1,0.635377534,GAME,,,,,,,,,,,,,,,,,,,,,,,,,,,,,,,,,,,
,,,,,,,,,,,JA,001,2021-04-01_17h48.34.948,DelayedExp,2020.1.3,MacIntel,60,,,z,0.933845,0,292,292,22,1,0.445369281,LAND,,,,,,,,,,,,,,,,,,,,,,,,,,,,,,,,,,,
,,,,,,,,,,,JA,001,2021-04-01_17h48.34.948,DelayedExp,2020.1.3,MacIntel,60,,,z,0.83699,0,293,293,214,1,0.461447159,STRANGE,,,,,,,,,,,,,,,,,,,,,,,,,,,,,,,,,,,
,,,,,,,,,,,JA,001,2021-04-01_17h48.34.948,DelayedExp,2020.1.3,MacIntel,60,,,z,0.83243,0,294,294,192,1,0.528406925,WANT,,,,,,,,,,,,,,,,,,,,,,,,,,,,,,,,,,,
,,,,,,,,,,,JA,001,2021-04-01_17h48.34.948,DelayedExp,2020.1.3,MacIntel,60,,,slash,0.753895,0,295,295,95,1,0.229194801,FINGER,,,,,,,,,,,,,,,,,,,,,,,,,,,,,,,,,,,
,,,,,,,,,,,JA,001,2021-04-01_17h48.34.948,DelayedExp,2020.1.3,MacIntel,60,,,slash,0.629785,0,296,296,6,1,0.182134166,DEVIL,,,,,,,,,,,,,,,,,,,,,,,,,,,,,,,,,,,
,,,,,,,,,,,JA,001,2021-04-01_17h48.34.948,DelayedExp,2020.1.3,MacIntel,60,,,slash,0.700195,0,297,297,30,1,0.692372227,SHOES,,,,,,,,,,,,,,,,,,,,,,,,,,,,,,,,,,,
,,,,,,,,,,,JA,001,2021-04-01_17h48.34.948,DelayedExp,2020.1.3,MacIntel,60,,,z,0.61092,0,298,298,175,1,0.487151799,ITCH,,,,,,,,,,,,,,,,,,,,,,,,,,,,,,,,,,,
,,,,,,,,,,,JA,001,2021-04-01_17h48.34.948,DelayedExp,2020.1.3,MacIntel,60,,,slash,0.66916,0,299,299,129,1,0.600881716,JAIL,,,,,,,,,,,,,,,,,,,,,,,,,,,,,,,,,,,
,,,,,,,,,,,JA,001,2021-04-01_17h48.34.948,DelayedExp,2020.1.3,MacIntel,60,,,slash,0.771195,0,300,300,66,1,0.644718582,MOST,,,,,,,,,,,,,,,,,,,,,,,,,,,,,,,,,,,
,,,,,,,,,,,JA,001,2021-04-01_17h48.34.948,DelayedExp,2020.1.3,MacIntel,60,,,z,0.714105,0,301,301,112,1,0.648273378,SHARK,,,,,,,,,,,,,,,,,,,,,,,,,,,,,,,,,,,
,,,,,,,,,,,JA,001,2021-04-01_17h48.34.948,DelayedExp,2020.1.3,MacIntel,60,,,z,0.883485,0,302,302,288,1,0.439318871,CHILD,,,,,,,,,,,,,,,,,,,,,,,,,,,,,,,,,,,
,,,,,,,,,,,JA,001,2021-04-01_17h48.34.948,DelayedExp,2020.1.3,MacIntel,60,,,z,1.227495,0,303,303,255,1,0.672261175,WRONG,,,,,,,,,,,,,,,,,,,,,,,,,,,,,,,,,,,
,,,,,,,,,,,JA,001,2021-04-01_17h48.34.948,DelayedExp,2020.1.3,MacIntel,60,,,z,1.10187,0,304,304,29,1,0.170546156,POUND,,,,,,,,,,,,,,,,,,,,,,,,,,,,,,,,,,,
,,,,,,,,,,,JA,001,2021-04-01_17h48.34.948,DelayedExp,2020.1.3,MacIntel,60,,,z,1.067755,0,305,305,60,1,0.106867699,MOTHER,,,,,,,,,,,,,,,,,,,,,,,,,,,,,,,,,,,
,,,,,,,,,,,JA,001,2021-04-01_17h48.34.948,DelayedExp,2020.1.3,MacIntel,60,,,z,1.21538,0,306,306,251,1,0.755504853,SMELL,,,,,,,,,,,,,,,,,,,,,,,,,,,,,,,,,,,
,,,,,,,,,,,JA,001,2021-04-01_17h48.34.948,DelayedExp,2020.1.3,MacIntel,60,,,z,1.081765,0,307,307,63,1,0.90630703,PAIN,,,,,,,,,,,,,,,,,,,,,,,,,,,,,,,,,,,
,,,,,,,,,,,JA,001,2021-04-01_17h48.34.948,DelayedExp,2020.1.3,MacIntel,60,,,z,1.85332,0,308,308,285,1,0.354414689,TOOL,,,,,,,,,,,,,,,,,,,,,,,,,,,,,,,,,,,
,,,,,,,,,,,JA,001,2021-04-01_17h48.34.948,DelayedExp,2020.1.3,MacIntel,60,,,slash,0.583505,0,309,309,224,1,0.551265897,DRESS,,,,,,,,,,,,,,,,,,,,,,,,,,,,,,,,,,,
,,,,,,,,,,,JA,001,2021-04-01_17h48.34.948,DelayedExp,2020.1.3,MacIntel,60,,,z,0.736275,0,310,310,64,1,0.94223127,PURPLE,,,,,,,,,,,,,,,,,,,,,,,,,,,,,,,,,,,
,,,,,,,,,,,JA,001,2021-04-01_17h48.34.948,DelayedExp,2020.1.3,MacIntel,60,,,slash,0.786245,0,311,311,218,1,0.585156293,MAYBE,,,,,,,,,,,,,,,,,,,,,,,,,,,,,,,,,,,
,,,,,,,,,,,JA,001,2021-04-01_17h48.34.948,DelayedExp,2020.1.3,MacIntel,60,,,z,0.78862,0,312,312,256,1,0.440350151,VOTE,,,,,,,,,,,,,,,,,,,,,,,,,,,,,,,,,,,
,,,,,,,,,,,JA,001,2021-04-01_17h48.34.948,DelayedExp,2020.1.3,MacIntel,60,,,slash,0.713475,0,313,313,98,1,0.54632307,GRASS,,,,,,,,,,,,,,,,,,,,,,,,,,,,,,,,,,,
,,,,,,,,,,,JA,001,2021-04-01_17h48.34.948,DelayedExp,2020.1.3,MacIntel,60,,,z,0.88327,0,314,314,138,1,0.399296296,NUMBER,,,,,,,,,,,,,,,,,,,,,,,,,,,,,,,,,,,
,,,,,,,,,,,JA,001,2021-04-01_17h48.34.948,DelayedExp,2020.1.3,MacIntel,60,,,z,0.78098,0,315,315,26,1,0.374813835,PICTURE,,,,,,,,,,,,,,,,,,,,,,,,,,,,,,,,,,,
,,,,,,,,,,,JA,001,2021-04-01_17h48.34.948,DelayedExp,2020.1.3,MacIntel,60,,,z,0.734615,0,316,316,188,1,0.312944791,ONCE,,,,,,,,,,,,,,,,,,,,,,,,,,,,,,,,,,,
,,,,,,,,,,,JA,001,2021-04-01_17h48.34.948,DelayedExp,2020.1.3,MacIntel,60,,,slash,1.049745,0,317,317,2,1,0.74910301,BLACK,,,,,,,,,,,,,,,,,,,,,,,,,,,,,,,,,,,
,,,,,,,,,,,JA,001,2021-04-01_17h48.34.948,DelayedExp,2020.1.3,MacIntel,60,,,slash,1.06672,0,318,318,147,1,0.678226791,TWELVE,,,,,,,,,,,,,,,,,,,,,,,,,,,,,,,,,,,
,,,,,,,,,,,JA,001,2021-04-01_17h48.34.948,DelayedExp,2020.1.3,MacIntel,60,,,z,1.02592,0,319,319,88,1,0.827935153,CLOCK,,,,,,,,,,,,,,,,,,,,,,,,,,,,,,,,,,,
,,,,,,,,,,,JA,001,2021-04-01_17h48.34.948,DelayedExp,2020.1.3,MacIntel,60,,,z,0.897005,0,320,320,4,1,0.151518023,CAMP,,,,,,,,,,,,,,,,,,,,,,,,,,,,,,,,,,,
,,,,,,,,,,,JA,001,2021-04-01_17h48.34.948,DelayedExp,2020.1.3,MacIntel,60,,,z,0.830625,0,321,321,39,1,0.155263568,TIGHT,,,,,,,,,,,,,,,,,,,,,,,,,,,,,,,,,,,
,,,,,,,,,,,JA,001,2021-04-01_17h48.34.948,DelayedExp,2020.1.3,MacIntel,60,,,slash,0.76523,0,322,322,133,1,0.488487033,GUITAR,,,,,,,,,,,,,,,,,,,,,,,,,,,,,,,,,,,
,,,,,,,,,,,JA,001,2021-04-01_17h48.34.948,DelayedExp,2020.1.3,MacIntel,60,,,slash,0.66686,0,323,323,166,1,0.37213925,YELLOW,,,,,,,,,,,,,,,,,,,,,,,,,,,,,,,,,,,
,,,,,,,,,,,JA,001,2021-04-01_17h48.34.948,DelayedExp,2020.1.3,MacIntel,60,,,z,0.715355,0,324,324,276,1,0.305492126,CARD,,,,,,,,,,,,,,,,,,,,,,,,,,,,,,,,,,,
,,,,,,,,,,,JA,001,2021-04-01_17h48.34.948,DelayedExp,2020.1.3,MacIntel,60,,,z,0.9176,0,325,325,178,1,0.391613645,SMART,,,,,,,,,,,,,,,,,,,,,,,,,,,,,,,,,,,
,,,,,,,,,,,JA,001,2021-04-01_17h48.34.948,DelayedExp,2020.1.3,MacIntel,60,,,slash,0.845135,0,326,326,76,1,0.187752518,TEST,,,,,,,,,,,,,,,,,,,,,,,,,,,,,,,,,,,
,,,,,,,,,,,JA,001,2021-04-01_17h48.34.948,DelayedExp,2020.1.3,MacIntel,60,,,z,0.803995,0,327,327,177,1,0.459837106,HELLO,,,,,,,,,,,,,,,,,,,,,,,,,,,,,,,,,,,
,,,,,,,,,,,JA,001,2021-04-01_17h48.34.948,DelayedExp,2020.1.3,MacIntel,60,,,z,1.499245,0,328,328,324,1,0.343912954,SHIRT,,,,,,,,,,,,,,,,,,,,,,,,,,,,,,,,,,,
,,,,,,,,,,,JA,001,2021-04-01_17h48.34.948,DelayedExp,2020.1.3,MacIntel,60,,,slash,0.688265,0,329,329,229,1,0.863538948,STREET,,,,,,,,,,,,,,,,,,,,,,,,,,,,,,,,,,,
,,,,,,,,,,,JA,001,2021-04-01_17h48.34.948,DelayedExp,2020.1.3,MacIntel,60,,,z,0.705645,0,330,330,329,1,0.617114391,STING,,,,,,,,,,,,,,,,,,,,,,,,,,,,,,,,,,,
,,,,,,,,,,,JA,001,2021-04-01_17h48.34.948,DelayedExp,2020.1.3,MacIntel,60,,,z,1.080525,0,331,331,293,1,0.999836289,NECK,,,,,,,,,,,,,,,,,,,,,,,,,,,,,,,,,,,
,,,,,,,,,,,JA,001,2021-04-01_17h48.34.948,DelayedExp,2020.1.3,MacIntel,60,,,z,0.86552,0,332,332,103,1,0.052879296,MINUTE,,,,,,,,,,,,,,,,,,,,,,,,,,,,,,,,,,,
,,,,,,,,,,,JA,001,2021-04-01_17h48.34.948,DelayedExp,2020.1.3,MacIntel,60,,,slash,3.500025,0,333,333,96,1,0.342544579,FOUND,,,,,,,,,,,,,,,,,,,,,,,,,,,,,,,,,,,
,,,,,,,,,,,JA,001,2021-04-01_17h48.34.948,DelayedExp,2020.1.3,MacIntel,60,,,slash,0.60035,0,334,334,27,1,0.115207754,MINOR,,,,,,,,,,,,,,,,,,,,,,,,,,,,,,,,,,,
,,,,,,,,,,,JA,001,2021-04-01_17h48.34.948,DelayedExp,2020.1.3,MacIntel,60,,,slash,0.910205,0,335,335,120,1,0.934235852,TIGER,,,,,,,,,,,,,,,,,,,,,,,,,,,,,,,,,,,
,,,,,,,,,,,JA,001,2021-04-01_17h48.34.948,DelayedExp,2020.1.3,MacIntel,60,,,,,,,,,,,,space,23.620545,WIND,115.765,1726.335,WIND,0,0,0,0,1,,,,,,,,,,,,,,,,,,,,,,,,
,,,,,,,,,,,JA,001,2021-04-01_17h48.34.948,DelayedExp,2020.1.3,MacIntel,60,,,,,,,,,,,,,,MIDLAND,116.065,2135.82,XXXXX,1,0,1,0,1,,,,,,,,,,,,,,,,,,,,,,,,
,,,,,,,,,,,JA,001,2021-04-01_17h48.34.948,DelayedExp,2020.1.3,MacIntel,60,,,,,,,,,,,,,,SPUNK,118.125,1268.415,SPUNK,2,0,2,0,1,,,,,,,,,,,,,,,,,,,,,,,,
,,,,,,,,,,,JA,001,2021-04-01_17h48.34.948,DelayedExp,2020.1.3,MacIntel,60,,,,,,,,,,,,,,FAUNA,118.125,4869.24,FATINA,3,0,3,0,1,,,,,,,,,,,,,,,,,,,,,,,,
,,,,,,,,,,,JA,001,2021-04-01_17h48.34.948,DelayedExp,2020.1.3,MacIntel,60,,,,,,,,,,,,,,FLAK,116.32,400.13,XXXXX,4,0,4,0,1,,,,,,,,,,,,,,,,,,,,,,,,
,,,,,,,,,,,JA,001,2021-04-01_17h48.34.948,DelayedExp,2020.1.3,MacIntel,60,,,,,,,,,,,,,,MUZZLE,119.51,1651.225,MUZZLW,5,0,5,0,1,,,,,,,,,,,,,,,,,,,,,,,,
,,,,,,,,,,,JA,001,2021-04-01_17h48.34.948,DelayedExp,2020.1.3,MacIntel,60,,,,,,,,,,,,,,MORAL,119.755,1716.64,MORAL,6,0,6,0,1,,,,,,,,,,,,,,,,,,,,,,,,
,,,,,,,,,,,JA,001,2021-04-01_17h48.34.948,DelayedExp,2020.1.3,MacIntel,60,,,,,,,,,,,,,,PULL,118.6,1384.37,PULL,7,0,7,0,1,,,,,,,,,,,,,,,,,,,,,,,,
,,,,,,,,,,,JA,001,2021-04-01_17h48.34.948,DelayedExp,2020.1.3,MacIntel,60,,,,,,,,,,,,,,SNAP,116.535,1286,SNAP,8,0,8,0,1,,,,,,,,,,,,,,,,,,,,,,,,
,,,,,,,,,,,JA,001,2021-04-01_17h48.34.948,DelayedExp,2020.1.3,MacIntel,60,,,,,,,,,,,,,,REACTOR,114.29,3368.7,REACTOR,9,0,9,0,1,,,,,,,,,,,,,,,,,,,,,,,,
,,,,,,,,,,,JA,001,2021-04-01_17h48.34.948,DelayedExp,2020.1.3,MacIntel,60,,,,,,,,,,,,,,CEASE,116.605,400.94,XXXXX,10,0,10,0,1,,,,,,,,,,,,,,,,,,,,,,,,
,,,,,,,,,,,JA,001,2021-04-01_17h48.34.948,DelayedExp,2020.1.3,MacIntel,60,,,,,,,,,,,,,,KEEP,115.775,1456.3,KEEP,11,0,11,0,1,,,,,,,,,,,,,,,,,,,,,,,,
,,,,,,,,,,,JA,001,2021-04-01_17h48.34.948,DelayedExp,2020.1.3,MacIntel,60,,,,,,,,,,,,,,MEET,115.405,1476.62,MEET,12,0,12,0,1,,,,,,,,,,,,,,,,,,,,,,,,
,,,,,,,,,,,JA,001,2021-04-01_17h48.34.948,DelayedExp,2020.1.3,MacIntel,60,,,,,,,,,,,,,,TRIVIA,116.58,1972.97,TRVIA,13,0,13,0,1,,,,,,,,,,,,,,,,,,,,,,,,
,,,,,,,,,,,JA,001,2021-04-01_17h48.34.948,DelayedExp,2020.1.3,MacIntel,60,,,,,,,,,,,,,,PIAZZA,115.1549999,1534.065,PIZZA,14,0,14,0,1,,,,,,,,,,,,,,,,,,,,,,,,
,,,,,,,,,,,JA,001,2021-04-01_17h48.34.948,DelayedExp,2020.1.3,MacIntel,60,,,,,,,,,,,,,,SPAN,117.17,1159.19,SPAIN,15,0,15,0,1,,,,,,,,,,,,,,,,,,,,,,,,
,,,,,,,,,,,JA,001,2021-04-01_17h48.34.948,DelayedExp,2020.1.3,MacIntel,60,,,,,,,,,,,,,,SHAVE,116.77,1133.12,SHAVE,16,0,16,0,1,,,,,,,,,,,,,,,,,,,,,,,,
,,,,,,,,,,,JA,001,2021-04-01_17h48.34.948,DelayedExp,2020.1.3,MacIntel,60,,,,,,,,,,,,,,FOREST,114.1,2982.555,FOREST,17,0,17,0,1,,,,,,,,,,,,,,,,,,,,,,,,
,,,,,,,,,,,JA,001,2021-04-01_17h48.34.948,DelayedExp,2020.1.3,MacIntel,60,,,,,,,,,,,,,,HOSTEL,117.01,348.165,XXXXX,18,0,18,0,1,,,,,,,,,,,,,,,,,,,,,,,,
,,,,,,,,,,,JA,001,2021-04-01_17h48.34.948,DelayedExp,2020.1.3,MacIntel,60,,,,,,,,,,,,,,LEND,118.045,2753.795,LEND,19,0,19,0,1,,,,,,,,,,,,,,,,,,,,,,,,
,,,,,,,,,,,JA,001,2021-04-01_17h48.34.948,DelayedExp,2020.1.3,MacIntel,60,,,,,,,,,,,,,,VODKA,116.415,1730.185,VODKA,20,0,20,0,1,,,,,,,,,,,,,,,,,,,,,,,,
,,,,,,,,,,,JA,001,2021-04-01_17h48.34.948,DelayedExp,2020.1.3,MacIntel,60,,,,,,,,,,,,,,PEEP,116.895,51.83000001,XXXXX,21,0,21,0,1,,,,,,,,,,,,,,,,,,,,,,,,
,,,,,,,,,,,JA,001,2021-04-01_17h48.34.948,DelayedExp,2020.1.3,MacIntel,60,,,,,,,,,,,,,,FREAK,117.37,1642.265,FREAK,22,0,22,0,1,,,,,,,,,,,,,,,,,,,,,,,,
,,,,,,,,,,,JA,001,2021-04-01_17h48.34.948,DelayedExp,2020.1.3,MacIntel,60,,,,,,,,,,,,,,CHEER,115.965,1116.125,XXXXX,23,0,23,0,1,,,,,,,,,,,,,,,,,,,,,,,,
,,,,,,,,,,,JA,001,2021-04-01_17h48.34.948,DelayedExp,2020.1.3,MacIntel,60,,,,,,,,,,,,,,DAMAGE,115.495,4655.62,DAMAGE,24,0,24,0,1,,,,,,,,,,,,,,,,,,,,,,,,
,,,,,,,,,,,JA,001,2021-04-01_17h48.34.948,DelayedExp,2020.1.3,MacIntel,60,,,,,,,,,,,,,,CLAW,117.03,1102.54,CLAW,25,0,25,0,1,,,,,,,,,,,,,,,,,,,,,,,,
,,,,,,,,,,,JA,001,2021-04-01_17h48.34.948,DelayedExp,2020.1.3,MacIntel,60,,,,,,,,,,,,,,TOTALLY,116.33,2367.565,TOTALLY,26,0,26,0,1,,,,,,,,,,,,,,,,,,,,,,,,
,,,,,,,,,,,JA,001,2021-04-01_17h48.34.948,DelayedExp,2020.1.3,MacIntel,60,,,,,,,,,,,,,,SUIT,115.395,862.53,SUIT,27,0,27,0,1,,,,,,,,,,,,,,,,,,,,,,,,
,,,,,,,,,,,JA,001,2021-04-01_17h48.34.948,DelayedExp,2020.1.3,MacIntel,60,,,,,,,,,,,,,,EFFIGY,115.595,6083.455,EFFICACY,28,0,28,0,1,,,,,,,,,,,,,,,,,,,,,,,,
,,,,,,,,,,,JA,001,2021-04-01_17h48.34.948,DelayedExp,2020.1.3,MacIntel,60,,,,,,,,,,,,,,STARK,117.58,465.06,XXXXX,29,0,29,0,1,,,,,,,,,,,,,,,,,,,,,,,,
,,,,,,,,,,,JA,001,2021-04-01_17h48.34.948,DelayedExp,2020.1.3,MacIntel,60,,,,,,,,,,,,,,RESUME,142.08,1821.14,RESUME,30,0,30,0,1,,,,,,,,,,,,,,,,,,,,,,,,
,,,,,,,,,,,JA,001,2021-04-01_17h48.34.948,DelayedExp,2020.1.3,MacIntel,60,,,,,,,,,,,,,,TRAITOR,116.655,3235.88,TRAITOR,31,0,31,0,1,,,,,,,,,,,,,,,,,,,,,,,,
,,,,,,,,,,,JA,001,2021-04-01_17h48.34.948,DelayedExp,2020.1.3,MacIntel,60,,,,,,,,,,,,,,UNEASY,117.74,2059.1,UNEASY,32,0,32,0,1,,,,,,,,,,,,,,,,,,,,,,,,
,,,,,,,,,,,JA,001,2021-04-01_17h48.34.948,DelayedExp,2020.1.3,MacIntel,60,,,,,,,,,,,,,,SPUN,115.995,265.715,XXXXX,33,0,33,0,1,,,,,,,,,,,,,,,,,,,,,,,,
,,,,,,,,,,,JA,001,2021-04-01_17h48.34.948,DelayedExp,2020.1.3,MacIntel,60,,,,,,,,,,,,,,CHEAT,117.42,1516.225,CHEAT,34,0,34,0,1,,,,,,,,,,,,,,,,,,,,,,,,
,,,,,,,,,,,JA,001,2021-04-01_17h48.34.948,DelayedExp,2020.1.3,MacIntel,60,,,,,,,,,,,,,,LYNX,117.98,1632.305,LINE,35,0,35,0,1,,,,,,,,,,,,,,,,,,,,,,,,
,,,,,,,,,,,JA,001,2021-04-01_17h48.34.948,DelayedExp,2020.1.3,MacIntel,60,,,,,,,,,,,,,,CORNER,116.415,3617.92,CORNER,36,0,36,0,1,,,,,,,,,,,,,,,,,,,,,,,,
,,,,,,,,,,,JA,001,2021-04-01_17h48.34.948,DelayedExp,2020.1.3,MacIntel,60,,,,,,,,,,,,,,VOID,116.335,1062.7,VOID,37,0,37,0,1,,,,,,,,,,,,,,,,,,,,,,,,
,,,,,,,,,,,JA,001,2021-04-01_17h48.34.948,DelayedExp,2020.1.3,MacIntel,60,,,,,,,,,,,,,,OPTION,116.135,2495.855,OPTIONS,38,0,38,0,1,,,,,,,,,,,,,,,,,,,,,,,,
,,,,,,,,,,,JA,001,2021-04-01_17h48.34.948,DelayedExp,2020.1.3,MacIntel,60,,,,,,,,,,,,,,ERUPT,116.74,438.845,XXXXX,39,0,39,0,1,,,,,,,,,,,,,,,,,,,,,,,,
,,,,,,,,,,,JA,001,2021-04-01_17h48.34.948,DelayedExp,2020.1.3,MacIntel,60,,,,,,,,,,,,,,,,,,,,,,,space,10.236965,z,6.28657,slash,5.762485,z,4.167795,z,1.880465,3,6383.195,mac,3186.575,chrome,4196.205,20,1836,0,0,0,0,1,What is your age?
,,,,,,,,,,,JA,001,2021-04-01_17h48.34.948,DelayedExp,2020.1.3,MacIntel,60,,,,,,,,,,,,,,,,,,,,,,,,,,,,,,,,,,,,,,,man,1667,0,1,1,1,1,What is your gender?
,,,,,,,,,,,JA,001,2021-04-01_17h48.34.948,DelayedExp,2020.1.3,MacIntel,60,,,,,,,,,,,,,,,,,,,,,,,,,,,,,,,,,,,,,,,14,20001,0,2,2,2,1,How many years of formal education have you had (consider graduating high school to be 12 years)?
,,,,,,,,,,,JA,001,2021-04-01_17h48.34.948,DelayedExp,2020.1.3,MacIntel,60,,,,,,,,,,,,,,,,,,,,,,,,,,,,,,,,,,,,,,,right,4848,0,3,3,3,1,What is your dominant hand? (Left/Right/Ambidextrous)
,,,,,,,,,,,JA,001,2021-04-01_17h48.34.948,DelayedExp,2020.1.3,MacIntel,60,,,,,,,,,,,,,,,,,,,,,,,,,,,,,,,,,,,,,,,no differences,10681,0,4,4,4,1,Please indicate what time of the day you feel most alert (Morning/Afternoon/Evening/No differences)
,,,,,,,,,,,JA,001,2021-04-01_17h48.34.948,DelayedExp,2020.1.3,MacIntel,60,,,,,,,,,,,,,,,,,,,,,,,,,,,,,,,,,,,,,,,black,3580,0,5,5,5,1,"Please indicate which racial categories apply to you, separated by commas (American Indian/Alaskan Native, Asian, Native Hawaiian or Other Pacific Islander, Black/African American, White/Caucasian, More than one race, Prefer Not to Respond)"
,,,,,,,,,,,JA,001,2021-04-01_17h48.34.948,DelayedExp,2020.1.3,MacIntel,60,,,,,,,,,,,,,,,,,,,,,,,,,,,,,,,,,,,,,,,no,1729,0,6,6,6,1,Are you Hispanic or Latino? (Yes/No/Prefer Not to Respond)
,,,,,,,,,,,JA,001,2021-04-01_17h48.34.948,DelayedExp,2020.1.3,MacIntel,60,,,,,,,,,,,,,,,,,,,,,,,,,,,,,,,,,,,,,,,yes,1903,0,7,7,7,1,Is English your First Language? (Yes/No)
,,,,,,,,,,,JA,001,2021-04-01_17h48.34.948,DelayedExp,2020.1.3,MacIntel,60,,,,,,,,,,,,,,,,,,,,,,,,,,,,,,,,,,,,,,,yes,5866,0,8,8,8,1,"If you answered ""No"", what is your first language? (Please say English if you answered Yes)"
,,,,,,,,,,,JA,001,2021-04-01_17h48.34.948,DelayedExp,2020.1.3,MacIntel,60,,,,,,,,,,,,,,,,,,,,,,,,,,,,,,,,,,,,,,,yes,2381,0,9,9,9,1,Did you learn English before the age of 5?
,,,,,,,,,,,JA,001,2021-04-01_17h48.34.948,DelayedExp,2020.1.3,MacIntel,60,,,,,,,,,,,,,,,,,,,,,,,,,,,,,,,,,,,,,,,yes,3000,0,10,10,10,1,"If you answered ""No"", at what age did you learn English? (Enter 0 if you answered ""Yes"")"
,,,,,,,,,,,JA,001,2021-04-01_17h48.34.948,DelayedExp,2020.1.3,MacIntel,60,,,,,,,,,,,,,,,,,,,,,,,,,,,,,,,,,,,,,,,lack of sleep and slugglsih,16417,0,11,11,11,1,"Is there anything we should know about, which might have affected your performance during the test session? (e.g., lack of sleep, feeling ill etc.)"
