StudID,StudID_RT,key_resp_4.keys,key_resp_4.rt,captured_string,Text20_RT,trials.thisRepN,trials.thisTrialN,trials.thisN,trials.thisIndex,trials.ran,participant,session,date,expName,psychopyVersion,OS,frameRate,key_resp_2.keys,key_resp_2.rt,key_resp_3.keys,key_resp_3.rt,trialsRecognition.thisRepN,trialsRecognition.thisTrialN,trialsRecognition.thisN,trialsRecognition.thisIndex,trialsRecognition.ran,Rand,RecogWord,keyQuestion.keys,keyQuestion.rt,key_resp_11.keys,key_resp_11.rt,key_resp_12.keys,key_resp_12.rt,key_resp_13.keys,key_resp_13.rt,key_resp_14.keys,key_resp_14.rt,Question5Answer,Question5Answer_RT,Question6Answer,Question6Answer_RT,Question7Answer,Question7Answer_RT,demoResp,demoRT,demoloop.thisRepN,demoloop.thisTrialN,demoloop.thisN,demoloop.thisIndex,demoloop.ran,DemoQuestion
488463,3688.045,space,4.59109,SWEET,3900.085,0,0,0,0,1,JM,001,2020-12-16_12h58.00.392,DelayedExpNT,2020.1.3,MacIntel,60,,,,,,,,,,,,,,,,,,,,,,,,,,,,,,,,,,,
,,,,SHOES,1365.52,1,0,1,0,1,JM,001,2020-12-16_12h58.00.392,DelayedExpNT,2020.1.3,MacIntel,60,,,,,,,,,,,,,,,,,,,,,,,,,,,,,,,,,,,
,,,,,3250.79,2,0,2,0,1,JM,001,2020-12-16_12h58.00.392,DelayedExpNT,2020.1.3,MacIntel,60,,,,,,,,,,,,,,,,,,,,,,,,,,,,,,,,,,,
,,,,SQUARE,3149.465,3,0,3,0,1,JM,001,2020-12-16_12h58.00.392,DelayedExpNT,2020.1.3,MacIntel,60,,,,,,,,,,,,,,,,,,,,,,,,,,,,,,,,,,,
,,,,LAND,1917.005,4,0,4,0,1,JM,001,2020-12-16_12h58.00.392,DelayedExpNT,2020.1.3,MacIntel,60,,,,,,,,,,,,,,,,,,,,,,,,,,,,,,,,,,,
,,,,BELOW,1231.78,5,0,5,0,1,JM,001,2020-12-16_12h58.00.392,DelayedExpNT,2020.1.3,MacIntel,60,,,,,,,,,,,,,,,,,,,,,,,,,,,,,,,,,,,
,,,,GHOST,2900.2,6,0,6,0,1,JM,001,2020-12-16_12h58.00.392,DelayedExpNT,2020.1.3,MacIntel,60,,,,,,,,,,,,,,,,,,,,,,,,,,,,,,,,,,,
,,,,DEVIL,2416.375,7,0,7,0,1,JM,001,2020-12-16_12h58.00.392,DelayedExpNT,2020.1.3,MacIntel,60,,,,,,,,,,,,,,,,,,,,,,,,,,,,,,,,,,,
,,,,KILL,1050.795,8,0,8,0,1,JM,001,2020-12-16_12h58.00.392,DelayedExpNT,2020.1.3,MacIntel,60,,,,,,,,,,,,,,,,,,,,,,,,,,,,,,,,,,,
,,,,BLACK,3283.51,9,0,9,0,1,JM,001,2020-12-16_12h58.00.392,DelayedExpNT,2020.1.3,MacIntel,60,,,,,,,,,,,,,,,,,,,,,,,,,,,,,,,,,,,
,,,,MUSCLE,5705.95,10,0,10,0,1,JM,001,2020-12-16_12h58.00.392,DelayedExpNT,2020.1.3,MacIntel,60,,,,,,,,,,,,,,,,,,,,,,,,,,,,,,,,,,,
,,,,LOST,3382.555,11,0,11,0,1,JM,001,2020-12-16_12h58.00.392,DelayedExpNT,2020.1.3,MacIntel,60,,,,,,,,,,,,,,,,,,,,,,,,,,,,,,,,,,,
,,,,CHANGE,4733.075,12,0,12,0,1,JM,001,2020-12-16_12h58.00.392,DelayedExpNT,2020.1.3,MacIntel,60,,,,,,,,,,,,,,,,,,,,,,,,,,,,,,,,,,,
,,,,,3283.65,13,0,13,0,1,JM,001,2020-12-16_12h58.00.392,DelayedExpNT,2020.1.3,MacIntel,60,,,,,,,,,,,,,,,,,,,,,,,,,,,,,,,,,,,
,,,,,6865.66,14,0,14,0,1,JM,001,2020-12-16_12h58.00.392,DelayedExpNT,2020.1.3,MacIntel,60,,,,,,,,,,,,,,,,,,,,,,,,,,,,,,,,,,,
,,,,,1666.07,15,0,15,0,1,JM,001,2020-12-16_12h58.00.392,DelayedExpNT,2020.1.3,MacIntel,60,,,,,,,,,,,,,,,,,,,,,,,,,,,,,,,,,,,
,,,,,4374.88,16,0,16,0,1,JM,001,2020-12-16_12h58.00.392,DelayedExpNT,2020.1.3,MacIntel,60,,,,,,,,,,,,,,,,,,,,,,,,,,,,,,,,,,,
,,,,TIGHT,4116.785,17,0,17,0,1,JM,001,2020-12-16_12h58.00.392,DelayedExpNT,2020.1.3,MacIntel,60,,,,,,,,,,,,,,,,,,,,,,,,,,,,,,,,,,,
,,,,,1101.225,18,0,18,0,1,JM,001,2020-12-16_12h58.00.392,DelayedExpNT,2020.1.3,MacIntel,60,,,,,,,,,,,,,,,,,,,,,,,,,,,,,,,,,,,
,,,,,533.22,19,0,19,0,1,JM,001,2020-12-16_12h58.00.392,DelayedExpNT,2020.1.3,MacIntel,60,,,,,,,,,,,,,,,,,,,,,,,,,,,,,,,,,,,
,,,,,899.5450001,20,0,20,0,1,JM,001,2020-12-16_12h58.00.392,DelayedExpNT,2020.1.3,MacIntel,60,,,,,,,,,,,,,,,,,,,,,,,,,,,,,,,,,,,
,,,,,7993.875,21,0,21,0,1,JM,001,2020-12-16_12h58.00.392,DelayedExpNT,2020.1.3,MacIntel,60,,,,,,,,,,,,,,,,,,,,,,,,,,,,,,,,,,,
,,,,SWEET,3133.085,22,0,22,0,1,JM,001,2020-12-16_12h58.00.392,DelayedExpNT,2020.1.3,MacIntel,60,,,,,,,,,,,,,,,,,,,,,,,,,,,,,,,,,,,
,,,,,4634.77,23,0,23,0,1,JM,001,2020-12-16_12h58.00.392,DelayedExpNT,2020.1.3,MacIntel,60,,,,,,,,,,,,,,,,,,,,,,,,,,,,,,,,,,,
,,,,,2467.62,24,0,24,0,1,JM,001,2020-12-16_12h58.00.392,DelayedExpNT,2020.1.3,MacIntel,60,,,,,,,,,,,,,,,,,,,,,,,,,,,,,,,,,,,
,,,,,866.78,25,0,25,0,1,JM,001,2020-12-16_12h58.00.392,DelayedExpNT,2020.1.3,MacIntel,60,,,,,,,,,,,,,,,,,,,,,,,,,,,,,,,,,,,
,,,,,820.475,26,0,26,0,1,JM,001,2020-12-16_12h58.00.392,DelayedExpNT,2020.1.3,MacIntel,60,,,,,,,,,,,,,,,,,,,,,,,,,,,,,,,,,,,
,,,,,417.645,27,0,27,0,1,JM,001,2020-12-16_12h58.00.392,DelayedExpNT,2020.1.3,MacIntel,60,,,,,,,,,,,,,,,,,,,,,,,,,,,,,,,,,,,
,,,,,326.3600001,28,0,28,0,1,JM,001,2020-12-16_12h58.00.392,DelayedExpNT,2020.1.3,MacIntel,60,,,,,,,,,,,,,,,,,,,,,,,,,,,,,,,,,,,
,,,,,394.005,29,0,29,0,1,JM,001,2020-12-16_12h58.00.392,DelayedExpNT,2020.1.3,MacIntel,60,,,,,,,,,,,,,,,,,,,,,,,,,,,,,,,,,,,
,,,,,350.44,30,0,30,0,1,JM,001,2020-12-16_12h58.00.392,DelayedExpNT,2020.1.3,MacIntel,60,,,,,,,,,,,,,,,,,,,,,,,,,,,,,,,,,,,
,,,,,251.605,31,0,31,0,1,JM,001,2020-12-16_12h58.00.392,DelayedExpNT,2020.1.3,MacIntel,60,,,,,,,,,,,,,,,,,,,,,,,,,,,,,,,,,,,
,,,,,266.74,32,0,32,0,1,JM,001,2020-12-16_12h58.00.392,DelayedExpNT,2020.1.3,MacIntel,60,,,,,,,,,,,,,,,,,,,,,,,,,,,,,,,,,,,
,,,,,304.55,33,0,33,0,1,JM,001,2020-12-16_12h58.00.392,DelayedExpNT,2020.1.3,MacIntel,60,,,,,,,,,,,,,,,,,,,,,,,,,,,,,,,,,,,
,,,,,250.255,34,0,34,0,1,JM,001,2020-12-16_12h58.00.392,DelayedExpNT,2020.1.3,MacIntel,60,,,,,,,,,,,,,,,,,,,,,,,,,,,,,,,,,,,
,,,,,233.615,35,0,35,0,1,JM,001,2020-12-16_12h58.00.392,DelayedExpNT,2020.1.3,MacIntel,60,,,,,,,,,,,,,,,,,,,,,,,,,,,,,,,,,,,
,,,,,165.295,36,0,36,0,1,JM,001,2020-12-16_12h58.00.392,DelayedExpNT,2020.1.3,MacIntel,60,,,,,,,,,,,,,,,,,,,,,,,,,,,,,,,,,,,
,,,,,117.39,37,0,37,0,1,JM,001,2020-12-16_12h58.00.392,DelayedExpNT,2020.1.3,MacIntel,60,,,,,,,,,,,,,,,,,,,,,,,,,,,,,,,,,,,
,,,,,240.8649999,38,0,38,0,1,JM,001,2020-12-16_12h58.00.392,DelayedExpNT,2020.1.3,MacIntel,60,,,,,,,,,,,,,,,,,,,,,,,,,,,,,,,,,,,
,,,,,216.27,39,0,39,0,1,JM,001,2020-12-16_12h58.00.392,DelayedExpNT,2020.1.3,MacIntel,60,,,,,,,,,,,,,,,,,,,,,,,,,,,,,,,,,,,
,,,,,250.26,40,0,40,0,1,JM,001,2020-12-16_12h58.00.392,DelayedExpNT,2020.1.3,MacIntel,60,,,,,,,,,,,,,,,,,,,,,,,,,,,,,,,,,,,
,,,,,265.86,41,0,41,0,1,JM,001,2020-12-16_12h58.00.392,DelayedExpNT,2020.1.3,MacIntel,60,,,,,,,,,,,,,,,,,,,,,,,,,,,,,,,,,,,
,,,,,310.8900001,42,0,42,0,1,JM,001,2020-12-16_12h58.00.392,DelayedExpNT,2020.1.3,MacIntel,60,,,,,,,,,,,,,,,,,,,,,,,,,,,,,,,,,,,
,,,,,266.655,43,0,43,0,1,JM,001,2020-12-16_12h58.00.392,DelayedExpNT,2020.1.3,MacIntel,60,,,,,,,,,,,,,,,,,,,,,,,,,,,,,,,,,,,
,,,,,251.4749999,44,0,44,0,1,JM,001,2020-12-16_12h58.00.392,DelayedExpNT,2020.1.3,MacIntel,60,,,,,,,,,,,,,,,,,,,,,,,,,,,,,,,,,,,
,,,,,232.575,45,0,45,0,1,JM,001,2020-12-16_12h58.00.392,DelayedExpNT,2020.1.3,MacIntel,60,,,,,,,,,,,,,,,,,,,,,,,,,,,,,,,,,,,
,,,,,233.7400001,46,0,46,0,1,JM,001,2020-12-16_12h58.00.392,DelayedExpNT,2020.1.3,MacIntel,60,,,,,,,,,,,,,,,,,,,,,,,,,,,,,,,,,,,
,,,,,233.67,47,0,47,0,1,JM,001,2020-12-16_12h58.00.392,DelayedExpNT,2020.1.3,MacIntel,60,,,,,,,,,,,,,,,,,,,,,,,,,,,,,,,,,,,
,,,,,8001.58,48,0,48,0,1,JM,001,2020-12-16_12h58.00.392,DelayedExpNT,2020.1.3,MacIntel,60,,,,,,,,,,,,,,,,,,,,,,,,,,,,,,,,,,,
,,,,,7999.815,49,0,49,0,1,JM,001,2020-12-16_12h58.00.392,DelayedExpNT,2020.1.3,MacIntel,60,,,,,,,,,,,,,,,,,,,,,,,,,,,,,,,,,,,
,,,,,1166.43,50,0,50,0,1,JM,001,2020-12-16_12h58.00.392,DelayedExpNT,2020.1.3,MacIntel,60,,,,,,,,,,,,,,,,,,,,,,,,,,,,,,,,,,,
,,,,,316.4100001,51,0,51,0,1,JM,001,2020-12-16_12h58.00.392,DelayedExpNT,2020.1.3,MacIntel,60,,,,,,,,,,,,,,,,,,,,,,,,,,,,,,,,,,,
,,,,,367.79,52,0,52,0,1,JM,001,2020-12-16_12h58.00.392,DelayedExpNT,2020.1.3,MacIntel,60,,,,,,,,,,,,,,,,,,,,,,,,,,,,,,,,,,,
,,,,,666.8499999,53,0,53,0,1,JM,001,2020-12-16_12h58.00.392,DelayedExpNT,2020.1.3,MacIntel,60,,,,,,,,,,,,,,,,,,,,,,,,,,,,,,,,,,,
,,,,DEBT,4584.615,54,0,54,0,1,JM,001,2020-12-16_12h58.00.392,DelayedExpNT,2020.1.3,MacIntel,60,,,,,,,,,,,,,,,,,,,,,,,,,,,,,,,,,,,
,,,,,7999.77,55,0,55,0,1,JM,001,2020-12-16_12h58.00.392,DelayedExpNT,2020.1.3,MacIntel,60,,,,,,,,,,,,,,,,,,,,,,,,,,,,,,,,,,,
,,,,,3349.845,56,0,56,0,1,JM,001,2020-12-16_12h58.00.392,DelayedExpNT,2020.1.3,MacIntel,60,,,,,,,,,,,,,,,,,,,,,,,,,,,,,,,,,,,
,,,,,431.165,57,0,57,0,1,JM,001,2020-12-16_12h58.00.392,DelayedExpNT,2020.1.3,MacIntel,60,,,,,,,,,,,,,,,,,,,,,,,,,,,,,,,,,,,
,,,,,282.5249999,58,0,58,0,1,JM,001,2020-12-16_12h58.00.392,DelayedExpNT,2020.1.3,MacIntel,60,,,,,,,,,,,,,,,,,,,,,,,,,,,,,,,,,,,
,,,,,278.905,59,0,59,0,1,JM,001,2020-12-16_12h58.00.392,DelayedExpNT,2020.1.3,MacIntel,60,,,,,,,,,,,,,,,,,,,,,,,,,,,,,,,,,,,
,,,,,198.505,60,0,60,0,1,JM,001,2020-12-16_12h58.00.392,DelayedExpNT,2020.1.3,MacIntel,60,,,,,,,,,,,,,,,,,,,,,,,,,,,,,,,,,,,
,,,,,335.465,61,0,61,0,1,JM,001,2020-12-16_12h58.00.392,DelayedExpNT,2020.1.3,MacIntel,60,,,,,,,,,,,,,,,,,,,,,,,,,,,,,,,,,,,
,,,,,251.195,62,0,62,0,1,JM,001,2020-12-16_12h58.00.392,DelayedExpNT,2020.1.3,MacIntel,60,,,,,,,,,,,,,,,,,,,,,,,,,,,,,,,,,,,
,,,,,467.0299999,63,0,63,0,1,JM,001,2020-12-16_12h58.00.392,DelayedExpNT,2020.1.3,MacIntel,60,,,,,,,,,,,,,,,,,,,,,,,,,,,,,,,,,,,
,,,,,392.45,64,0,64,0,1,JM,001,2020-12-16_12h58.00.392,DelayedExpNT,2020.1.3,MacIntel,60,,,,,,,,,,,,,,,,,,,,,,,,,,,,,,,,,,,
,,,,,316.8050001,65,0,65,0,1,JM,001,2020-12-16_12h58.00.392,DelayedExpNT,2020.1.3,MacIntel,60,,,,,,,,,,,,,,,,,,,,,,,,,,,,,,,,,,,
,,,,,367.4700001,66,0,66,0,1,JM,001,2020-12-16_12h58.00.392,DelayedExpNT,2020.1.3,MacIntel,60,,,,,,,,,,,,,,,,,,,,,,,,,,,,,,,,,,,
,,,,,350.065,67,0,67,0,1,JM,001,2020-12-16_12h58.00.392,DelayedExpNT,2020.1.3,MacIntel,60,,,,,,,,,,,,,,,,,,,,,,,,,,,,,,,,,,,
,,,,,332.08,68,0,68,0,1,JM,001,2020-12-16_12h58.00.392,DelayedExpNT,2020.1.3,MacIntel,60,,,,,,,,,,,,,,,,,,,,,,,,,,,,,,,,,,,
,,,,,347.3200001,69,0,69,0,1,JM,001,2020-12-16_12h58.00.392,DelayedExpNT,2020.1.3,MacIntel,60,,,,,,,,,,,,,,,,,,,,,,,,,,,,,,,,,,,
,,,,,498.945,70,0,70,0,1,JM,001,2020-12-16_12h58.00.392,DelayedExpNT,2020.1.3,MacIntel,60,,,,,,,,,,,,,,,,,,,,,,,,,,,,,,,,,,,
,,,,,932.8800001,71,0,71,0,1,JM,001,2020-12-16_12h58.00.392,DelayedExpNT,2020.1.3,MacIntel,60,,,,,,,,,,,,,,,,,,,,,,,,,,,,,,,,,,,
,,,,,519.46,72,0,72,0,1,JM,001,2020-12-16_12h58.00.392,DelayedExpNT,2020.1.3,MacIntel,60,,,,,,,,,,,,,,,,,,,,,,,,,,,,,,,,,,,
,,,,,366.655,73,0,73,0,1,JM,001,2020-12-16_12h58.00.392,DelayedExpNT,2020.1.3,MacIntel,60,,,,,,,,,,,,,,,,,,,,,,,,,,,,,,,,,,,
,,,,,294.81,74,0,74,0,1,JM,001,2020-12-16_12h58.00.392,DelayedExpNT,2020.1.3,MacIntel,60,,,,,,,,,,,,,,,,,,,,,,,,,,,,,,,,,,,
,,,,,327.565,75,0,75,0,1,JM,001,2020-12-16_12h58.00.392,DelayedExpNT,2020.1.3,MacIntel,60,,,,,,,,,,,,,,,,,,,,,,,,,,,,,,,,,,,
,,,,,315.4,76,0,76,0,1,JM,001,2020-12-16_12h58.00.392,DelayedExpNT,2020.1.3,MacIntel,60,,,,,,,,,,,,,,,,,,,,,,,,,,,,,,,,,,,
,,,,,283.205,77,0,77,0,1,JM,001,2020-12-16_12h58.00.392,DelayedExpNT,2020.1.3,MacIntel,60,,,,,,,,,,,,,,,,,,,,,,,,,,,,,,,,,,,
,,,,,292.01,78,0,78,0,1,JM,001,2020-12-16_12h58.00.392,DelayedExpNT,2020.1.3,MacIntel,60,,,,,,,,,,,,,,,,,,,,,,,,,,,,,,,,,,,
,,,,,448.835,79,0,79,0,1,JM,001,2020-12-16_12h58.00.392,DelayedExpNT,2020.1.3,MacIntel,60,,,,,,,,,,,,,,,,,,,,,,,,,,,,,,,,,,,
,,,,,282.9699999,80,0,80,0,1,JM,001,2020-12-16_12h58.00.392,DelayedExpNT,2020.1.3,MacIntel,60,,,,,,,,,,,,,,,,,,,,,,,,,,,,,,,,,,,
,,,,,400.455,81,0,81,0,1,JM,001,2020-12-16_12h58.00.392,DelayedExpNT,2020.1.3,MacIntel,60,,,,,,,,,,,,,,,,,,,,,,,,,,,,,,,,,,,
,,,,,299.76,82,0,82,0,1,JM,001,2020-12-16_12h58.00.392,DelayedExpNT,2020.1.3,MacIntel,60,,,,,,,,,,,,,,,,,,,,,,,,,,,,,,,,,,,
,,,,,350.64,83,0,83,0,1,JM,001,2020-12-16_12h58.00.392,DelayedExpNT,2020.1.3,MacIntel,60,,,,,,,,,,,,,,,,,,,,,,,,,,,,,,,,,,,
,,,,,318.125,84,0,84,0,1,JM,001,2020-12-16_12h58.00.392,DelayedExpNT,2020.1.3,MacIntel,60,,,,,,,,,,,,,,,,,,,,,,,,,,,,,,,,,,,
,,,,,284.155,85,0,85,0,1,JM,001,2020-12-16_12h58.00.392,DelayedExpNT,2020.1.3,MacIntel,60,,,,,,,,,,,,,,,,,,,,,,,,,,,,,,,,,,,
,,,,,250.1899999,86,0,86,0,1,JM,001,2020-12-16_12h58.00.392,DelayedExpNT,2020.1.3,MacIntel,60,,,,,,,,,,,,,,,,,,,,,,,,,,,,,,,,,,,
,,,,,301.415,87,0,87,0,1,JM,001,2020-12-16_12h58.00.392,DelayedExpNT,2020.1.3,MacIntel,60,,,,,,,,,,,,,,,,,,,,,,,,,,,,,,,,,,,
,,,,,135.26,88,0,88,0,1,JM,001,2020-12-16_12h58.00.392,DelayedExpNT,2020.1.3,MacIntel,60,,,,,,,,,,,,,,,,,,,,,,,,,,,,,,,,,,,
,,,,,351.1349999,89,0,89,0,1,JM,001,2020-12-16_12h58.00.392,DelayedExpNT,2020.1.3,MacIntel,60,,,,,,,,,,,,,,,,,,,,,,,,,,,,,,,,,,,
,,,,,399.935,90,0,90,0,1,JM,001,2020-12-16_12h58.00.392,DelayedExpNT,2020.1.3,MacIntel,60,,,,,,,,,,,,,,,,,,,,,,,,,,,,,,,,,,,
,,,,,100.75,91,0,91,0,1,JM,001,2020-12-16_12h58.00.392,DelayedExpNT,2020.1.3,MacIntel,60,,,,,,,,,,,,,,,,,,,,,,,,,,,,,,,,,,,
,,,,,316.4850001,92,0,92,0,1,JM,001,2020-12-16_12h58.00.392,DelayedExpNT,2020.1.3,MacIntel,60,,,,,,,,,,,,,,,,,,,,,,,,,,,,,,,,,,,
,,,,,165.1600001,93,0,93,0,1,JM,001,2020-12-16_12h58.00.392,DelayedExpNT,2020.1.3,MacIntel,60,,,,,,,,,,,,,,,,,,,,,,,,,,,,,,,,,,,
,,,,,183.27,94,0,94,0,1,JM,001,2020-12-16_12h58.00.392,DelayedExpNT,2020.1.3,MacIntel,60,,,,,,,,,,,,,,,,,,,,,,,,,,,,,,,,,,,
,,,,,209.105,95,0,95,0,1,JM,001,2020-12-16_12h58.00.392,DelayedExpNT,2020.1.3,MacIntel,60,,,,,,,,,,,,,,,,,,,,,,,,,,,,,,,,,,,
,,,,,366.535,96,0,96,0,1,JM,001,2020-12-16_12h58.00.392,DelayedExpNT,2020.1.3,MacIntel,60,,,,,,,,,,,,,,,,,,,,,,,,,,,,,,,,,,,
,,,,,266.68,97,0,97,0,1,JM,001,2020-12-16_12h58.00.392,DelayedExpNT,2020.1.3,MacIntel,60,,,,,,,,,,,,,,,,,,,,,,,,,,,,,,,,,,,
,,,,,283.16,98,0,98,0,1,JM,001,2020-12-16_12h58.00.392,DelayedExpNT,2020.1.3,MacIntel,60,,,,,,,,,,,,,,,,,,,,,,,,,,,,,,,,,,,
,,,,,434.485,99,0,99,0,1,JM,001,2020-12-16_12h58.00.392,DelayedExpNT,2020.1.3,MacIntel,60,,,,,,,,,,,,,,,,,,,,,,,,,,,,,,,,,,,
,,,,,,,,,,,JM,001,2020-12-16_12h58.00.392,DelayedExpNT,2020.1.3,MacIntel,60,space,30.21516,slash,1.447575,0,0,0,117,1,0.662095356,TEETH,,,,,,,,,,,,,,,,,,,,,,,,
,,,,,,,,,,,JM,001,2020-12-16_12h58.00.392,DelayedExpNT,2020.1.3,MacIntel,60,,,z,0.950785,0,1,1,252,1,0.847170391,DRUGS,,,,,,,,,,,,,,,,,,,,,,,,
,,,,,,,,,,,JM,001,2020-12-16_12h58.00.392,DelayedExpNT,2020.1.3,MacIntel,60,,,slash,1.351625,0,2,2,132,1,0.356074536,FRIGHT,,,,,,,,,,,,,,,,,,,,,,,,
,,,,,,,,,,,JM,001,2020-12-16_12h58.00.392,DelayedExpNT,2020.1.3,MacIntel,60,,,z,1.171005,0,3,3,141,1,0.039524914,SELLER,,,,,,,,,,,,,,,,,,,,,,,,
,,,,,,,,,,,JM,001,2020-12-16_12h58.00.392,DelayedExpNT,2020.1.3,MacIntel,60,,,z,0.76225,0,4,4,256,1,0.440350151,VOTE,,,,,,,,,,,,,,,,,,,,,,,,
,,,,,,,,,,,JM,001,2020-12-16_12h58.00.392,DelayedExpNT,2020.1.3,MacIntel,60,,,z,0.66455,0,5,5,262,1,0.768450809,POTATO,,,,,,,,,,,,,,,,,,,,,,,,
,,,,,,,,,,,JM,001,2020-12-16_12h58.00.392,DelayedExpNT,2020.1.3,MacIntel,60,,,z,0.748765,0,6,6,124,1,0.0415978,WORST,,,,,,,,,,,,,,,,,,,,,,,,
,,,,,,,,,,,JM,001,2020-12-16_12h58.00.392,DelayedExpNT,2020.1.3,MacIntel,60,,,z,0.6142,0,7,7,152,1,0.65748794,CRACKER,,,,,,,,,,,,,,,,,,,,,,,,
,,,,,,,,,,,JM,001,2020-12-16_12h58.00.392,DelayedExpNT,2020.1.3,MacIntel,60,,,z,1.03185,0,8,8,18,1,0.596823272,JUMP,,,,,,,,,,,,,,,,,,,,,,,,
,,,,,,,,,,,JM,001,2020-12-16_12h58.00.392,DelayedExpNT,2020.1.3,MacIntel,60,,,z,0.66551,0,9,9,134,1,0.498263926,OUTTAKE,,,,,,,,,,,,,,,,,,,,,,,,
,,,,,,,,,,,JM,001,2020-12-16_12h58.00.392,DelayedExpNT,2020.1.3,MacIntel,60,,,z,1.32357,0,10,10,275,1,0.591229651,SAME,,,,,,,,,,,,,,,,,,,,,,,,
,,,,,,,,,,,JM,001,2020-12-16_12h58.00.392,DelayedExpNT,2020.1.3,MacIntel,60,,,slash,1.099415,0,11,11,213,1,0.505086573,SICK,,,,,,,,,,,,,,,,,,,,,,,,
,,,,,,,,,,,JM,001,2020-12-16_12h58.00.392,DelayedExpNT,2020.1.3,MacIntel,60,,,z,0.98219,0,12,12,334,1,0.668643625,CELL,,,,,,,,,,,,,,,,,,,,,,,,
,,,,,,,,,,,JM,001,2020-12-16_12h58.00.392,DelayedExpNT,2020.1.3,MacIntel,60,,,slash,0.88265,0,13,13,20,1,0.806909613,KISS,,,,,,,,,,,,,,,,,,,,,,,,
,,,,,,,,,,,JM,001,2020-12-16_12h58.00.392,DelayedExpNT,2020.1.3,MacIntel,60,,,z,0.65387,0,14,14,158,1,0.206321793,EGGS,,,,,,,,,,,,,,,,,,,,,,,,
,,,,,,,,,,,JM,001,2020-12-16_12h58.00.392,DelayedExpNT,2020.1.3,MacIntel,60,,,z,0.699665,0,15,15,122,1,0.850519608,WHERE,,,,,,,,,,,,,,,,,,,,,,,,
,,,,,,,,,,,JM,001,2020-12-16_12h58.00.392,DelayedExpNT,2020.1.3,MacIntel,60,,,slash,1.73237,0,16,16,211,1,0.83196302,JACKET,,,,,,,,,,,,,,,,,,,,,,,,
,,,,,,,,,,,JM,001,2020-12-16_12h58.00.392,DelayedExpNT,2020.1.3,MacIntel,60,,,slash,0.71626,0,17,17,207,1,0.102261305,SLEEP,,,,,,,,,,,,,,,,,,,,,,,,
,,,,,,,,,,,JM,001,2020-12-16_12h58.00.392,DelayedExpNT,2020.1.3,MacIntel,60,,,z,0.698755,0,18,18,56,1,0.752687522,LESS,,,,,,,,,,,,,,,,,,,,,,,,
,,,,,,,,,,,JM,001,2020-12-16_12h58.00.392,DelayedExpNT,2020.1.3,MacIntel,60,,,z,0.74998,0,19,19,33,1,0.657670218,DOOR,,,,,,,,,,,,,,,,,,,,,,,,
,,,,,,,,,,,JM,001,2020-12-16_12h58.00.392,DelayedExpNT,2020.1.3,MacIntel,60,,,slash,0.881995,0,20,20,93,1,0.356605252,ENTER,,,,,,,,,,,,,,,,,,,,,,,,
,,,,,,,,,,,JM,001,2020-12-16_12h58.00.392,DelayedExpNT,2020.1.3,MacIntel,60,,,slash,0.95524,0,21,21,146,1,0.140478509,STREAM,,,,,,,,,,,,,,,,,,,,,,,,
,,,,,,,,,,,JM,001,2020-12-16_12h58.00.392,DelayedExpNT,2020.1.3,MacIntel,60,,,z,0.76586,0,22,22,9,1,0.319978901,DUSK,,,,,,,,,,,,,,,,,,,,,,,,
,,,,,,,,,,,JM,001,2020-12-16_12h58.00.392,DelayedExpNT,2020.1.3,MacIntel,60,,,z,0.815215,0,23,23,325,1,0.071143329,ROSE,,,,,,,,,,,,,,,,,,,,,,,,
,,,,,,,,,,,JM,001,2020-12-16_12h58.00.392,DelayedExpNT,2020.1.3,MacIntel,60,,,slash,0.63048,0,24,24,148,1,0.588095083,WEIGHT,,,,,,,,,,,,,,,,,,,,,,,,
,,,,,,,,,,,JM,001,2020-12-16_12h58.00.392,DelayedExpNT,2020.1.3,MacIntel,60,,,slash,0.899525,0,25,25,302,1,0.807288891,HEAD,,,,,,,,,,,,,,,,,,,,,,,,
,,,,,,,,,,,JM,001,2020-12-16_12h58.00.392,DelayedExpNT,2020.1.3,MacIntel,60,,,slash,1.014875,0,26,26,186,1,0.020590653,MONKEY,,,,,,,,,,,,,,,,,,,,,,,,
,,,,,,,,,,,JM,001,2020-12-16_12h58.00.392,DelayedExpNT,2020.1.3,MacIntel,60,,,slash,0.84825,0,27,27,198,1,0.339677471,TIRED,,,,,,,,,,,,,,,,,,,,,,,,
,,,,,,,,,,,JM,001,2020-12-16_12h58.00.392,DelayedExpNT,2020.1.3,MacIntel,60,,,z,0.782555,0,28,28,231,1,0.810473097,STICKY,,,,,,,,,,,,,,,,,,,,,,,,
,,,,,,,,,,,JM,001,2020-12-16_12h58.00.392,DelayedExpNT,2020.1.3,MacIntel,60,,,slash,0.715885,0,29,29,19,1,0.073746614,KILL,,,,,,,,,,,,,,,,,,,,,,,,
,,,,,,,,,,,JM,001,2020-12-16_12h58.00.392,DelayedExpNT,2020.1.3,MacIntel,60,,,slash,0.72212,0,30,30,74,1,0.732530315,SUPPER,,,,,,,,,,,,,,,,,,,,,,,,
,,,,,,,,,,,JM,001,2020-12-16_12h58.00.392,DelayedExpNT,2020.1.3,MacIntel,60,,,slash,1.05416,0,31,31,41,1,0.774719699,WORLD,,,,,,,,,,,,,,,,,,,,,,,,
,,,,,,,,,,,JM,001,2020-12-16_12h58.00.392,DelayedExpNT,2020.1.3,MacIntel,60,,,z,1.064075,0,32,32,23,1,0.75381934,ROAD,,,,,,,,,,,,,,,,,,,,,,,,
,,,,,,,,,,,JM,001,2020-12-16_12h58.00.392,DelayedExpNT,2020.1.3,MacIntel,60,,,z,0.864205,0,33,33,55,1,0.847502284,KIDNAP,,,,,,,,,,,,,,,,,,,,,,,,
,,,,,,,,,,,JM,001,2020-12-16_12h58.00.392,DelayedExpNT,2020.1.3,MacIntel,60,,,z,0.856275,0,34,34,43,1,0.86028452,BALLET,,,,,,,,,,,,,,,,,,,,,,,,
,,,,,,,,,,,JM,001,2020-12-16_12h58.00.392,DelayedExpNT,2020.1.3,MacIntel,60,,,slash,0.68947,0,35,35,249,1,0.265528704,SOUR,,,,,,,,,,,,,,,,,,,,,,,,
,,,,,,,,,,,JM,001,2020-12-16_12h58.00.392,DelayedExpNT,2020.1.3,MacIntel,60,,,slash,0.8317,0,36,36,318,1,0.613130161,WRITE,,,,,,,,,,,,,,,,,,,,,,,,
,,,,,,,,,,,JM,001,2020-12-16_12h58.00.392,DelayedExpNT,2020.1.3,MacIntel,60,,,z,1.15286,0,37,37,204,1,0.474320781,CASTLE,,,,,,,,,,,,,,,,,,,,,,,,
,,,,,,,,,,,JM,001,2020-12-16_12h58.00.392,DelayedExpNT,2020.1.3,MacIntel,60,,,slash,0.650755,0,38,38,244,1,0.291831281,BREAK,,,,,,,,,,,,,,,,,,,,,,,,
,,,,,,,,,,,JM,001,2020-12-16_12h58.00.392,DelayedExpNT,2020.1.3,MacIntel,60,,,slash,0.785155,0,39,39,86,1,0.228342003,BEHIND,,,,,,,,,,,,,,,,,,,,,,,,
,,,,,,,,,,,JM,001,2020-12-16_12h58.00.392,DelayedExpNT,2020.1.3,MacIntel,60,,,slash,0.6504,0,40,40,22,1,0.445369281,LAND,,,,,,,,,,,,,,,,,,,,,,,,
,,,,,,,,,,,JM,001,2020-12-16_12h58.00.392,DelayedExpNT,2020.1.3,MacIntel,60,,,z,1.68218,0,41,41,149,1,0.72994759,WEST,,,,,,,,,,,,,,,,,,,,,,,,
,,,,,,,,,,,JM,001,2020-12-16_12h58.00.392,DelayedExpNT,2020.1.3,MacIntel,60,,,z,0.82244,0,42,42,247,1,0.744897792,STORE,,,,,,,,,,,,,,,,,,,,,,,,
,,,,,,,,,,,JM,001,2020-12-16_12h58.00.392,DelayedExpNT,2020.1.3,MacIntel,60,,,slash,0.754465,0,43,43,39,1,0.155263568,TIGHT,,,,,,,,,,,,,,,,,,,,,,,,
,,,,,,,,,,,JM,001,2020-12-16_12h58.00.392,DelayedExpNT,2020.1.3,MacIntel,60,,,slash,0.5982,0,44,44,79,1,0.946647028,TOES,,,,,,,,,,,,,,,,,,,,,,,,
,,,,,,,,,,,JM,001,2020-12-16_12h58.00.392,DelayedExpNT,2020.1.3,MacIntel,60,,,slash,0.71717,0,45,45,239,1,0.859566691,LOVE,,,,,,,,,,,,,,,,,,,,,,,,
,,,,,,,,,,,JM,001,2020-12-16_12h58.00.392,DelayedExpNT,2020.1.3,MacIntel,60,,,slash,1.63228,0,46,46,2,1,0.74910301,BLACK,,,,,,,,,,,,,,,,,,,,,,,,
,,,,,,,,,,,JM,001,2020-12-16_12h58.00.392,DelayedExpNT,2020.1.3,MacIntel,60,,,slash,0.86189,0,47,47,107,1,0.70251761,PHONE,,,,,,,,,,,,,,,,,,,,,,,,
,,,,,,,,,,,JM,001,2020-12-16_12h58.00.392,DelayedExpNT,2020.1.3,MacIntel,60,,,z,0.78184,0,48,48,308,1,0.214947297,BABY,,,,,,,,,,,,,,,,,,,,,,,,
,,,,,,,,,,,JM,001,2020-12-16_12h58.00.392,DelayedExpNT,2020.1.3,MacIntel,60,,,z,1.333225,0,49,49,58,1,0.365289125,LOOK,,,,,,,,,,,,,,,,,,,,,,,,
,,,,,,,,,,,JM,001,2020-12-16_12h58.00.392,DelayedExpNT,2020.1.3,MacIntel,60,,,z,0.73743,0,50,50,116,1,0.438487149,MEAN,,,,,,,,,,,,,,,,,,,,,,,,
,,,,,,,,,,,JM,001,2020-12-16_12h58.00.392,DelayedExpNT,2020.1.3,MacIntel,60,,,z,0.665205,0,51,51,174,1,0.876517016,COPY,,,,,,,,,,,,,,,,,,,,,,,,
,,,,,,,,,,,JM,001,2020-12-16_12h58.00.392,DelayedExpNT,2020.1.3,MacIntel,60,,,slash,0.7686,0,52,52,70,1,0.823002092,SOAP,,,,,,,,,,,,,,,,,,,,,,,,
,,,,,,,,,,,JM,001,2020-12-16_12h58.00.392,DelayedExpNT,2020.1.3,MacIntel,60,,,z,0.765555,0,53,53,64,1,0.94223127,PURPLE,,,,,,,,,,,,,,,,,,,,,,,,
,,,,,,,,,,,JM,001,2020-12-16_12h58.00.392,DelayedExpNT,2020.1.3,MacIntel,60,,,slash,1.214355,0,54,54,228,1,0.461945718,BOARD,,,,,,,,,,,,,,,,,,,,,,,,
,,,,,,,,,,,JM,001,2020-12-16_12h58.00.392,DelayedExpNT,2020.1.3,MacIntel,60,,,z,0.685395,0,55,55,203,1,0.823840101,BALL ,,,,,,,,,,,,,,,,,,,,,,,,
,,,,,,,,,,,JM,001,2020-12-16_12h58.00.392,DelayedExpNT,2020.1.3,MacIntel,60,,,z,1.79993,0,56,56,129,1,0.600881716,JAIL,,,,,,,,,,,,,,,,,,,,,,,,
,,,,,,,,,,,JM,001,2020-12-16_12h58.00.392,DelayedExpNT,2020.1.3,MacIntel,60,,,slash,0.98223,0,57,57,140,1,0.513462153,RIGHT,,,,,,,,,,,,,,,,,,,,,,,,
,,,,,,,,,,,JM,001,2020-12-16_12h58.00.392,DelayedExpNT,2020.1.3,MacIntel,60,,,z,0.648215,0,58,58,317,1,0.760979725,FAKE,,,,,,,,,,,,,,,,,,,,,,,,
,,,,,,,,,,,JM,001,2020-12-16_12h58.00.392,DelayedExpNT,2020.1.3,MacIntel,60,,,slash,0.930885,0,59,59,311,1,0.789649172,STEAL,,,,,,,,,,,,,,,,,,,,,,,,
,,,,,,,,,,,JM,001,2020-12-16_12h58.00.392,DelayedExpNT,2020.1.3,MacIntel,60,,,slash,0.95526,0,60,60,44,1,0.959776627,CLUE,,,,,,,,,,,,,,,,,,,,,,,,
,,,,,,,,,,,JM,001,2020-12-16_12h58.00.392,DelayedExpNT,2020.1.3,MacIntel,60,,,slash,0.68937,0,61,61,65,1,0.218240095,READ,,,,,,,,,,,,,,,,,,,,,,,,
,,,,,,,,,,,JM,001,2020-12-16_12h58.00.392,DelayedExpNT,2020.1.3,MacIntel,60,,,z,0.64879,0,62,62,253,1,0.604914171,TOCK,,,,,,,,,,,,,,,,,,,,,,,,
,,,,,,,,,,,JM,001,2020-12-16_12h58.00.392,DelayedExpNT,2020.1.3,MacIntel,60,,,slash,1.065075,0,63,63,89,1,0.225802842,CLOSE,,,,,,,,,,,,,,,,,,,,,,,,
,,,,,,,,,,,JM,001,2020-12-16_12h58.00.392,DelayedExpNT,2020.1.3,MacIntel,60,,,slash,1.089665,0,64,64,260,1,0.260552149,RENT,,,,,,,,,,,,,,,,,,,,,,,,
,,,,,,,,,,,JM,001,2020-12-16_12h58.00.392,DelayedExpNT,2020.1.3,MacIntel,60,,,slash,1.097955,0,65,65,106,1,0.013266111,PEPPER,,,,,,,,,,,,,,,,,,,,,,,,
,,,,,,,,,,,JM,001,2020-12-16_12h58.00.392,DelayedExpNT,2020.1.3,MacIntel,60,,,slash,0.65265,0,66,66,24,1,0.535356266,LEARN,,,,,,,,,,,,,,,,,,,,,,,,
,,,,,,,,,,,JM,001,2020-12-16_12h58.00.392,DelayedExpNT,2020.1.3,MacIntel,60,,,slash,0.663505,0,67,67,115,1,0.098200855,SPOON,,,,,,,,,,,,,,,,,,,,,,,,
,,,,,,,,,,,JM,001,2020-12-16_12h58.00.392,DelayedExpNT,2020.1.3,MacIntel,60,,,z,0.851065,0,68,68,27,1,0.115207754,MINOR,,,,,,,,,,,,,,,,,,,,,,,,
,,,,,,,,,,,JM,001,2020-12-16_12h58.00.392,DelayedExpNT,2020.1.3,MacIntel,60,,,z,1.365005,0,69,69,333,1,0.442716238,PROPER,,,,,,,,,,,,,,,,,,,,,,,,
,,,,,,,,,,,JM,001,2020-12-16_12h58.00.392,DelayedExpNT,2020.1.3,MacIntel,60,,,slash,0.831725,0,70,70,128,1,0.264208821,DAGGER,,,,,,,,,,,,,,,,,,,,,,,,
,,,,,,,,,,,JM,001,2020-12-16_12h58.00.392,DelayedExpNT,2020.1.3,MacIntel,60,,,z,0.71536,0,71,71,94,1,0.032716766,FENCE,,,,,,,,,,,,,,,,,,,,,,,,
,,,,,,,,,,,JM,001,2020-12-16_12h58.00.392,DelayedExpNT,2020.1.3,MacIntel,60,,,slash,0.93045,0,72,72,264,1,0.953873517,DEATH,,,,,,,,,,,,,,,,,,,,,,,,
,,,,,,,,,,,JM,001,2020-12-16_12h58.00.392,DelayedExpNT,2020.1.3,MacIntel,60,,,slash,0.915865,0,73,73,75,1,0.337872762,TENNIS,,,,,,,,,,,,,,,,,,,,,,,,
,,,,,,,,,,,JM,001,2020-12-16_12h58.00.392,DelayedExpNT,2020.1.3,MacIntel,60,,,slash,0.63112,0,74,74,1,1,0.591883168,BELOW,,,,,,,,,,,,,,,,,,,,,,,,
,,,,,,,,,,,JM,001,2020-12-16_12h58.00.392,DelayedExpNT,2020.1.3,MacIntel,60,,,slash,0.613265,0,75,75,25,1,0.013252083,TRAIN,,,,,,,,,,,,,,,,,,,,,,,,
,,,,,,,,,,,JM,001,2020-12-16_12h58.00.392,DelayedExpNT,2020.1.3,MacIntel,60,,,slash,0.873925,0,76,76,282,1,0.832454145,MANY,,,,,,,,,,,,,,,,,,,,,,,,
,,,,,,,,,,,JM,001,2020-12-16_12h58.00.392,DelayedExpNT,2020.1.3,MacIntel,60,,,z,0.58303,0,77,77,216,1,0.181342252,LETTUCE,,,,,,,,,,,,,,,,,,,,,,,,
,,,,,,,,,,,JM,001,2020-12-16_12h58.00.392,DelayedExpNT,2020.1.3,MacIntel,60,,,z,0.7984,0,78,78,299,1,0.551741698,MATH,,,,,,,,,,,,,,,,,,,,,,,,
,,,,,,,,,,,JM,001,2020-12-16_12h58.00.392,DelayedExpNT,2020.1.3,MacIntel,60,,,z,0.616165,0,79,79,242,1,0.154783212,VOLCANO,,,,,,,,,,,,,,,,,,,,,,,,
,,,,,,,,,,,JM,001,2020-12-16_12h58.00.392,DelayedExpNT,2020.1.3,MacIntel,60,,,z,1.314695,0,80,80,314,1,0.429097089,GRAND,,,,,,,,,,,,,,,,,,,,,,,,
,,,,,,,,,,,JM,001,2020-12-16_12h58.00.392,DelayedExpNT,2020.1.3,MacIntel,60,,,slash,1.14746,0,81,81,205,1,0.50083135,CAKE,,,,,,,,,,,,,,,,,,,,,,,,
,,,,,,,,,,,JM,001,2020-12-16_12h58.00.392,DelayedExpNT,2020.1.3,MacIntel,60,,,slash,0.8667,0,82,82,102,1,0.305795185,MINUS,,,,,,,,,,,,,,,,,,,,,,,,
,,,,,,,,,,,JM,001,2020-12-16_12h58.00.392,DelayedExpNT,2020.1.3,MacIntel,60,,,slash,0.76408,0,83,83,130,1,0.924861015,FLOWER,,,,,,,,,,,,,,,,,,,,,,,,
,,,,,,,,,,,JM,001,2020-12-16_12h58.00.392,DelayedExpNT,2020.1.3,MacIntel,60,,,slash,0.705965,0,84,84,240,1,0.608522653,ROOF,,,,,,,,,,,,,,,,,,,,,,,,
,,,,,,,,,,,JM,001,2020-12-16_12h58.00.392,DelayedExpNT,2020.1.3,MacIntel,60,,,slash,0.7504,0,85,85,255,1,0.672261175,WRONG,,,,,,,,,,,,,,,,,,,,,,,,
,,,,,,,,,,,JM,001,2020-12-16_12h58.00.392,DelayedExpNT,2020.1.3,MacIntel,60,,,z,0.53275,0,86,86,188,1,0.312944791,ONCE,,,,,,,,,,,,,,,,,,,,,,,,
,,,,,,,,,,,JM,001,2020-12-16_12h58.00.392,DelayedExpNT,2020.1.3,MacIntel,60,,,z,1.550625,0,87,87,57,1,0.864792964,FIRST,,,,,,,,,,,,,,,,,,,,,,,,
,,,,,,,,,,,JM,001,2020-12-16_12h58.00.392,DelayedExpNT,2020.1.3,MacIntel,60,,,z,1.04722,0,88,88,135,1,0.258521111,GROSS,,,,,,,,,,,,,,,,,,,,,,,,
,,,,,,,,,,,JM,001,2020-12-16_12h58.00.392,DelayedExpNT,2020.1.3,MacIntel,60,,,slash,0.646955,0,89,89,118,1,0.736402598,THERE,,,,,,,,,,,,,,,,,,,,,,,,
,,,,,,,,,,,JM,001,2020-12-16_12h58.00.392,DelayedExpNT,2020.1.3,MacIntel,60,,,z,1.048565,0,90,90,238,1,0.928411832,HAPPY,,,,,,,,,,,,,,,,,,,,,,,,
,,,,,,,,,,,JM,001,2020-12-16_12h58.00.392,DelayedExpNT,2020.1.3,MacIntel,60,,,z,0.767335,0,91,91,5,1,0.672348018,DEAF,,,,,,,,,,,,,,,,,,,,,,,,
,,,,,,,,,,,JM,001,2020-12-16_12h58.00.392,DelayedExpNT,2020.1.3,MacIntel,60,,,slash,0.73814,0,92,92,245,1,0.659684924,SHIP,,,,,,,,,,,,,,,,,,,,,,,,
,,,,,,,,,,,JM,001,2020-12-16_12h58.00.392,DelayedExpNT,2020.1.3,MacIntel,60,,,z,0.948855,0,93,93,287,1,0.157912468,YOUNG,,,,,,,,,,,,,,,,,,,,,,,,
,,,,,,,,,,,JM,001,2020-12-16_12h58.00.392,DelayedExpNT,2020.1.3,MacIntel,60,,,slash,1.301005,0,94,94,294,1,0.470676838,NIGHTS,,,,,,,,,,,,,,,,,,,,,,,,
,,,,,,,,,,,JM,001,2020-12-16_12h58.00.392,DelayedExpNT,2020.1.3,MacIntel,60,,,slash,0.56483,0,95,95,62,1,0.365921469,NOSE,,,,,,,,,,,,,,,,,,,,,,,,
,,,,,,,,,,,JM,001,2020-12-16_12h58.00.392,DelayedExpNT,2020.1.3,MacIntel,60,,,slash,0.619355,0,96,96,155,1,0.095154608,CHAIR,,,,,,,,,,,,,,,,,,,,,,,,
,,,,,,,,,,,JM,001,2020-12-16_12h58.00.392,DelayedExpNT,2020.1.3,MacIntel,60,,,slash,0.64724,0,97,97,103,1,0.052879296,MINUTE,,,,,,,,,,,,,,,,,,,,,,,,
,,,,,,,,,,,JM,001,2020-12-16_12h58.00.392,DelayedExpNT,2020.1.3,MacIntel,60,,,z,0.714685,0,98,98,284,1,0.111720609,THANKS,,,,,,,,,,,,,,,,,,,,,,,,
,,,,,,,,,,,JM,001,2020-12-16_12h58.00.392,DelayedExpNT,2020.1.3,MacIntel,60,,,z,0.688605,0,99,99,81,1,0.672881454,WAITER,,,,,,,,,,,,,,,,,,,,,,,,
,,,,,,,,,,,JM,001,2020-12-16_12h58.00.392,DelayedExpNT,2020.1.3,MacIntel,60,,,z,0.964515,0,100,100,271,1,0.488682014,EXCUSE,,,,,,,,,,,,,,,,,,,,,,,,
,,,,,,,,,,,JM,001,2020-12-16_12h58.00.392,DelayedExpNT,2020.1.3,MacIntel,60,,,slash,0.964955,0,101,101,95,1,0.229194801,FINGER,,,,,,,,,,,,,,,,,,,,,,,,
,,,,,,,,,,,JM,001,2020-12-16_12h58.00.392,DelayedExpNT,2020.1.3,MacIntel,60,,,slash,0.549175,0,102,102,131,1,0.977757327,GLORY,,,,,,,,,,,,,,,,,,,,,,,,
,,,,,,,,,,,JM,001,2020-12-16_12h58.00.392,DelayedExpNT,2020.1.3,MacIntel,60,,,z,0.79835,0,103,103,177,1,0.459837106,HELLO,,,,,,,,,,,,,,,,,,,,,,,,
,,,,,,,,,,,JM,001,2020-12-16_12h58.00.392,DelayedExpNT,2020.1.3,MacIntel,60,,,slash,1.040785,0,104,104,307,1,0.390412025,PENNY,,,,,,,,,,,,,,,,,,,,,,,,
,,,,,,,,,,,JM,001,2020-12-16_12h58.00.392,DelayedExpNT,2020.1.3,MacIntel,60,,,z,0.782035,0,105,105,40,1,0.688159484,WHEAT,,,,,,,,,,,,,,,,,,,,,,,,
,,,,,,,,,,,JM,001,2020-12-16_12h58.00.392,DelayedExpNT,2020.1.3,MacIntel,60,,,slash,1.16963,0,106,106,91,1,0.23738116,DOLLAR,,,,,,,,,,,,,,,,,,,,,,,,
,,,,,,,,,,,JM,001,2020-12-16_12h58.00.392,DelayedExpNT,2020.1.3,MacIntel,60,,,z,0.916865,0,107,107,324,1,0.343912954,SHIRT,,,,,,,,,,,,,,,,,,,,,,,,
,,,,,,,,,,,JM,001,2020-12-16_12h58.00.392,DelayedExpNT,2020.1.3,MacIntel,60,,,slash,0.68144,0,108,108,137,1,0.04922332,NEPHEW,,,,,,,,,,,,,,,,,,,,,,,,
,,,,,,,,,,,JM,001,2020-12-16_12h58.00.392,DelayedExpNT,2020.1.3,MacIntel,60,,,slash,0.649635,0,109,109,185,1,0.563677501,PLAN,,,,,,,,,,,,,,,,,,,,,,,,
,,,,,,,,,,,JM,001,2020-12-16_12h58.00.392,DelayedExpNT,2020.1.3,MacIntel,60,,,slash,1.30036,0,110,110,108,1,0.062306235,PLANT,,,,,,,,,,,,,,,,,,,,,,,,
,,,,,,,,,,,JM,001,2020-12-16_12h58.00.392,DelayedExpNT,2020.1.3,MacIntel,60,,,z,1.171315,0,111,111,147,1,0.678226791,TWELVE,,,,,,,,,,,,,,,,,,,,,,,,
,,,,,,,,,,,JM,001,2020-12-16_12h58.00.392,DelayedExpNT,2020.1.3,MacIntel,60,,,slash,0.797615,0,112,112,31,1,0.761629448,SMILE,,,,,,,,,,,,,,,,,,,,,,,,
,,,,,,,,,,,JM,001,2020-12-16_12h58.00.392,DelayedExpNT,2020.1.3,MacIntel,60,,,z,0.739155,0,113,113,319,1,0.496843659,STUPID,,,,,,,,,,,,,,,,,,,,,,,,
,,,,,,,,,,,JM,001,2020-12-16_12h58.00.392,DelayedExpNT,2020.1.3,MacIntel,60,,,slash,0.86467,0,114,114,87,1,0.347621821,CANCER,,,,,,,,,,,,,,,,,,,,,,,,
,,,,,,,,,,,JM,001,2020-12-16_12h58.00.392,DelayedExpNT,2020.1.3,MacIntel,60,,,z,0.887325,0,115,115,300,1,0.880342989,TOWN,,,,,,,,,,,,,,,,,,,,,,,,
,,,,,,,,,,,JM,001,2020-12-16_12h58.00.392,DelayedExpNT,2020.1.3,MacIntel,60,,,slash,0.732205,0,116,116,61,1,0.114204089,NAVY,,,,,,,,,,,,,,,,,,,,,,,,
,,,,,,,,,,,JM,001,2020-12-16_12h58.00.392,DelayedExpNT,2020.1.3,MacIntel,60,,,slash,0.85553,0,117,117,220,1,0.585266459,TALK,,,,,,,,,,,,,,,,,,,,,,,,
,,,,,,,,,,,JM,001,2020-12-16_12h58.00.392,DelayedExpNT,2020.1.3,MacIntel,60,,,slash,0.638665,0,118,118,105,1,0.795560321,OFFICE,,,,,,,,,,,,,,,,,,,,,,,,
,,,,,,,,,,,JM,001,2020-12-16_12h58.00.392,DelayedExpNT,2020.1.3,MacIntel,60,,,slash,0.89905,0,119,119,169,1,0.227518623,SPICE,,,,,,,,,,,,,,,,,,,,,,,,
,,,,,,,,,,,JM,001,2020-12-16_12h58.00.392,DelayedExpNT,2020.1.3,MacIntel,60,,,slash,0.73092,0,120,120,46,1,0.627034201,BRANCH,,,,,,,,,,,,,,,,,,,,,,,,
,,,,,,,,,,,JM,001,2020-12-16_12h58.00.392,DelayedExpNT,2020.1.3,MacIntel,60,,,z,0.78236,0,121,121,157,1,0.418697772,BOMB,,,,,,,,,,,,,,,,,,,,,,,,
,,,,,,,,,,,JM,001,2020-12-16_12h58.00.392,DelayedExpNT,2020.1.3,MacIntel,60,,,z,0.78302,0,122,122,88,1,0.827935153,CLOCK,,,,,,,,,,,,,,,,,,,,,,,,
,,,,,,,,,,,JM,001,2020-12-16_12h58.00.392,DelayedExpNT,2020.1.3,MacIntel,60,,,z,0.72405,0,123,123,279,1,0.47019639,PLANE ,,,,,,,,,,,,,,,,,,,,,,,,
,,,,,,,,,,,JM,001,2020-12-16_12h58.00.392,DelayedExpNT,2020.1.3,MacIntel,60,,,z,0.732135,0,124,124,0,1,0.529420303,STOMACH,,,,,,,,,,,,,,,,,,,,,,,,
,,,,,,,,,,,JM,001,2020-12-16_12h58.00.392,DelayedExpNT,2020.1.3,MacIntel,60,,,z,0.77445,0,125,125,233,1,0.915717705,LOSE,,,,,,,,,,,,,,,,,,,,,,,,
,,,,,,,,,,,JM,001,2020-12-16_12h58.00.392,DelayedExpNT,2020.1.3,MacIntel,60,,,slash,1.581885,0,126,126,219,1,0.384924291,MUSIC ,,,,,,,,,,,,,,,,,,,,,,,,
,,,,,,,,,,,JM,001,2020-12-16_12h58.00.392,DelayedExpNT,2020.1.3,MacIntel,60,,,z,0.9649,0,127,127,176,1,0.397833275,WATER,,,,,,,,,,,,,,,,,,,,,,,,
,,,,,,,,,,,JM,001,2020-12-16_12h58.00.392,DelayedExpNT,2020.1.3,MacIntel,60,,,z,0.690805,0,128,128,47,1,0.431134502,BUCKET,,,,,,,,,,,,,,,,,,,,,,,,
,,,,,,,,,,,JM,001,2020-12-16_12h58.00.392,DelayedExpNT,2020.1.3,MacIntel,60,,,slash,0.66473,0,129,129,99,1,0.276937663,HORSE,,,,,,,,,,,,,,,,,,,,,,,,
,,,,,,,,,,,JM,001,2020-12-16_12h58.00.392,DelayedExpNT,2020.1.3,MacIntel,60,,,slash,0.715225,0,130,130,92,1,0.347317824,EARLY,,,,,,,,,,,,,,,,,,,,,,,,
,,,,,,,,,,,JM,001,2020-12-16_12h58.00.392,DelayedExpNT,2020.1.3,MacIntel,60,,,z,0.68031,0,131,131,328,1,0.478092108,KNIT,,,,,,,,,,,,,,,,,,,,,,,,
,,,,,,,,,,,JM,001,2020-12-16_12h58.00.392,DelayedExpNT,2020.1.3,MacIntel,60,,,slash,0.672815,0,132,132,30,1,0.692372227,SHOES,,,,,,,,,,,,,,,,,,,,,,,,
,,,,,,,,,,,JM,001,2020-12-16_12h58.00.392,DelayedExpNT,2020.1.3,MacIntel,60,,,z,0.76657,0,133,133,212,1,0.933068314,FIND,,,,,,,,,,,,,,,,,,,,,,,,
,,,,,,,,,,,JM,001,2020-12-16_12h58.00.392,DelayedExpNT,2020.1.3,MacIntel,60,,,z,0.672685,0,134,134,120,1,0.934235852,TIGER,,,,,,,,,,,,,,,,,,,,,,,,
,,,,,,,,,,,JM,001,2020-12-16_12h58.00.392,DelayedExpNT,2020.1.3,MacIntel,60,,,slash,0.68661,0,135,135,143,1,0.836621785,SMOOTH,,,,,,,,,,,,,,,,,,,,,,,,
,,,,,,,,,,,JM,001,2020-12-16_12h58.00.392,DelayedExpNT,2020.1.3,MacIntel,60,,,z,0.898635,0,136,136,285,1,0.354414689,TOOL,,,,,,,,,,,,,,,,,,,,,,,,
,,,,,,,,,,,JM,001,2020-12-16_12h58.00.392,DelayedExpNT,2020.1.3,MacIntel,60,,,z,0.71432,0,137,137,194,1,0.109445088,FRONT,,,,,,,,,,,,,,,,,,,,,,,,
,,,,,,,,,,,JM,001,2020-12-16_12h58.00.392,DelayedExpNT,2020.1.3,MacIntel,60,,,slash,0.73273,0,138,138,69,1,0.895309833,SLOW,,,,,,,,,,,,,,,,,,,,,,,,
,,,,,,,,,,,JM,001,2020-12-16_12h58.00.392,DelayedExpNT,2020.1.3,MacIntel,60,,,slash,0.716375,0,139,139,77,1,0.722906444,THIRST,,,,,,,,,,,,,,,,,,,,,,,,
,,,,,,,,,,,JM,001,2020-12-16_12h58.00.392,DelayedExpNT,2020.1.3,MacIntel,60,,,z,1.833915,0,140,140,208,1,0.453940446,MAID,,,,,,,,,,,,,,,,,,,,,,,,
,,,,,,,,,,,JM,001,2020-12-16_12h58.00.392,DelayedExpNT,2020.1.3,MacIntel,60,,,z,0.681575,0,141,141,162,1,0.263908753,CLAM,,,,,,,,,,,,,,,,,,,,,,,,
,,,,,,,,,,,JM,001,2020-12-16_12h58.00.392,DelayedExpNT,2020.1.3,MacIntel,60,,,z,0.73129,0,142,142,184,1,0.25753243,SURE,,,,,,,,,,,,,,,,,,,,,,,,
,,,,,,,,,,,JM,001,2020-12-16_12h58.00.392,DelayedExpNT,2020.1.3,MacIntel,60,,,z,0.553905,0,143,143,175,1,0.487151799,ITCH,,,,,,,,,,,,,,,,,,,,,,,,
,,,,,,,,,,,JM,001,2020-12-16_12h58.00.392,DelayedExpNT,2020.1.3,MacIntel,60,,,slash,0.685135,0,144,144,199,1,0.191406649,SMALL,,,,,,,,,,,,,,,,,,,,,,,,
,,,,,,,,,,,JM,001,2020-12-16_12h58.00.392,DelayedExpNT,2020.1.3,MacIntel,60,,,slash,0.77133,0,145,145,182,1,0.386108126,SNEEZE,,,,,,,,,,,,,,,,,,,,,,,,
,,,,,,,,,,,JM,001,2020-12-16_12h58.00.392,DelayedExpNT,2020.1.3,MacIntel,60,,,slash,0.949355,0,146,146,241,1,0.580617365,CHOOSE,,,,,,,,,,,,,,,,,,,,,,,,
,,,,,,,,,,,JM,001,2020-12-16_12h58.00.392,DelayedExpNT,2020.1.3,MacIntel,60,,,z,1.16457,0,147,147,267,1,0.251154165,ANNOY,,,,,,,,,,,,,,,,,,,,,,,,
,,,,,,,,,,,JM,001,2020-12-16_12h58.00.392,DelayedExpNT,2020.1.3,MacIntel,60,,,z,1.498445,0,148,148,187,1,0.991505378,ENGLISH,,,,,,,,,,,,,,,,,,,,,,,,
,,,,,,,,,,,JM,001,2020-12-16_12h58.00.392,DelayedExpNT,2020.1.3,MacIntel,60,,,z,0.7882,0,149,149,193,1,0.804995998,ALLOW,,,,,,,,,,,,,,,,,,,,,,,,
,,,,,,,,,,,JM,001,2020-12-16_12h58.00.392,DelayedExpNT,2020.1.3,MacIntel,60,,,z,0.76364,0,150,150,190,1,0.686155583,LARGE,,,,,,,,,,,,,,,,,,,,,,,,
,,,,,,,,,,,JM,001,2020-12-16_12h58.00.392,DelayedExpNT,2020.1.3,MacIntel,60,,,slash,0.966545,0,151,151,281,1,0.285120036,DISAGREE,,,,,,,,,,,,,,,,,,,,,,,,
,,,,,,,,,,,JM,001,2020-12-16_12h58.00.392,DelayedExpNT,2020.1.3,MacIntel,60,,,slash,0.999095,0,152,152,156,1,0.965556302,STORY,,,,,,,,,,,,,,,,,,,,,,,,
,,,,,,,,,,,JM,001,2020-12-16_12h58.00.392,DelayedExpNT,2020.1.3,MacIntel,60,,,z,0.736595,0,153,153,163,1,0.484391305,PICKLE,,,,,,,,,,,,,,,,,,,,,,,,
,,,,,,,,,,,JM,001,2020-12-16_12h58.00.392,DelayedExpNT,2020.1.3,MacIntel,60,,,z,0.76474,0,154,154,17,1,0.750146408,TRASH,,,,,,,,,,,,,,,,,,,,,,,,
,,,,,,,,,,,JM,001,2020-12-16_12h58.00.392,DelayedExpNT,2020.1.3,MacIntel,60,,,z,1.11483,0,155,155,67,1,0.062957731,SEEK,,,,,,,,,,,,,,,,,,,,,,,,
,,,,,,,,,,,JM,001,2020-12-16_12h58.00.392,DelayedExpNT,2020.1.3,MacIntel,60,,,z,0.929285,0,156,156,114,1,0.545482083,SHOVE,,,,,,,,,,,,,,,,,,,,,,,,
,,,,,,,,,,,JM,001,2020-12-16_12h58.00.392,DelayedExpNT,2020.1.3,MacIntel,60,,,slash,1.01505,0,157,157,66,1,0.644718582,MOST,,,,,,,,,,,,,,,,,,,,,,,,
,,,,,,,,,,,JM,001,2020-12-16_12h58.00.392,DelayedExpNT,2020.1.3,MacIntel,60,,,slash,0.70281,0,158,158,171,1,0.821679804,PAPER,,,,,,,,,,,,,,,,,,,,,,,,
,,,,,,,,,,,JM,001,2020-12-16_12h58.00.392,DelayedExpNT,2020.1.3,MacIntel,60,,,z,0.885035,0,159,159,11,1,0.990945607,FIVE,,,,,,,,,,,,,,,,,,,,,,,,
,,,,,,,,,,,JM,001,2020-12-16_12h58.00.392,DelayedExpNT,2020.1.3,MacIntel,60,,,z,0.76418,0,160,160,123,1,0.581148527,WHOLE,,,,,,,,,,,,,,,,,,,,,,,,
,,,,,,,,,,,JM,001,2020-12-16_12h58.00.392,DelayedExpNT,2020.1.3,MacIntel,60,,,z,1.35004,0,161,161,288,1,0.439318871,CHILD,,,,,,,,,,,,,,,,,,,,,,,,
,,,,,,,,,,,JM,001,2020-12-16_12h58.00.392,DelayedExpNT,2020.1.3,MacIntel,60,,,z,1.297215,0,162,162,303,1,0.123847496,RULE,,,,,,,,,,,,,,,,,,,,,,,,
,,,,,,,,,,,JM,001,2020-12-16_12h58.00.392,DelayedExpNT,2020.1.3,MacIntel,60,,,slash,1.51787,0,163,163,164,1,0.499184699,NICKEL,,,,,,,,,,,,,,,,,,,,,,,,
,,,,,,,,,,,JM,001,2020-12-16_12h58.00.392,DelayedExpNT,2020.1.3,MacIntel,60,,,slash,0.781365,0,164,164,16,1,0.237213652,HOTEL,,,,,,,,,,,,,,,,,,,,,,,,
,,,,,,,,,,,JM,001,2020-12-16_12h58.00.392,DelayedExpNT,2020.1.3,MacIntel,60,,,slash,0.72371,0,165,165,28,1,0.933394255,NOISE,,,,,,,,,,,,,,,,,,,,,,,,
,,,,,,,,,,,JM,001,2020-12-16_12h58.00.392,DelayedExpNT,2020.1.3,MacIntel,60,,,z,0.613905,0,166,166,272,1,0.799885569,CLOWN,,,,,,,,,,,,,,,,,,,,,,,,
,,,,,,,,,,,JM,001,2020-12-16_12h58.00.392,DelayedExpNT,2020.1.3,MacIntel,60,,,z,0.599045,0,167,167,7,1,0.772916293,DIRT,,,,,,,,,,,,,,,,,,,,,,,,
,,,,,,,,,,,JM,001,2020-12-16_12h58.00.392,DelayedExpNT,2020.1.3,MacIntel,60,,,z,0.73213,0,168,168,226,1,0.48975986,YEAR,,,,,,,,,,,,,,,,,,,,,,,,
,,,,,,,,,,,JM,001,2020-12-16_12h58.00.392,DelayedExpNT,2020.1.3,MacIntel,60,,,z,1.315195,0,169,169,258,1,0.636956338,RAIN,,,,,,,,,,,,,,,,,,,,,,,,
,,,,,,,,,,,JM,001,2020-12-16_12h58.00.392,DelayedExpNT,2020.1.3,MacIntel,60,,,slash,0.982135,0,170,170,8,1,0.734539943,STARS,,,,,,,,,,,,,,,,,,,,,,,,
,,,,,,,,,,,JM,001,2020-12-16_12h58.00.392,DelayedExpNT,2020.1.3,MacIntel,60,,,slash,0.93286,0,171,171,138,1,0.399296296,NUMBER,,,,,,,,,,,,,,,,,,,,,,,,
,,,,,,,,,,,JM,001,2020-12-16_12h58.00.392,DelayedExpNT,2020.1.3,MacIntel,60,,,slash,0.833,0,172,172,218,1,0.585156293,MAYBE,,,,,,,,,,,,,,,,,,,,,,,,
,,,,,,,,,,,JM,001,2020-12-16_12h58.00.392,DelayedExpNT,2020.1.3,MacIntel,60,,,slash,0.69817,0,173,173,154,1,0.318502566,DREAM,,,,,,,,,,,,,,,,,,,,,,,,
,,,,,,,,,,,JM,001,2020-12-16_12h58.00.392,DelayedExpNT,2020.1.3,MacIntel,60,,,slash,0.74932,0,174,174,335,1,0.613096738,DOCTOR,,,,,,,,,,,,,,,,,,,,,,,,
,,,,,,,,,,,JM,001,2020-12-16_12h58.00.392,DelayedExpNT,2020.1.3,MacIntel,60,,,z,0.816255,0,175,175,229,1,0.863538948,STREET,,,,,,,,,,,,,,,,,,,,,,,,
,,,,,,,,,,,JM,001,2020-12-16_12h58.00.392,DelayedExpNT,2020.1.3,MacIntel,60,,,z,0.65274,0,176,176,332,1,0.974059223,SPOTS,,,,,,,,,,,,,,,,,,,,,,,,
,,,,,,,,,,,JM,001,2020-12-16_12h58.00.392,DelayedExpNT,2020.1.3,MacIntel,60,,,slash,0.71622,0,177,177,78,1,0.083350371,THREAD,,,,,,,,,,,,,,,,,,,,,,,,
,,,,,,,,,,,JM,001,2020-12-16_12h58.00.392,DelayedExpNT,2020.1.3,MacIntel,60,,,z,0.738225,0,178,178,234,1,0.910379519,BELL,,,,,,,,,,,,,,,,,,,,,,,,
,,,,,,,,,,,JM,001,2020-12-16_12h58.00.392,DelayedExpNT,2020.1.3,MacIntel,60,,,z,1.08631,0,179,179,50,1,0.129107951,NEWS,,,,,,,,,,,,,,,,,,,,,,,,
,,,,,,,,,,,JM,001,2020-12-16_12h58.00.392,DelayedExpNT,2020.1.3,MacIntel,60,,,slash,0.75421,0,180,180,82,1,0.014768335,WILD,,,,,,,,,,,,,,,,,,,,,,,,
,,,,,,,,,,,JM,001,2020-12-16_12h58.00.392,DelayedExpNT,2020.1.3,MacIntel,60,,,slash,1.013545,0,181,181,250,1,0.374148471,SING,,,,,,,,,,,,,,,,,,,,,,,,
,,,,,,,,,,,JM,001,2020-12-16_12h58.00.392,DelayedExpNT,2020.1.3,MacIntel,60,,,z,0.949235,0,182,182,321,1,0.950911015,BREAD,,,,,,,,,,,,,,,,,,,,,,,,
,,,,,,,,,,,JM,001,2020-12-16_12h58.00.392,DelayedExpNT,2020.1.3,MacIntel,60,,,z,1.246775,0,183,183,209,1,0.590464133,CARRY,,,,,,,,,,,,,,,,,,,,,,,,
,,,,,,,,,,,JM,001,2020-12-16_12h58.00.392,DelayedExpNT,2020.1.3,MacIntel,60,,,z,0.69943,0,184,184,223,1,0.261202417,CHURCH,,,,,,,,,,,,,,,,,,,,,,,,
,,,,,,,,,,,JM,001,2020-12-16_12h58.00.392,DelayedExpNT,2020.1.3,MacIntel,60,,,z,0.489075,0,185,185,21,1,0.817537999,LAKE,,,,,,,,,,,,,,,,,,,,,,,,
,,,,,,,,,,,JM,001,2020-12-16_12h58.00.392,DelayedExpNT,2020.1.3,MacIntel,60,,,slash,0.78304,0,186,186,126,1,0.121983524,CHANGE,,,,,,,,,,,,,,,,,,,,,,,,
,,,,,,,,,,,JM,001,2020-12-16_12h58.00.392,DelayedExpNT,2020.1.3,MacIntel,60,,,z,0.84906,0,187,187,289,1,0.500156877,TRAILER,,,,,,,,,,,,,,,,,,,,,,,,
,,,,,,,,,,,JM,001,2020-12-16_12h58.00.392,DelayedExpNT,2020.1.3,MacIntel,60,,,slash,0.748235,0,188,188,144,1,0.591531802,STAIRS,,,,,,,,,,,,,,,,,,,,,,,,
,,,,,,,,,,,JM,001,2020-12-16_12h58.00.392,DelayedExpNT,2020.1.3,MacIntel,60,,,z,0.982615,0,189,189,10,1,0.531477438,SORRY,,,,,,,,,,,,,,,,,,,,,,,,
,,,,,,,,,,,JM,001,2020-12-16_12h58.00.392,DelayedExpNT,2020.1.3,MacIntel,60,,,z,0.8147,0,190,190,197,1,0.207302344,EFFECT,,,,,,,,,,,,,,,,,,,,,,,,
,,,,,,,,,,,JM,001,2020-12-16_12h58.00.392,DelayedExpNT,2020.1.3,MacIntel,60,,,z,0.6869,0,191,191,170,1,0.892972342,PENCIL,,,,,,,,,,,,,,,,,,,,,,,,
,,,,,,,,,,,JM,001,2020-12-16_12h58.00.392,DelayedExpNT,2020.1.3,MacIntel,60,,,z,0.567725,0,192,192,313,1,0.66506893,MILK,,,,,,,,,,,,,,,,,,,,,,,,
,,,,,,,,,,,JM,001,2020-12-16_12h58.00.392,DelayedExpNT,2020.1.3,MacIntel,60,,,z,0.60412,0,193,193,280,1,0.045251049,EXACT,,,,,,,,,,,,,,,,,,,,,,,,
,,,,,,,,,,,JM,001,2020-12-16_12h58.00.392,DelayedExpNT,2020.1.3,MacIntel,60,,,slash,1.00412,0,194,194,121,1,0.831197722,UNCLE,,,,,,,,,,,,,,,,,,,,,,,,
,,,,,,,,,,,JM,001,2020-12-16_12h58.00.392,DelayedExpNT,2020.1.3,MacIntel,60,,,z,1.103205,0,195,195,254,1,0.013339401,SILVER,,,,,,,,,,,,,,,,,,,,,,,,
,,,,,,,,,,,JM,001,2020-12-16_12h58.00.392,DelayedExpNT,2020.1.3,MacIntel,60,,,z,1.415075,0,196,196,322,1,0.978580072,REPEAT,,,,,,,,,,,,,,,,,,,,,,,,
,,,,,,,,,,,JM,001,2020-12-16_12h58.00.392,DelayedExpNT,2020.1.3,MacIntel,60,,,z,0.645815,0,197,197,183,1,0.024613839,UNCLEAR,,,,,,,,,,,,,,,,,,,,,,,,
,,,,,,,,,,,JM,001,2020-12-16_12h58.00.392,DelayedExpNT,2020.1.3,MacIntel,60,,,z,1.29756,0,198,198,309,1,0.479222319,MOVE,,,,,,,,,,,,,,,,,,,,,,,,
,,,,,,,,,,,JM,001,2020-12-16_12h58.00.392,DelayedExpNT,2020.1.3,MacIntel,60,,,z,0.58425,0,199,199,277,1,0.952296572,MARRY,,,,,,,,,,,,,,,,,,,,,,,,
,,,,,,,,,,,JM,001,2020-12-16_12h58.00.392,DelayedExpNT,2020.1.3,MacIntel,60,,,z,0.550805,0,200,200,301,1,0.925475301,BIKE,,,,,,,,,,,,,,,,,,,,,,,,
,,,,,,,,,,,JM,001,2020-12-16_12h58.00.392,DelayedExpNT,2020.1.3,MacIntel,60,,,z,0.79765,0,201,201,261,1,0.987188782,STRIPE,,,,,,,,,,,,,,,,,,,,,,,,
,,,,,,,,,,,JM,001,2020-12-16_12h58.00.392,DelayedExpNT,2020.1.3,MacIntel,60,,,slash,0.668385,0,202,202,6,1,0.182134166,DEVIL,,,,,,,,,,,,,,,,,,,,,,,,
,,,,,,,,,,,JM,001,2020-12-16_12h58.00.392,DelayedExpNT,2020.1.3,MacIntel,60,,,z,1.230125,0,203,203,306,1,0.37743271,LIGHT,,,,,,,,,,,,,,,,,,,,,,,,
,,,,,,,,,,,JM,001,2020-12-16_12h58.00.392,DelayedExpNT,2020.1.3,MacIntel,60,,,z,0.681205,0,204,204,257,1,0.166037545,SPIT,,,,,,,,,,,,,,,,,,,,,,,,
,,,,,,,,,,,JM,001,2020-12-16_12h58.00.392,DelayedExpNT,2020.1.3,MacIntel,60,,,z,0.79922,0,205,205,243,1,0.741808225,WARM,,,,,,,,,,,,,,,,,,,,,,,,
,,,,,,,,,,,JM,001,2020-12-16_12h58.00.392,DelayedExpNT,2020.1.3,MacIntel,60,,,z,0.898115,0,206,206,246,1,0.621310232,NONE,,,,,,,,,,,,,,,,,,,,,,,,
,,,,,,,,,,,JM,001,2020-12-16_12h58.00.392,DelayedExpNT,2020.1.3,MacIntel,60,,,z,0.902645,0,207,207,35,1,0.859350925,PRESENT,,,,,,,,,,,,,,,,,,,,,,,,
,,,,,,,,,,,JM,001,2020-12-16_12h58.00.392,DelayedExpNT,2020.1.3,MacIntel,60,,,z,0.701725,0,208,208,3,1,0.930226099,BRIDE,,,,,,,,,,,,,,,,,,,,,,,,
,,,,,,,,,,,JM,001,2020-12-16_12h58.00.392,DelayedExpNT,2020.1.3,MacIntel,60,,,slash,0.89062,0,209,209,195,1,0.873915539,SOFT,,,,,,,,,,,,,,,,,,,,,,,,
,,,,,,,,,,,JM,001,2020-12-16_12h58.00.392,DelayedExpNT,2020.1.3,MacIntel,60,,,slash,0.763855,0,210,210,54,1,0.13933225,INHALE,,,,,,,,,,,,,,,,,,,,,,,,
,,,,,,,,,,,JM,001,2020-12-16_12h58.00.392,DelayedExpNT,2020.1.3,MacIntel,60,,,z,0.78629,0,211,211,274,1,0.176981717,SHALLOW,,,,,,,,,,,,,,,,,,,,,,,,
,,,,,,,,,,,JM,001,2020-12-16_12h58.00.392,DelayedExpNT,2020.1.3,MacIntel,60,,,z,0.73118,0,212,212,165,1,0.761584316,HORN,,,,,,,,,,,,,,,,,,,,,,,,
,,,,,,,,,,,JM,001,2020-12-16_12h58.00.392,DelayedExpNT,2020.1.3,MacIntel,60,,,z,0.665925,0,213,213,136,1,0.465404883,LENGTH,,,,,,,,,,,,,,,,,,,,,,,,
,,,,,,,,,,,JM,001,2020-12-16_12h58.00.392,DelayedExpNT,2020.1.3,MacIntel,60,,,slash,0.732655,0,214,214,68,1,0.125988035,TOUR,,,,,,,,,,,,,,,,,,,,,,,,
,,,,,,,,,,,JM,001,2020-12-16_12h58.00.392,DelayedExpNT,2020.1.3,MacIntel,60,,,z,0.684125,0,215,215,191,1,0.181013519,GLASSES,,,,,,,,,,,,,,,,,,,,,,,,
,,,,,,,,,,,JM,001,2020-12-16_12h58.00.392,DelayedExpNT,2020.1.3,MacIntel,60,,,z,0.63575,0,216,216,59,1,0.622354057,MIDDLE,,,,,,,,,,,,,,,,,,,,,,,,
,,,,,,,,,,,JM,001,2020-12-16_12h58.00.392,DelayedExpNT,2020.1.3,MacIntel,60,,,z,0.799615,0,217,217,214,1,0.461447159,STRANGE,,,,,,,,,,,,,,,,,,,,,,,,
,,,,,,,,,,,JM,001,2020-12-16_12h58.00.392,DelayedExpNT,2020.1.3,MacIntel,60,,,z,1.004735,0,218,218,316,1,0.468087973,EXPLODE,,,,,,,,,,,,,,,,,,,,,,,,
,,,,,,,,,,,JM,001,2020-12-16_12h58.00.392,DelayedExpNT,2020.1.3,MacIntel,60,,,slash,0.668575,0,219,219,139,1,0.240033273,SONG,,,,,,,,,,,,,,,,,,,,,,,,
,,,,,,,,,,,JM,001,2020-12-16_12h58.00.392,DelayedExpNT,2020.1.3,MacIntel,60,,,slash,0.816175,0,220,220,166,1,0.37213925,YELLOW,,,,,,,,,,,,,,,,,,,,,,,,
,,,,,,,,,,,JM,001,2020-12-16_12h58.00.392,DelayedExpNT,2020.1.3,MacIntel,60,,,slash,0.92976,0,221,221,37,1,0.811017401,SWEET,,,,,,,,,,,,,,,,,,,,,,,,
,,,,,,,,,,,JM,001,2020-12-16_12h58.00.392,DelayedExpNT,2020.1.3,MacIntel,60,,,z,1.404295,0,222,222,73,1,0.213554661,STATES,,,,,,,,,,,,,,,,,,,,,,,,
,,,,,,,,,,,JM,001,2020-12-16_12h58.00.392,DelayedExpNT,2020.1.3,MacIntel,60,,,z,0.766075,0,223,223,232,1,0.742775951,TAKE,,,,,,,,,,,,,,,,,,,,,,,,
,,,,,,,,,,,JM,001,2020-12-16_12h58.00.392,DelayedExpNT,2020.1.3,MacIntel,60,,,z,0.54922,0,224,224,227,1,0.774027327,SWORD,,,,,,,,,,,,,,,,,,,,,,,,
,,,,,,,,,,,JM,001,2020-12-16_12h58.00.392,DelayedExpNT,2020.1.3,MacIntel,60,,,slash,1.331315,0,225,225,34,1,0.191245414,SOUTH,,,,,,,,,,,,,,,,,,,,,,,,
,,,,,,,,,,,JM,001,2020-12-16_12h58.00.392,DelayedExpNT,2020.1.3,MacIntel,60,,,slash,0.92036,0,226,226,101,1,0.521607152,LEMON,,,,,,,,,,,,,,,,,,,,,,,,
,,,,,,,,,,,JM,001,2020-12-16_12h58.00.392,DelayedExpNT,2020.1.3,MacIntel,60,,,z,0.76503,0,227,227,326,1,0.226935378,ARMS,,,,,,,,,,,,,,,,,,,,,,,,
,,,,,,,,,,,JM,001,2020-12-16_12h58.00.392,DelayedExpNT,2020.1.3,MacIntel,60,,,z,0.582655,0,228,228,100,1,0.655582154,LEAVES,,,,,,,,,,,,,,,,,,,,,,,,
,,,,,,,,,,,JM,001,2020-12-16_12h58.00.392,DelayedExpNT,2020.1.3,MacIntel,60,,,slash,1.70498,0,229,229,160,1,0.555276839,MONEY,,,,,,,,,,,,,,,,,,,,,,,,
,,,,,,,,,,,JM,001,2020-12-16_12h58.00.392,DelayedExpNT,2020.1.3,MacIntel,60,,,z,1.36481,0,230,230,297,1,0.329692231,STRESS,,,,,,,,,,,,,,,,,,,,,,,,
,,,,,,,,,,,JM,001,2020-12-16_12h58.00.392,DelayedExpNT,2020.1.3,MacIntel,60,,,z,0.700025,0,231,231,173,1,0.226878614,NINE,,,,,,,,,,,,,,,,,,,,,,,,
,,,,,,,,,,,JM,001,2020-12-16_12h58.00.392,DelayedExpNT,2020.1.3,MacIntel,60,,,z,0.649095,0,232,232,206,1,0.180692856,MAD,,,,,,,,,,,,,,,,,,,,,,,,
,,,,,,,,,,,JM,001,2020-12-16_12h58.00.392,DelayedExpNT,2020.1.3,MacIntel,60,,,z,0.421775,0,233,233,270,1,0.820147356,BUSH,,,,,,,,,,,,,,,,,,,,,,,,
,,,,,,,,,,,JM,001,2020-12-16_12h58.00.392,DelayedExpNT,2020.1.3,MacIntel,60,,,z,0.498545,0,234,234,119,1,0.68933552,THROW,,,,,,,,,,,,,,,,,,,,,,,,
,,,,,,,,,,,JM,001,2020-12-16_12h58.00.392,DelayedExpNT,2020.1.3,MacIntel,60,,,z,0.769075,0,235,235,248,1,0.526050867,PROBLEM,,,,,,,,,,,,,,,,,,,,,,,,
,,,,,,,,,,,JM,001,2020-12-16_12h58.00.392,DelayedExpNT,2020.1.3,MacIntel,60,,,slash,0.82387,0,236,236,127,1,0.84080731,CHEESE,,,,,,,,,,,,,,,,,,,,,,,,
,,,,,,,,,,,JM,001,2020-12-16_12h58.00.392,DelayedExpNT,2020.1.3,MacIntel,60,,,z,0.63844,0,237,237,83,1,0.628335846,WINTER,,,,,,,,,,,,,,,,,,,,,,,,
,,,,,,,,,,,JM,001,2020-12-16_12h58.00.392,DelayedExpNT,2020.1.3,MacIntel,60,,,z,0.607345,0,238,238,168,1,0.349003517,SILK,,,,,,,,,,,,,,,,,,,,,,,,
,,,,,,,,,,,JM,001,2020-12-16_12h58.00.392,DelayedExpNT,2020.1.3,MacIntel,60,,,z,1.77316,0,239,239,29,1,0.170546156,POUND,,,,,,,,,,,,,,,,,,,,,,,,
,,,,,,,,,,,JM,001,2020-12-16_12h58.00.392,DelayedExpNT,2020.1.3,MacIntel,60,,,z,1.08956,0,240,240,291,1,0.807266811,SLIDE,,,,,,,,,,,,,,,,,,,,,,,,
,,,,,,,,,,,JM,001,2020-12-16_12h58.00.392,DelayedExpNT,2020.1.3,MacIntel,60,,,z,0.60713,0,241,241,180,1,0.596776993,MINIMUM,,,,,,,,,,,,,,,,,,,,,,,,
,,,,,,,,,,,JM,001,2020-12-16_12h58.00.392,DelayedExpNT,2020.1.3,MacIntel,60,,,slash,1.01583,0,242,242,230,1,0.204536132,HAIR,,,,,,,,,,,,,,,,,,,,,,,,
,,,,,,,,,,,JM,001,2020-12-16_12h58.00.392,DelayedExpNT,2020.1.3,MacIntel,60,,,slash,0.83232,0,243,243,145,1,0.237609271,STOP,,,,,,,,,,,,,,,,,,,,,,,,
,,,,,,,,,,,JM,001,2020-12-16_12h58.00.392,DelayedExpNT,2020.1.3,MacIntel,60,,,z,0.76778,0,244,244,305,1,0.229839417,WOOD,,,,,,,,,,,,,,,,,,,,,,,,
,,,,,,,,,,,JM,001,2020-12-16_12h58.00.392,DelayedExpNT,2020.1.3,MacIntel,60,,,z,0.783305,0,245,245,202,1,0.830510236,FIRE,,,,,,,,,,,,,,,,,,,,,,,,
,,,,,,,,,,,JM,001,2020-12-16_12h58.00.392,DelayedExpNT,2020.1.3,MacIntel,60,,,z,1.447675,0,246,246,113,1,0.596909304,SHORT,,,,,,,,,,,,,,,,,,,,,,,,
,,,,,,,,,,,JM,001,2020-12-16_12h58.00.392,DelayedExpNT,2020.1.3,MacIntel,60,,,z,0.784615,0,247,247,15,1,0.767362569,HOOP,,,,,,,,,,,,,,,,,,,,,,,,
,,,,,,,,,,,JM,001,2020-12-16_12h58.00.392,DelayedExpNT,2020.1.3,MacIntel,60,,,z,0.583035,0,248,248,304,1,0.830035289,SUBJECT,,,,,,,,,,,,,,,,,,,,,,,,
,,,,,,,,,,,JM,001,2020-12-16_12h58.00.392,DelayedExpNT,2020.1.3,MacIntel,60,,,z,0.68252,0,249,249,142,1,0.302092566,SHEETS,,,,,,,,,,,,,,,,,,,,,,,,
,,,,,,,,,,,JM,001,2020-12-16_12h58.00.392,DelayedExpNT,2020.1.3,MacIntel,60,,,z,0.721535,0,250,250,12,1,0.88571937,FROG,,,,,,,,,,,,,,,,,,,,,,,,
,,,,,,,,,,,JM,001,2020-12-16_12h58.00.392,DelayedExpNT,2020.1.3,MacIntel,60,,,slash,1.61574,0,251,251,4,1,0.151518023,CAMP,,,,,,,,,,,,,,,,,,,,,,,,
,,,,,,,,,,,JM,001,2020-12-16_12h58.00.392,DelayedExpNT,2020.1.3,MacIntel,60,,,slash,0.99764,0,252,252,71,1,0.31286938,SPIDER,,,,,,,,,,,,,,,,,,,,,,,,
,,,,,,,,,,,JM,001,2020-12-16_12h58.00.392,DelayedExpNT,2020.1.3,MacIntel,60,,,z,0.782895,0,253,253,266,1,0.280803551,REAL,,,,,,,,,,,,,,,,,,,,,,,,
,,,,,,,,,,,JM,001,2020-12-16_12h58.00.392,DelayedExpNT,2020.1.3,MacIntel,60,,,slash,0.822925,0,254,254,161,1,0.627204247,WORK,,,,,,,,,,,,,,,,,,,,,,,,
,,,,,,,,,,,JM,001,2020-12-16_12h58.00.392,DelayedExpNT,2020.1.3,MacIntel,60,,,z,1.063255,0,255,255,36,1,0.404338933,SWAMP,,,,,,,,,,,,,,,,,,,,,,,,
,,,,,,,,,,,JM,001,2020-12-16_12h58.00.392,DelayedExpNT,2020.1.3,MacIntel,60,,,z,1.199055,0,256,256,251,1,0.755504853,SMELL,,,,,,,,,,,,,,,,,,,,,,,,
,,,,,,,,,,,JM,001,2020-12-16_12h58.00.392,DelayedExpNT,2020.1.3,MacIntel,60,,,z,1.25213,0,257,257,76,1,0.187752518,TEST,,,,,,,,,,,,,,,,,,,,,,,,
,,,,,,,,,,,JM,001,2020-12-16_12h58.00.392,DelayedExpNT,2020.1.3,MacIntel,60,,,z,0.480845,0,258,258,196,1,0.439241736,BOSS,,,,,,,,,,,,,,,,,,,,,,,,
,,,,,,,,,,,JM,001,2020-12-16_12h58.00.392,DelayedExpNT,2020.1.3,MacIntel,60,,,z,0.549205,0,259,259,237,1,0.566160346,MAGIC,,,,,,,,,,,,,,,,,,,,,,,,
,,,,,,,,,,,JM,001,2020-12-16_12h58.00.392,DelayedExpNT,2020.1.3,MacIntel,60,,,z,0.5813,0,260,260,323,1,0.752914843,GRAVE,,,,,,,,,,,,,,,,,,,,,,,,
,,,,,,,,,,,JM,001,2020-12-16_12h58.00.392,DelayedExpNT,2020.1.3,MacIntel,60,,,z,0.91517,0,261,261,178,1,0.391613645,SMART,,,,,,,,,,,,,,,,,,,,,,,,
,,,,,,,,,,,JM,001,2020-12-16_12h58.00.392,DelayedExpNT,2020.1.3,MacIntel,60,,,slash,0.76805,0,262,262,38,1,0.278858385,THIEF,,,,,,,,,,,,,,,,,,,,,,,,
,,,,,,,,,,,JM,001,2020-12-16_12h58.00.392,DelayedExpNT,2020.1.3,MacIntel,60,,,z,0.64891,0,263,263,236,1,0.171134895,DESERT,,,,,,,,,,,,,,,,,,,,,,,,
,,,,,,,,,,,JM,001,2020-12-16_12h58.00.392,DelayedExpNT,2020.1.3,MacIntel,60,,,z,1.132315,0,264,264,310,1,0.231906758,TOOTH,,,,,,,,,,,,,,,,,,,,,,,,
,,,,,,,,,,,JM,001,2020-12-16_12h58.00.392,DelayedExpNT,2020.1.3,MacIntel,60,,,slash,0.789215,0,265,265,14,1,0.941717552,GHOST,,,,,,,,,,,,,,,,,,,,,,,,
,,,,,,,,,,,JM,001,2020-12-16_12h58.00.392,DelayedExpNT,2020.1.3,MacIntel,60,,,slash,0.918455,0,266,266,315,1,0.645549085,SHEEP,,,,,,,,,,,,,,,,,,,,,,,,
,,,,,,,,,,,JM,001,2020-12-16_12h58.00.392,DelayedExpNT,2020.1.3,MacIntel,60,,,z,0.873535,0,267,267,331,1,0.350721723,CLIMB,,,,,,,,,,,,,,,,,,,,,,,,
,,,,,,,,,,,JM,001,2020-12-16_12h58.00.392,DelayedExpNT,2020.1.3,MacIntel,60,,,z,0.605355,0,268,268,330,1,0.822180444,SELF,,,,,,,,,,,,,,,,,,,,,,,,
,,,,,,,,,,,JM,001,2020-12-16_12h58.00.392,DelayedExpNT,2020.1.3,MacIntel,60,,,z,0.783735,0,269,269,112,1,0.648273378,SHARK,,,,,,,,,,,,,,,,,,,,,,,,
,,,,,,,,,,,JM,001,2020-12-16_12h58.00.392,DelayedExpNT,2020.1.3,MacIntel,60,,,z,0.56526,0,270,270,111,1,0.169088161,ROCK,,,,,,,,,,,,,,,,,,,,,,,,
,,,,,,,,,,,JM,001,2020-12-16_12h58.00.392,DelayedExpNT,2020.1.3,MacIntel,60,,,z,0.5884,0,271,271,109,1,0.646797012,QUART,,,,,,,,,,,,,,,,,,,,,,,,
,,,,,,,,,,,JM,001,2020-12-16_12h58.00.392,DelayedExpNT,2020.1.3,MacIntel,60,,,slash,0.631835,0,272,272,72,1,0.229864241,SQUARE,,,,,,,,,,,,,,,,,,,,,,,,
,,,,,,,,,,,JM,001,2020-12-16_12h58.00.392,DelayedExpNT,2020.1.3,MacIntel,60,,,z,0.8221,0,273,273,290,1,0.36148772,QUIET,,,,,,,,,,,,,,,,,,,,,,,,
,,,,,,,,,,,JM,001,2020-12-16_12h58.00.392,DelayedExpNT,2020.1.3,MacIntel,60,,,z,0.66476,0,274,274,217,1,0.635377534,GAME,,,,,,,,,,,,,,,,,,,,,,,,
,,,,,,,,,,,JM,001,2020-12-16_12h58.00.392,DelayedExpNT,2020.1.3,MacIntel,60,,,z,0.587075,0,275,275,159,1,0.74197637,FISH,,,,,,,,,,,,,,,,,,,,,,,,
,,,,,,,,,,,JM,001,2020-12-16_12h58.00.392,DelayedExpNT,2020.1.3,MacIntel,60,,,z,0.801695,0,276,276,312,1,0.180128071,UNDER,,,,,,,,,,,,,,,,,,,,,,,,
,,,,,,,,,,,JM,001,2020-12-16_12h58.00.392,DelayedExpNT,2020.1.3,MacIntel,60,,,z,0.599925,0,277,277,189,1,0.022462029,OVEN,,,,,,,,,,,,,,,,,,,,,,,,
,,,,,,,,,,,JM,001,2020-12-16_12h58.00.392,DelayedExpNT,2020.1.3,MacIntel,60,,,slash,1.414885,0,278,278,98,1,0.54632307,GRASS,,,,,,,,,,,,,,,,,,,,,,,,
,,,,,,,,,,,JM,001,2020-12-16_12h58.00.392,DelayedExpNT,2020.1.3,MacIntel,60,,,slash,1.072005,0,279,279,60,1,0.106867699,MOTHER,,,,,,,,,,,,,,,,,,,,,,,,
,,,,,,,,,,,JM,001,2020-12-16_12h58.00.392,DelayedExpNT,2020.1.3,MacIntel,60,,,z,0.56613,0,280,280,210,1,0.329003806,COLLECT,,,,,,,,,,,,,,,,,,,,,,,,
,,,,,,,,,,,JM,001,2020-12-16_12h58.00.392,DelayedExpNT,2020.1.3,MacIntel,60,,,z,0.63362,0,281,281,42,1,0.103207997,ALIVE,,,,,,,,,,,,,,,,,,,,,,,,
,,,,,,,,,,,JM,001,2020-12-16_12h58.00.392,DelayedExpNT,2020.1.3,MacIntel,60,,,z,1.23106,0,282,282,200,1,0.617401957,LETTER,,,,,,,,,,,,,,,,,,,,,,,,
,,,,,,,,,,,JM,001,2020-12-16_12h58.00.392,DelayedExpNT,2020.1.3,MacIntel,60,,,z,0.68193,0,283,283,286,1,0.969991653,HATE,,,,,,,,,,,,,,,,,,,,,,,,
,,,,,,,,,,,JM,001,2020-12-16_12h58.00.392,DelayedExpNT,2020.1.3,MacIntel,60,,,z,0.65597,0,284,284,201,1,0.642131457,JEANS,,,,,,,,,,,,,,,,,,,,,,,,
,,,,,,,,,,,JM,001,2020-12-16_12h58.00.392,DelayedExpNT,2020.1.3,MacIntel,60,,,slash,3.08217,0,285,285,151,1,0.101877547,ORANGE,,,,,,,,,,,,,,,,,,,,,,,,
,,,,,,,,,,,JM,001,2020-12-16_12h58.00.392,DelayedExpNT,2020.1.3,MacIntel,60,,,slash,0.88746,0,286,286,327,1,0.406012152,SKIN,,,,,,,,,,,,,,,,,,,,,,,,
,,,,,,,,,,,JM,001,2020-12-16_12h58.00.392,DelayedExpNT,2020.1.3,MacIntel,60,,,z,0.63589,0,287,287,265,1,0.119631431,PACKAGE,,,,,,,,,,,,,,,,,,,,,,,,
,,,,,,,,,,,JM,001,2020-12-16_12h58.00.392,DelayedExpNT,2020.1.3,MacIntel,60,,,z,0.595715,0,288,288,26,1,0.374813835,PICTURE,,,,,,,,,,,,,,,,,,,,,,,,
,,,,,,,,,,,JM,001,2020-12-16_12h58.00.392,DelayedExpNT,2020.1.3,MacIntel,60,,,z,0.64918,0,289,289,298,1,0.076489794,CLASS,,,,,,,,,,,,,,,,,,,,,,,,
,,,,,,,,,,,JM,001,2020-12-16_12h58.00.392,DelayedExpNT,2020.1.3,MacIntel,60,,,z,0.580445,0,290,290,181,1,0.652963107,BANK,,,,,,,,,,,,,,,,,,,,,,,,
,,,,,,,,,,,JM,001,2020-12-16_12h58.00.392,DelayedExpNT,2020.1.3,MacIntel,60,,,z,0.683915,0,291,291,292,1,0.259596472,SHERIFF,,,,,,,,,,,,,,,,,,,,,,,,
,,,,,,,,,,,JM,001,2020-12-16_12h58.00.392,DelayedExpNT,2020.1.3,MacIntel,60,,,z,0.71662,0,292,292,13,1,0.385660487,GEEK,,,,,,,,,,,,,,,,,,,,,,,,
,,,,,,,,,,,JM,001,2020-12-16_12h58.00.392,DelayedExpNT,2020.1.3,MacIntel,60,,,z,0.747165,0,293,293,296,1,0.044271884,BRAIN,,,,,,,,,,,,,,,,,,,,,,,,
,,,,,,,,,,,JM,001,2020-12-16_12h58.00.392,DelayedExpNT,2020.1.3,MacIntel,60,,,z,0.66497,0,294,294,215,1,0.232175276,TREE,,,,,,,,,,,,,,,,,,,,,,,,
,,,,,,,,,,,JM,001,2020-12-16_12h58.00.392,DelayedExpNT,2020.1.3,MacIntel,60,,,z,0.631915,0,295,295,293,1,0.999836289,NECK,,,,,,,,,,,,,,,,,,,,,,,,
,,,,,,,,,,,JM,001,2020-12-16_12h58.00.392,DelayedExpNT,2020.1.3,MacIntel,60,,,slash,0.67005,0,296,296,273,1,0.869923532,PURPOSE,,,,,,,,,,,,,,,,,,,,,,,,
,,,,,,,,,,,JM,001,2020-12-16_12h58.00.392,DelayedExpNT,2020.1.3,MacIntel,60,,,z,0.565255,0,297,297,80,1,0.330786118,VERB,,,,,,,,,,,,,,,,,,,,,,,,
,,,,,,,,,,,JM,001,2020-12-16_12h58.00.392,DelayedExpNT,2020.1.3,MacIntel,60,,,z,0.66504,0,298,298,179,1,0.623626223,FINISH,,,,,,,,,,,,,,,,,,,,,,,,
,,,,,,,,,,,JM,001,2020-12-16_12h58.00.392,DelayedExpNT,2020.1.3,MacIntel,60,,,slash,0.881265,0,299,299,133,1,0.488487033,GUITAR,,,,,,,,,,,,,,,,,,,,,,,,
,,,,,,,,,,,JM,001,2020-12-16_12h58.00.392,DelayedExpNT,2020.1.3,MacIntel,60,,,z,0.648385,0,300,300,52,1,0.364296942,ARGUE,,,,,,,,,,,,,,,,,,,,,,,,
,,,,,,,,,,,JM,001,2020-12-16_12h58.00.392,DelayedExpNT,2020.1.3,MacIntel,60,,,slash,1.09887,0,301,301,225,1,0.330893298,LAUGH,,,,,,,,,,,,,,,,,,,,,,,,
,,,,,,,,,,,JM,001,2020-12-16_12h58.00.392,DelayedExpNT,2020.1.3,MacIntel,60,,,slash,0.63209,0,302,302,104,1,0.361827926,MUSCLE,,,,,,,,,,,,,,,,,,,,,,,,
,,,,,,,,,,,JM,001,2020-12-16_12h58.00.392,DelayedExpNT,2020.1.3,MacIntel,60,,,z,0.74911,0,303,303,224,1,0.551265897,DRESS,,,,,,,,,,,,,,,,,,,,,,,,
,,,,,,,,,,,JM,001,2020-12-16_12h58.00.392,DelayedExpNT,2020.1.3,MacIntel,60,,,z,0.615525,0,304,304,268,1,0.845138213,DRAW,,,,,,,,,,,,,,,,,,,,,,,,
,,,,,,,,,,,JM,001,2020-12-16_12h58.00.392,DelayedExpNT,2020.1.3,MacIntel,60,,,z,0.74848,0,305,305,295,1,0.329057886,GUILT,,,,,,,,,,,,,,,,,,,,,,,,
,,,,,,,,,,,JM,001,2020-12-16_12h58.00.392,DelayedExpNT,2020.1.3,MacIntel,60,,,slash,1.94941,0,306,306,150,1,0.990811347,BIRD,,,,,,,,,,,,,,,,,,,,,,,,
,,,,,,,,,,,JM,001,2020-12-16_12h58.00.392,DelayedExpNT,2020.1.3,MacIntel,60,,,slash,1.066185,0,307,307,172,1,0.2900152,PRIDE,,,,,,,,,,,,,,,,,,,,,,,,
,,,,,,,,,,,JM,001,2020-12-16_12h58.00.392,DelayedExpNT,2020.1.3,MacIntel,60,,,slash,0.665775,0,308,308,51,1,0.207299492,CHAIN,,,,,,,,,,,,,,,,,,,,,,,,
,,,,,,,,,,,JM,001,2020-12-16_12h58.00.392,DelayedExpNT,2020.1.3,MacIntel,60,,,z,0.61517,0,309,309,269,1,0.238019572,PIECE,,,,,,,,,,,,,,,,,,,,,,,,
,,,,,,,,,,,JM,001,2020-12-16_12h58.00.392,DelayedExpNT,2020.1.3,MacIntel,60,,,z,0.831265,0,310,310,85,1,0.290537125,BEFORE,,,,,,,,,,,,,,,,,,,,,,,,
,,,,,,,,,,,JM,001,2020-12-16_12h58.00.392,DelayedExpNT,2020.1.3,MacIntel,60,,,z,0.833985,0,311,311,63,1,0.90630703,PAIN,,,,,,,,,,,,,,,,,,,,,,,,
,,,,,,,,,,,JM,001,2020-12-16_12h58.00.392,DelayedExpNT,2020.1.3,MacIntel,60,,,z,0.599545,0,312,312,48,1,0.472189689,BUTTER,,,,,,,,,,,,,,,,,,,,,,,,
,,,,,,,,,,,JM,001,2020-12-16_12h58.00.392,DelayedExpNT,2020.1.3,MacIntel,60,,,z,0.68857,0,313,313,283,1,0.222912429,SCISSORS,,,,,,,,,,,,,,,,,,,,,,,,
,,,,,,,,,,,JM,001,2020-12-16_12h58.00.392,DelayedExpNT,2020.1.3,MacIntel,60,,,slash,0.80559,0,314,314,84,1,0.79498797,ANIMAL,,,,,,,,,,,,,,,,,,,,,,,,
,,,,,,,,,,,JM,001,2020-12-16_12h58.00.392,DelayedExpNT,2020.1.3,MacIntel,60,,,slash,0.755145,0,315,315,90,1,0.367068674,CORAL,,,,,,,,,,,,,,,,,,,,,,,,
,,,,,,,,,,,JM,001,2020-12-16_12h58.00.392,DelayedExpNT,2020.1.3,MacIntel,60,,,slash,0.914565,0,316,316,329,1,0.617114391,STING,,,,,,,,,,,,,,,,,,,,,,,,
,,,,,,,,,,,JM,001,2020-12-16_12h58.00.392,DelayedExpNT,2020.1.3,MacIntel,60,,,slash,0.605345,0,317,317,110,1,0.974766317,QUEEN,,,,,,,,,,,,,,,,,,,,,,,,
,,,,,,,,,,,JM,001,2020-12-16_12h58.00.392,DelayedExpNT,2020.1.3,MacIntel,60,,,z,0.751215,0,318,318,125,1,0.438481598,YOURS,,,,,,,,,,,,,,,,,,,,,,,,
,,,,,,,,,,,JM,001,2020-12-16_12h58.00.392,DelayedExpNT,2020.1.3,MacIntel,60,,,z,1.7978,0,319,319,192,1,0.528406925,WANT,,,,,,,,,,,,,,,,,,,,,,,,
,,,,,,,,,,,JM,001,2020-12-16_12h58.00.392,DelayedExpNT,2020.1.3,MacIntel,60,,,z,0.69862,0,320,320,221,1,0.684596534,FOOD,,,,,,,,,,,,,,,,,,,,,,,,
,,,,,,,,,,,JM,001,2020-12-16_12h58.00.392,DelayedExpNT,2020.1.3,MacIntel,60,,,z,0.63132,0,321,321,276,1,0.305492126,CARD,,,,,,,,,,,,,,,,,,,,,,,,
,,,,,,,,,,,JM,001,2020-12-16_12h58.00.392,DelayedExpNT,2020.1.3,MacIntel,60,,,z,0.98115,0,322,322,263,1,0.53790981,THIN,,,,,,,,,,,,,,,,,,,,,,,,
,,,,,,,,,,,JM,001,2020-12-16_12h58.00.392,DelayedExpNT,2020.1.3,MacIntel,60,,,slash,0.807195,0,323,323,235,1,0.146098407,HEAR,,,,,,,,,,,,,,,,,,,,,,,,
,,,,,,,,,,,JM,001,2020-12-16_12h58.00.392,DelayedExpNT,2020.1.3,MacIntel,60,,,z,1.257625,0,324,324,320,1,0.741824668,TOUCH,,,,,,,,,,,,,,,,,,,,,,,,
,,,,,,,,,,,JM,001,2020-12-16_12h58.00.392,DelayedExpNT,2020.1.3,MacIntel,60,,,z,0.80769,0,325,325,53,1,0.035225253,HUNGER,,,,,,,,,,,,,,,,,,,,,,,,
,,,,,,,,,,,JM,001,2020-12-16_12h58.00.392,DelayedExpNT,2020.1.3,MacIntel,60,,,z,0.665945,0,326,326,49,1,0.205818425,CANDLE,,,,,,,,,,,,,,,,,,,,,,,,
,,,,,,,,,,,JM,001,2020-12-16_12h58.00.392,DelayedExpNT,2020.1.3,MacIntel,60,,,slash,0.98355,0,327,327,32,1,0.067157859,SMOKE,,,,,,,,,,,,,,,,,,,,,,,,
,,,,,,,,,,,JM,001,2020-12-16_12h58.00.392,DelayedExpNT,2020.1.3,MacIntel,60,,,z,0.76606,0,328,328,167,1,0.395523204,LAWYER,,,,,,,,,,,,,,,,,,,,,,,,
,,,,,,,,,,,JM,001,2020-12-16_12h58.00.392,DelayedExpNT,2020.1.3,MacIntel,60,,,z,0.567625,0,329,329,96,1,0.342544579,FOUND,,,,,,,,,,,,,,,,,,,,,,,,
,,,,,,,,,,,JM,001,2020-12-16_12h58.00.392,DelayedExpNT,2020.1.3,MacIntel,60,,,z,0.582395,0,330,330,45,1,0.372193724,BORROW,,,,,,,,,,,,,,,,,,,,,,,,
,,,,,,,,,,,JM,001,2020-12-16_12h58.00.392,DelayedExpNT,2020.1.3,MacIntel,60,,,z,0.90032,0,331,331,153,1,0.963519542,BEACH,,,,,,,,,,,,,,,,,,,,,,,,
,,,,,,,,,,,JM,001,2020-12-16_12h58.00.392,DelayedExpNT,2020.1.3,MacIntel,60,,,slash,1.393865,0,332,332,278,1,0.493656389,KNIFE,,,,,,,,,,,,,,,,,,,,,,,,
,,,,,,,,,,,JM,001,2020-12-16_12h58.00.392,DelayedExpNT,2020.1.3,MacIntel,60,,,slash,0.76888,0,333,333,222,1,0.174208109,CLEAR,,,,,,,,,,,,,,,,,,,,,,,,
,,,,,,,,,,,JM,001,2020-12-16_12h58.00.392,DelayedExpNT,2020.1.3,MacIntel,60,,,slash,0.86733,0,334,334,259,1,0.263066175,STAMP,,,,,,,,,,,,,,,,,,,,,,,,
,,,,,,,,,,,JM,001,2020-12-16_12h58.00.392,DelayedExpNT,2020.1.3,MacIntel,60,,,slash,0.972615,0,335,335,97,1,0.408270707,GIRLS,,,,,,,,,,,,,,,,,,,,,,,,
,,,,,,,,,,,JM,001,2020-12-16_12h58.00.392,DelayedExpNT,2020.1.3,MacIntel,60,,,,,,,,,,,,space,19.91474,slash,4.221945,z,3.41351,z,2.48377,z,2.63838,1,6865.265,mac,10416.735,chrome,3699.64,,2,0,0,0,0,1,What is your age?
,,,,,,,,,,,JM,001,2020-12-16_12h58.00.392,DelayedExpNT,2020.1.3,MacIntel,60,,,,,,,,,,,,,,,,,,,,,,,,,,,,male,1488,0,1,1,1,1,What is your gender?
,,,,,,,,,,,JM,001,2020-12-16_12h58.00.392,DelayedExpNT,2020.1.3,MacIntel,60,,,,,,,,,,,,,,,,,,,,,,,,,,,,12,6383,0,2,2,2,1,How many years of formal education have you had (consider graduating high school to be 12 years)?
,,,,,,,,,,,JM,001,2020-12-16_12h58.00.392,DelayedExpNT,2020.1.3,MacIntel,60,,,,,,,,,,,,,,,,,,,,,,,,,,,,Left,2316,0,3,3,3,1,What is your dominant hand? (Left/Right/Ambidextrous)
,,,,,,,,,,,JM,001,2020-12-16_12h58.00.392,DelayedExpNT,2020.1.3,MacIntel,60,,,,,,,,,,,,,,,,,,,,,,,,,,,,Evening,16031,0,4,4,4,1,Please indicate what time of the day you feel most alert (Morning/Afternoon/Evening/No differences)
,,,,,,,,,,,JM,001,2020-12-16_12h58.00.392,DelayedExpNT,2020.1.3,MacIntel,60,,,,,,,,,,,,,,,,,,,,,,,,,,,,White,13666,0,5,5,5,1,"Please indicate which racial categories apply to you, separated by commas (American Indian/Alaskan Native, Asian, Native Hawaiian or Other Pacific Islander, Black/African American, White/Caucasian, More than one race, Prefer Not to Respond)"
,,,,,,,,,,,JM,001,2020-12-16_12h58.00.392,DelayedExpNT,2020.1.3,MacIntel,60,,,,,,,,,,,,,,,,,,,,,,,,,,,,No,3147,0,6,6,6,1,Are you Hispanic or Latino? (Yes/No/Prefer Not to Respond)
,,,,,,,,,,,JM,001,2020-12-16_12h58.00.392,DelayedExpNT,2020.1.3,MacIntel,60,,,,,,,,,,,,,,,,,,,,,,,,,,,,Yes,1784,0,7,7,7,1,Is English your First Language? (Yes/No)
,,,,,,,,,,,JM,001,2020-12-16_12h58.00.392,DelayedExpNT,2020.1.3,MacIntel,60,,,,,,,,,,,,,,,,,,,,,,,,,,,,English,8899,0,8,8,8,1,"If you answered ""No"", what is your first language? (Please say English if you answered Yes)"
,,,,,,,,,,,JM,001,2020-12-16_12h58.00.392,DelayedExpNT,2020.1.3,MacIntel,60,,,,,,,,,,,,,,,,,,,,,,,,,,,,Yes,2783,0,9,9,9,1,Did you learn English before the age of 5?
,,,,,,,,,,,JM,001,2020-12-16_12h58.00.392,DelayedExpNT,2020.1.3,MacIntel,60,,,,,,,,,,,,,,,,,,,,,,,,,,,,0,3897,0,10,10,10,1,"If you answered ""No"", at what age did you learn English? (Enter 0 if you answered ""Yes"")"
,,,,,,,,,,,JM,001,2020-12-16_12h58.00.392,DelayedExpNT,2020.1.3,MacIntel,60,,,,,,,,,,,,,,,,,,,,,,,,,,,,Long car ride in betwee,19998,0,11,11,11,1,"Is there anything we should know about, which might have affected your performance during the test session? (e.g., lack of sleep, feeling ill etc.)"
