StudID,StudID_RT,key_resp_4.keys,key_resp_4.rt,captured_string,Text20_RT,trials.thisRepN,trials.thisTrialN,trials.thisN,trials.thisIndex,trials.ran,participant,session,date,expName,psychopyVersion,OS,frameRate,key_resp_2.keys,key_resp_2.rt,key_resp_3.keys,trialsRecognition.thisRepN,trialsRecognition.thisTrialN,trialsRecognition.thisN,trialsRecognition.thisIndex,trialsRecognition.ran,Rand,RecogWord,key_resp_3.rt,keyQuestion.keys,keyQuestion.rt,key_resp_11.keys,key_resp_11.rt,key_resp_12.keys,key_resp_12.rt,key_resp_13.keys,key_resp_13.rt,key_resp_14.keys,key_resp_14.rt,Question5Answer,Question5Answer_RT,Question6Answer,Question6Answer_RT,Question7Answer,Question7Answer_RT,demoResp,demoRT,demoloop.thisRepN,demoloop.thisTrialN,demoloop.thisN,demoloop.thisIndex,demoloop.ran,DemoQuestion
491416,20268.98,space,3.85284,,8001.245,0,0,0,0,1,SSB,001,2020-12-09_12h12.22.119,DelayedExpNT,2020.1.3,MacIntel,60,,,,,,,,,,,,,,,,,,,,,,,,,,,,,,,,,,,
,,,,,8000.365,1,0,1,0,1,SSB,001,2020-12-09_12h12.22.119,DelayedExpNT,2020.1.3,MacIntel,60,,,,,,,,,,,,,,,,,,,,,,,,,,,,,,,,,,,
,,,,,8000.29,2,0,2,0,1,SSB,001,2020-12-09_12h12.22.119,DelayedExpNT,2020.1.3,MacIntel,60,,,,,,,,,,,,,,,,,,,,,,,,,,,,,,,,,,,
,,,,,7999.54,3,0,3,0,1,SSB,001,2020-12-09_12h12.22.119,DelayedExpNT,2020.1.3,MacIntel,60,,,,,,,,,,,,,,,,,,,,,,,,,,,,,,,,,,,
,,,,,8000.705,4,0,4,0,1,SSB,001,2020-12-09_12h12.22.119,DelayedExpNT,2020.1.3,MacIntel,60,,,,,,,,,,,,,,,,,,,,,,,,,,,,,,,,,,,
,,,,,7999.745,5,0,5,0,1,SSB,001,2020-12-09_12h12.22.119,DelayedExpNT,2020.1.3,MacIntel,60,,,,,,,,,,,,,,,,,,,,,,,,,,,,,,,,,,,
,,,,,7999.8,6,0,6,0,1,SSB,001,2020-12-09_12h12.22.119,DelayedExpNT,2020.1.3,MacIntel,60,,,,,,,,,,,,,,,,,,,,,,,,,,,,,,,,,,,
,,,,,8000.225,7,0,7,0,1,SSB,001,2020-12-09_12h12.22.119,DelayedExpNT,2020.1.3,MacIntel,60,,,,,,,,,,,,,,,,,,,,,,,,,,,,,,,,,,,
,,,,,7999.465,8,0,8,0,1,SSB,001,2020-12-09_12h12.22.119,DelayedExpNT,2020.1.3,MacIntel,60,,,,,,,,,,,,,,,,,,,,,,,,,,,,,,,,,,,
,,,,,7999.91,9,0,9,0,1,SSB,001,2020-12-09_12h12.22.119,DelayedExpNT,2020.1.3,MacIntel,60,,,,,,,,,,,,,,,,,,,,,,,,,,,,,,,,,,,
,,,,,8000.27,10,0,10,0,1,SSB,001,2020-12-09_12h12.22.119,DelayedExpNT,2020.1.3,MacIntel,60,,,,,,,,,,,,,,,,,,,,,,,,,,,,,,,,,,,
,,,,,7999.92,11,0,11,0,1,SSB,001,2020-12-09_12h12.22.119,DelayedExpNT,2020.1.3,MacIntel,60,,,,,,,,,,,,,,,,,,,,,,,,,,,,,,,,,,,
,,,,,7999.965,12,0,12,0,1,SSB,001,2020-12-09_12h12.22.119,DelayedExpNT,2020.1.3,MacIntel,60,,,,,,,,,,,,,,,,,,,,,,,,,,,,,,,,,,,
,,,,,7999.885,13,0,13,0,1,SSB,001,2020-12-09_12h12.22.119,DelayedExpNT,2020.1.3,MacIntel,60,,,,,,,,,,,,,,,,,,,,,,,,,,,,,,,,,,,
,,,,,7999.605,14,0,14,0,1,SSB,001,2020-12-09_12h12.22.119,DelayedExpNT,2020.1.3,MacIntel,60,,,,,,,,,,,,,,,,,,,,,,,,,,,,,,,,,,,
,,,,,8000.555,15,0,15,0,1,SSB,001,2020-12-09_12h12.22.119,DelayedExpNT,2020.1.3,MacIntel,60,,,,,,,,,,,,,,,,,,,,,,,,,,,,,,,,,,,
,,,,,7999.97,16,0,16,0,1,SSB,001,2020-12-09_12h12.22.119,DelayedExpNT,2020.1.3,MacIntel,60,,,,,,,,,,,,,,,,,,,,,,,,,,,,,,,,,,,
,,,,,8001.09,17,0,17,0,1,SSB,001,2020-12-09_12h12.22.119,DelayedExpNT,2020.1.3,MacIntel,60,,,,,,,,,,,,,,,,,,,,,,,,,,,,,,,,,,,
,,,,,7999.28,18,0,18,0,1,SSB,001,2020-12-09_12h12.22.119,DelayedExpNT,2020.1.3,MacIntel,60,,,,,,,,,,,,,,,,,,,,,,,,,,,,,,,,,,,
,,,,,7998.32,19,0,19,0,1,SSB,001,2020-12-09_12h12.22.119,DelayedExpNT,2020.1.3,MacIntel,60,,,,,,,,,,,,,,,,,,,,,,,,,,,,,,,,,,,
,,,,,8000.27,20,0,20,0,1,SSB,001,2020-12-09_12h12.22.119,DelayedExpNT,2020.1.3,MacIntel,60,,,,,,,,,,,,,,,,,,,,,,,,,,,,,,,,,,,
,,,,,7998.915,21,0,21,0,1,SSB,001,2020-12-09_12h12.22.119,DelayedExpNT,2020.1.3,MacIntel,60,,,,,,,,,,,,,,,,,,,,,,,,,,,,,,,,,,,
,,,,,8000.51,22,0,22,0,1,SSB,001,2020-12-09_12h12.22.119,DelayedExpNT,2020.1.3,MacIntel,60,,,,,,,,,,,,,,,,,,,,,,,,,,,,,,,,,,,
,,,,,8000.455,23,0,23,0,1,SSB,001,2020-12-09_12h12.22.119,DelayedExpNT,2020.1.3,MacIntel,60,,,,,,,,,,,,,,,,,,,,,,,,,,,,,,,,,,,
,,,,,8000.26,24,0,24,0,1,SSB,001,2020-12-09_12h12.22.119,DelayedExpNT,2020.1.3,MacIntel,60,,,,,,,,,,,,,,,,,,,,,,,,,,,,,,,,,,,
,,,,,7999.87,25,0,25,0,1,SSB,001,2020-12-09_12h12.22.119,DelayedExpNT,2020.1.3,MacIntel,60,,,,,,,,,,,,,,,,,,,,,,,,,,,,,,,,,,,
,,,,,8000.44,26,0,26,0,1,SSB,001,2020-12-09_12h12.22.119,DelayedExpNT,2020.1.3,MacIntel,60,,,,,,,,,,,,,,,,,,,,,,,,,,,,,,,,,,,
,,,,,8000.42,27,0,27,0,1,SSB,001,2020-12-09_12h12.22.119,DelayedExpNT,2020.1.3,MacIntel,60,,,,,,,,,,,,,,,,,,,,,,,,,,,,,,,,,,,
,,,,,8000.82,28,0,28,0,1,SSB,001,2020-12-09_12h12.22.119,DelayedExpNT,2020.1.3,MacIntel,60,,,,,,,,,,,,,,,,,,,,,,,,,,,,,,,,,,,
,,,,,7999.36,29,0,29,0,1,SSB,001,2020-12-09_12h12.22.119,DelayedExpNT,2020.1.3,MacIntel,60,,,,,,,,,,,,,,,,,,,,,,,,,,,,,,,,,,,
,,,,,8000.085,30,0,30,0,1,SSB,001,2020-12-09_12h12.22.119,DelayedExpNT,2020.1.3,MacIntel,60,,,,,,,,,,,,,,,,,,,,,,,,,,,,,,,,,,,
,,,,,8000.54,31,0,31,0,1,SSB,001,2020-12-09_12h12.22.119,DelayedExpNT,2020.1.3,MacIntel,60,,,,,,,,,,,,,,,,,,,,,,,,,,,,,,,,,,,
,,,,,7997.75,32,0,32,0,1,SSB,001,2020-12-09_12h12.22.119,DelayedExpNT,2020.1.3,MacIntel,60,,,,,,,,,,,,,,,,,,,,,,,,,,,,,,,,,,,
,,,,,9236.89,33,0,33,0,1,SSB,001,2020-12-09_12h12.22.119,DelayedExpNT,2020.1.3,MacIntel,60,,,,,,,,,,,,,,,,,,,,,,,,,,,,,,,,,,,
,,,,,7370.01,34,0,34,0,1,SSB,001,2020-12-09_12h12.22.119,DelayedExpNT,2020.1.3,MacIntel,60,,,,,,,,,,,,,,,,,,,,,,,,,,,,,,,,,,,
,,,,,8001.46,35,0,35,0,1,SSB,001,2020-12-09_12h12.22.119,DelayedExpNT,2020.1.3,MacIntel,60,,,,,,,,,,,,,,,,,,,,,,,,,,,,,,,,,,,
,,,,,7999.78,36,0,36,0,1,SSB,001,2020-12-09_12h12.22.119,DelayedExpNT,2020.1.3,MacIntel,60,,,,,,,,,,,,,,,,,,,,,,,,,,,,,,,,,,,
,,,,,8002.32,37,0,37,0,1,SSB,001,2020-12-09_12h12.22.119,DelayedExpNT,2020.1.3,MacIntel,60,,,,,,,,,,,,,,,,,,,,,,,,,,,,,,,,,,,
,,,,,7999.245,38,0,38,0,1,SSB,001,2020-12-09_12h12.22.119,DelayedExpNT,2020.1.3,MacIntel,60,,,,,,,,,,,,,,,,,,,,,,,,,,,,,,,,,,,
,,,,,8000.42,39,0,39,0,1,SSB,001,2020-12-09_12h12.22.119,DelayedExpNT,2020.1.3,MacIntel,60,,,,,,,,,,,,,,,,,,,,,,,,,,,,,,,,,,,
,,,,,8000.275,40,0,40,0,1,SSB,001,2020-12-09_12h12.22.119,DelayedExpNT,2020.1.3,MacIntel,60,,,,,,,,,,,,,,,,,,,,,,,,,,,,,,,,,,,
,,,,,7998.515,41,0,41,0,1,SSB,001,2020-12-09_12h12.22.119,DelayedExpNT,2020.1.3,MacIntel,60,,,,,,,,,,,,,,,,,,,,,,,,,,,,,,,,,,,
,,,,,7999.02,42,0,42,0,1,SSB,001,2020-12-09_12h12.22.119,DelayedExpNT,2020.1.3,MacIntel,60,,,,,,,,,,,,,,,,,,,,,,,,,,,,,,,,,,,
,,,,IJKKH,7999.585,43,0,43,0,1,SSB,001,2020-12-09_12h12.22.119,DelayedExpNT,2020.1.3,MacIntel,60,,,,,,,,,,,,,,,,,,,,,,,,,,,,,,,,,,,
,,,,,8000.53,44,0,44,0,1,SSB,001,2020-12-09_12h12.22.119,DelayedExpNT,2020.1.3,MacIntel,60,,,,,,,,,,,,,,,,,,,,,,,,,,,,,,,,,,,
,,,,,8000.295,45,0,45,0,1,SSB,001,2020-12-09_12h12.22.119,DelayedExpNT,2020.1.3,MacIntel,60,,,,,,,,,,,,,,,,,,,,,,,,,,,,,,,,,,,
,,,,,7999.835,46,0,46,0,1,SSB,001,2020-12-09_12h12.22.119,DelayedExpNT,2020.1.3,MacIntel,60,,,,,,,,,,,,,,,,,,,,,,,,,,,,,,,,,,,
,,,,,7998.55,47,0,47,0,1,SSB,001,2020-12-09_12h12.22.119,DelayedExpNT,2020.1.3,MacIntel,60,,,,,,,,,,,,,,,,,,,,,,,,,,,,,,,,,,,
,,,,,8000.395,48,0,48,0,1,SSB,001,2020-12-09_12h12.22.119,DelayedExpNT,2020.1.3,MacIntel,60,,,,,,,,,,,,,,,,,,,,,,,,,,,,,,,,,,,
,,,,,7998.065,49,0,49,0,1,SSB,001,2020-12-09_12h12.22.119,DelayedExpNT,2020.1.3,MacIntel,60,,,,,,,,,,,,,,,,,,,,,,,,,,,,,,,,,,,
,,,,,8001.005,50,0,50,0,1,SSB,001,2020-12-09_12h12.22.119,DelayedExpNT,2020.1.3,MacIntel,60,,,,,,,,,,,,,,,,,,,,,,,,,,,,,,,,,,,
,,,,,7999.97,51,0,51,0,1,SSB,001,2020-12-09_12h12.22.119,DelayedExpNT,2020.1.3,MacIntel,60,,,,,,,,,,,,,,,,,,,,,,,,,,,,,,,,,,,
,,,,,7999.91,52,0,52,0,1,SSB,001,2020-12-09_12h12.22.119,DelayedExpNT,2020.1.3,MacIntel,60,,,,,,,,,,,,,,,,,,,,,,,,,,,,,,,,,,,
,,,,,8001.025,53,0,53,0,1,SSB,001,2020-12-09_12h12.22.119,DelayedExpNT,2020.1.3,MacIntel,60,,,,,,,,,,,,,,,,,,,,,,,,,,,,,,,,,,,
,,,,,7999.865,54,0,54,0,1,SSB,001,2020-12-09_12h12.22.119,DelayedExpNT,2020.1.3,MacIntel,60,,,,,,,,,,,,,,,,,,,,,,,,,,,,,,,,,,,
,,,,,8001.345,55,0,55,0,1,SSB,001,2020-12-09_12h12.22.119,DelayedExpNT,2020.1.3,MacIntel,60,,,,,,,,,,,,,,,,,,,,,,,,,,,,,,,,,,,
,,,,,7999.915,56,0,56,0,1,SSB,001,2020-12-09_12h12.22.119,DelayedExpNT,2020.1.3,MacIntel,60,,,,,,,,,,,,,,,,,,,,,,,,,,,,,,,,,,,
,,,,,7998.92,57,0,57,0,1,SSB,001,2020-12-09_12h12.22.119,DelayedExpNT,2020.1.3,MacIntel,60,,,,,,,,,,,,,,,,,,,,,,,,,,,,,,,,,,,
,,,,,7999.825,58,0,58,0,1,SSB,001,2020-12-09_12h12.22.119,DelayedExpNT,2020.1.3,MacIntel,60,,,,,,,,,,,,,,,,,,,,,,,,,,,,,,,,,,,
,,,,,7999.99,59,0,59,0,1,SSB,001,2020-12-09_12h12.22.119,DelayedExpNT,2020.1.3,MacIntel,60,,,,,,,,,,,,,,,,,,,,,,,,,,,,,,,,,,,
,,,,,7999.85,60,0,60,0,1,SSB,001,2020-12-09_12h12.22.119,DelayedExpNT,2020.1.3,MacIntel,60,,,,,,,,,,,,,,,,,,,,,,,,,,,,,,,,,,,
,,,,,8000.8,61,0,61,0,1,SSB,001,2020-12-09_12h12.22.119,DelayedExpNT,2020.1.3,MacIntel,60,,,,,,,,,,,,,,,,,,,,,,,,,,,,,,,,,,,
,,,,,8001.015,62,0,62,0,1,SSB,001,2020-12-09_12h12.22.119,DelayedExpNT,2020.1.3,MacIntel,60,,,,,,,,,,,,,,,,,,,,,,,,,,,,,,,,,,,
,,,,,7998.505,63,0,63,0,1,SSB,001,2020-12-09_12h12.22.119,DelayedExpNT,2020.1.3,MacIntel,60,,,,,,,,,,,,,,,,,,,,,,,,,,,,,,,,,,,
,,,,,8000.575,64,0,64,0,1,SSB,001,2020-12-09_12h12.22.119,DelayedExpNT,2020.1.3,MacIntel,60,,,,,,,,,,,,,,,,,,,,,,,,,,,,,,,,,,,
,,,,,8002.68,65,0,65,0,1,SSB,001,2020-12-09_12h12.22.119,DelayedExpNT,2020.1.3,MacIntel,60,,,,,,,,,,,,,,,,,,,,,,,,,,,,,,,,,,,
,,,,,8000.335,66,0,66,0,1,SSB,001,2020-12-09_12h12.22.119,DelayedExpNT,2020.1.3,MacIntel,60,,,,,,,,,,,,,,,,,,,,,,,,,,,,,,,,,,,
,,,,,7998.345,67,0,67,0,1,SSB,001,2020-12-09_12h12.22.119,DelayedExpNT,2020.1.3,MacIntel,60,,,,,,,,,,,,,,,,,,,,,,,,,,,,,,,,,,,
,,,,,8002.515,68,0,68,0,1,SSB,001,2020-12-09_12h12.22.119,DelayedExpNT,2020.1.3,MacIntel,60,,,,,,,,,,,,,,,,,,,,,,,,,,,,,,,,,,,
,,,,,6617.275,69,0,69,0,1,SSB,001,2020-12-09_12h12.22.119,DelayedExpNT,2020.1.3,MacIntel,60,,,,,,,,,,,,,,,,,,,,,,,,,,,,,,,,,,,
,,,,,,,,,,,SSB,001,2020-12-09_12h12.22.119,DelayedExpNT,2020.1.3,MacIntel,60,space,165.51312,,0,0,0,295,1,0.329057886,GUILT,,,,,,,,,,,,,,,,,,,,,,,,,
,,,,,,,,,,,SSB,001,2020-12-09_12h12.22.119,DelayedExpNT,2020.1.3,MacIntel,60,,,,0,1,1,167,1,0.395523204,LAWYER,,,,,,,,,,,,,,,,,,,,,,,,,
,,,,,,,,,,,SSB,001,2020-12-09_12h12.22.119,DelayedExpNT,2020.1.3,MacIntel,60,,,slash,0,2,2,212,1,0.933068314,FIND,3.048425,,,,,,,,,,,,,,,,,,,,,,,,
,,,,,,,,,,,SSB,001,2020-12-09_12h12.22.119,DelayedExpNT,2020.1.3,MacIntel,60,,,z,0,3,3,8,1,0.734539943,STARS,2.36225,,,,,,,,,,,,,,,,,,,,,,,,
,,,,,,,,,,,SSB,001,2020-12-09_12h12.22.119,DelayedExpNT,2020.1.3,MacIntel,60,,,slash,0,4,4,207,1,0.102261305,SLEEP,0.46884,,,,,,,,,,,,,,,,,,,,,,,,
,,,,,,,,,,,SSB,001,2020-12-09_12h12.22.119,DelayedExpNT,2020.1.3,MacIntel,60,,,slash,0,5,5,225,1,0.330893298,LAUGH,0.81579,,,,,,,,,,,,,,,,,,,,,,,,
,,,,,,,,,,,SSB,001,2020-12-09_12h12.22.119,DelayedExpNT,2020.1.3,MacIntel,60,,,z,0,6,6,188,1,0.312944791,ONCE,1.064805,,,,,,,,,,,,,,,,,,,,,,,,
,,,,,,,,,,,SSB,001,2020-12-09_12h12.22.119,DelayedExpNT,2020.1.3,MacIntel,60,,,slash,0,7,7,223,1,0.261202417,CHURCH,0.98435,,,,,,,,,,,,,,,,,,,,,,,,
,,,,,,,,,,,SSB,001,2020-12-09_12h12.22.119,DelayedExpNT,2020.1.3,MacIntel,60,,,,0,8,8,154,1,0.318502566,DREAM,,,,,,,,,,,,,,,,,,,,,,,,,
,,,,,,,,,,,SSB,001,2020-12-09_12h12.22.119,DelayedExpNT,2020.1.3,MacIntel,60,,,slash,0,9,9,31,1,0.761629448,SMILE,1.330395,,,,,,,,,,,,,,,,,,,,,,,,
,,,,,,,,,,,SSB,001,2020-12-09_12h12.22.119,DelayedExpNT,2020.1.3,MacIntel,60,,,z,0,10,10,322,1,0.978580072,REPEAT,0.96784,,,,,,,,,,,,,,,,,,,,,,,,
,,,,,,,,,,,SSB,001,2020-12-09_12h12.22.119,DelayedExpNT,2020.1.3,MacIntel,60,,,slash,0,11,11,94,1,0.032716766,FENCE,1.131575,,,,,,,,,,,,,,,,,,,,,,,,
,,,,,,,,,,,SSB,001,2020-12-09_12h12.22.119,DelayedExpNT,2020.1.3,MacIntel,60,,,z,0,12,12,36,1,0.404338933,SWAMP,2.163565,,,,,,,,,,,,,,,,,,,,,,,,
,,,,,,,,,,,SSB,001,2020-12-09_12h12.22.119,DelayedExpNT,2020.1.3,MacIntel,60,,,slash,0,13,13,143,1,0.836621785,SMOOTH,2.18058,,,,,,,,,,,,,,,,,,,,,,,,
,,,,,,,,,,,SSB,001,2020-12-09_12h12.22.119,DelayedExpNT,2020.1.3,MacIntel,60,,,slash,0,14,14,79,1,0.946647028,TOES,0.913395,,,,,,,,,,,,,,,,,,,,,,,,
,,,,,,,,,,,SSB,001,2020-12-09_12h12.22.119,DelayedExpNT,2020.1.3,MacIntel,60,,,z,0,15,15,289,1,0.500156877,TRAILER,0.562135,,,,,,,,,,,,,,,,,,,,,,,,
,,,,,,,,,,,SSB,001,2020-12-09_12h12.22.119,DelayedExpNT,2020.1.3,MacIntel,60,,,slash,0,16,16,73,1,0.213554661,STATES,0.51576,,,,,,,,,,,,,,,,,,,,,,,,
,,,,,,,,,,,SSB,001,2020-12-09_12h12.22.119,DelayedExpNT,2020.1.3,MacIntel,60,,,slash,0,17,17,311,1,0.789649172,STEAL,1.879565,,,,,,,,,,,,,,,,,,,,,,,,
,,,,,,,,,,,SSB,001,2020-12-09_12h12.22.119,DelayedExpNT,2020.1.3,MacIntel,60,,,slash,0,18,18,234,1,0.910379519,BELL,0.86501,,,,,,,,,,,,,,,,,,,,,,,,
,,,,,,,,,,,SSB,001,2020-12-09_12h12.22.119,DelayedExpNT,2020.1.3,MacIntel,60,,,slash,0,19,19,329,1,0.617114391,STING,0.94828,,,,,,,,,,,,,,,,,,,,,,,,
,,,,,,,,,,,SSB,001,2020-12-09_12h12.22.119,DelayedExpNT,2020.1.3,MacIntel,60,,,z,0,20,20,135,1,0.258521111,GROSS,0.5632,,,,,,,,,,,,,,,,,,,,,,,,
,,,,,,,,,,,SSB,001,2020-12-09_12h12.22.119,DelayedExpNT,2020.1.3,MacIntel,60,,,slash,0,21,21,191,1,0.181013519,GLASSES,1.520275,,,,,,,,,,,,,,,,,,,,,,,,
,,,,,,,,,,,SSB,001,2020-12-09_12h12.22.119,DelayedExpNT,2020.1.3,MacIntel,60,,,,0,22,22,251,1,0.755504853,SMELL,,,,,,,,,,,,,,,,,,,,,,,,,
,,,,,,,,,,,SSB,001,2020-12-09_12h12.22.119,DelayedExpNT,2020.1.3,MacIntel,60,,,,0,23,23,59,1,0.622354057,MIDDLE,,,,,,,,,,,,,,,,,,,,,,,,,
,,,,,,,,,,,SSB,001,2020-12-09_12h12.22.119,DelayedExpNT,2020.1.3,MacIntel,60,,,,0,24,24,305,1,0.229839417,WOOD,,,,,,,,,,,,,,,,,,,,,,,,,
,,,,,,,,,,,SSB,001,2020-12-09_12h12.22.119,DelayedExpNT,2020.1.3,MacIntel,60,,,,0,25,25,55,1,0.847502284,KIDNAP,,,,,,,,,,,,,,,,,,,,,,,,,
,,,,,,,,,,,SSB,001,2020-12-09_12h12.22.119,DelayedExpNT,2020.1.3,MacIntel,60,,,,0,26,26,249,1,0.265528704,SOUR,,,,,,,,,,,,,,,,,,,,,,,,,
,,,,,,,,,,,SSB,001,2020-12-09_12h12.22.119,DelayedExpNT,2020.1.3,MacIntel,60,,,z,0,27,27,180,1,0.596776993,MINIMUM,1.256585,,,,,,,,,,,,,,,,,,,,,,,,
,,,,,,,,,,,SSB,001,2020-12-09_12h12.22.119,DelayedExpNT,2020.1.3,MacIntel,60,,,slash,0,28,28,269,1,0.238019572,PIECE,0.381065,,,,,,,,,,,,,,,,,,,,,,,,
,,,,,,,,,,,SSB,001,2020-12-09_12h12.22.119,DelayedExpNT,2020.1.3,MacIntel,60,,,z,0,29,29,178,1,0.391613645,SMART,0.398685,,,,,,,,,,,,,,,,,,,,,,,,
,,,,,,,,,,,SSB,001,2020-12-09_12h12.22.119,DelayedExpNT,2020.1.3,MacIntel,60,,,z,0,30,30,198,1,0.339677471,TIRED,0.329325,,,,,,,,,,,,,,,,,,,,,,,,
,,,,,,,,,,,SSB,001,2020-12-09_12h12.22.119,DelayedExpNT,2020.1.3,MacIntel,60,,,slash,0,31,31,97,1,0.408270707,GIRLS,0.56868,,,,,,,,,,,,,,,,,,,,,,,,
,,,,,,,,,,,SSB,001,2020-12-09_12h12.22.119,DelayedExpNT,2020.1.3,MacIntel,60,,,z,0,32,32,281,1,0.285120036,DISAGREE,1.114465,,,,,,,,,,,,,,,,,,,,,,,,
,,,,,,,,,,,SSB,001,2020-12-09_12h12.22.119,DelayedExpNT,2020.1.3,MacIntel,60,,,slash,0,33,33,303,1,0.123847496,RULE,0.51894,,,,,,,,,,,,,,,,,,,,,,,,
,,,,,,,,,,,SSB,001,2020-12-09_12h12.22.119,DelayedExpNT,2020.1.3,MacIntel,60,,,,0,34,34,142,1,0.302092566,SHEETS,,,,,,,,,,,,,,,,,,,,,,,,,
,,,,,,,,,,,SSB,001,2020-12-09_12h12.22.119,DelayedExpNT,2020.1.3,MacIntel,60,,,,0,35,35,121,1,0.831197722,UNCLE,,,,,,,,,,,,,,,,,,,,,,,,,
,,,,,,,,,,,SSB,001,2020-12-09_12h12.22.119,DelayedExpNT,2020.1.3,MacIntel,60,,,,0,36,36,101,1,0.521607152,LEMON,,,,,,,,,,,,,,,,,,,,,,,,,
,,,,,,,,,,,SSB,001,2020-12-09_12h12.22.119,DelayedExpNT,2020.1.3,MacIntel,60,,,,0,37,37,209,1,0.590464133,CARRY,,,,,,,,,,,,,,,,,,,,,,,,,
,,,,,,,,,,,SSB,001,2020-12-09_12h12.22.119,DelayedExpNT,2020.1.3,MacIntel,60,,,,0,38,38,260,1,0.260552149,RENT,,,,,,,,,,,,,,,,,,,,,,,,,
,,,,,,,,,,,SSB,001,2020-12-09_12h12.22.119,DelayedExpNT,2020.1.3,MacIntel,60,,,,0,39,39,257,1,0.166037545,SPIT,,,,,,,,,,,,,,,,,,,,,,,,,
,,,,,,,,,,,SSB,001,2020-12-09_12h12.22.119,DelayedExpNT,2020.1.3,MacIntel,60,,,,0,40,40,105,1,0.795560321,OFFICE,,,,,,,,,,,,,,,,,,,,,,,,,
,,,,,,,,,,,SSB,001,2020-12-09_12h12.22.119,DelayedExpNT,2020.1.3,MacIntel,60,,,,0,41,41,46,1,0.627034201,BRANCH,,,,,,,,,,,,,,,,,,,,,,,,,
,,,,,,,,,,,SSB,001,2020-12-09_12h12.22.119,DelayedExpNT,2020.1.3,MacIntel,60,,,,0,42,42,283,1,0.222912429,SCISSORS,,,,,,,,,,,,,,,,,,,,,,,,,
,,,,,,,,,,,SSB,001,2020-12-09_12h12.22.119,DelayedExpNT,2020.1.3,MacIntel,60,,,,0,43,43,166,1,0.37213925,YELLOW,,,,,,,,,,,,,,,,,,,,,,,,,
,,,,,,,,,,,SSB,001,2020-12-09_12h12.22.119,DelayedExpNT,2020.1.3,MacIntel,60,,,,0,44,44,165,1,0.761584316,HORN,,,,,,,,,,,,,,,,,,,,,,,,,
,,,,,,,,,,,SSB,001,2020-12-09_12h12.22.119,DelayedExpNT,2020.1.3,MacIntel,60,,,,0,45,45,72,1,0.229864241,SQUARE,,,,,,,,,,,,,,,,,,,,,,,,,
,,,,,,,,,,,SSB,001,2020-12-09_12h12.22.119,DelayedExpNT,2020.1.3,MacIntel,60,,,,0,46,46,124,1,0.0415978,WORST,,,,,,,,,,,,,,,,,,,,,,,,,
,,,,,,,,,,,SSB,001,2020-12-09_12h12.22.119,DelayedExpNT,2020.1.3,MacIntel,60,,,,0,47,47,293,1,0.999836289,NECK,,,,,,,,,,,,,,,,,,,,,,,,,
,,,,,,,,,,,SSB,001,2020-12-09_12h12.22.119,DelayedExpNT,2020.1.3,MacIntel,60,,,,0,48,48,38,1,0.278858385,THIEF,,,,,,,,,,,,,,,,,,,,,,,,,
,,,,,,,,,,,SSB,001,2020-12-09_12h12.22.119,DelayedExpNT,2020.1.3,MacIntel,60,,,,0,49,49,213,1,0.505086573,SICK,,,,,,,,,,,,,,,,,,,,,,,,,
,,,,,,,,,,,SSB,001,2020-12-09_12h12.22.119,DelayedExpNT,2020.1.3,MacIntel,60,,,,0,50,50,130,1,0.924861015,FLOWER,,,,,,,,,,,,,,,,,,,,,,,,,
,,,,,,,,,,,SSB,001,2020-12-09_12h12.22.119,DelayedExpNT,2020.1.3,MacIntel,60,,,,0,51,51,108,1,0.062306235,PLANT,,,,,,,,,,,,,,,,,,,,,,,,,
,,,,,,,,,,,SSB,001,2020-12-09_12h12.22.119,DelayedExpNT,2020.1.3,MacIntel,60,,,,0,52,52,112,1,0.648273378,SHARK,,,,,,,,,,,,,,,,,,,,,,,,,
,,,,,,,,,,,SSB,001,2020-12-09_12h12.22.119,DelayedExpNT,2020.1.3,MacIntel,60,,,,0,53,53,236,1,0.171134895,DESERT,,,,,,,,,,,,,,,,,,,,,,,,,
,,,,,,,,,,,SSB,001,2020-12-09_12h12.22.119,DelayedExpNT,2020.1.3,MacIntel,60,,,,0,54,54,82,1,0.014768335,WILD,,,,,,,,,,,,,,,,,,,,,,,,,
,,,,,,,,,,,SSB,001,2020-12-09_12h12.22.119,DelayedExpNT,2020.1.3,MacIntel,60,,,,0,55,55,216,1,0.181342252,LETTUCE,,,,,,,,,,,,,,,,,,,,,,,,,
,,,,,,,,,,,SSB,001,2020-12-09_12h12.22.119,DelayedExpNT,2020.1.3,MacIntel,60,,,,0,56,56,231,1,0.810473097,STICKY,,,,,,,,,,,,,,,,,,,,,,,,,
,,,,,,,,,,,SSB,001,2020-12-09_12h12.22.119,DelayedExpNT,2020.1.3,MacIntel,60,,,,0,57,57,230,1,0.204536132,HAIR,,,,,,,,,,,,,,,,,,,,,,,,,
,,,,,,,,,,,SSB,001,2020-12-09_12h12.22.119,DelayedExpNT,2020.1.3,MacIntel,60,,,,0,58,58,217,1,0.635377534,GAME,,,,,,,,,,,,,,,,,,,,,,,,,
,,,,,,,,,,,SSB,001,2020-12-09_12h12.22.119,DelayedExpNT,2020.1.3,MacIntel,60,,,,0,59,59,287,1,0.157912468,YOUNG,,,,,,,,,,,,,,,,,,,,,,,,,
,,,,,,,,,,,SSB,001,2020-12-09_12h12.22.119,DelayedExpNT,2020.1.3,MacIntel,60,,,,0,60,60,128,1,0.264208821,DAGGER,,,,,,,,,,,,,,,,,,,,,,,,,
,,,,,,,,,,,SSB,001,2020-12-09_12h12.22.119,DelayedExpNT,2020.1.3,MacIntel,60,,,,0,61,61,330,1,0.822180444,SELF,,,,,,,,,,,,,,,,,,,,,,,,,
,,,,,,,,,,,SSB,001,2020-12-09_12h12.22.119,DelayedExpNT,2020.1.3,MacIntel,60,,,,0,62,62,70,1,0.823002092,SOAP,,,,,,,,,,,,,,,,,,,,,,,,,
,,,,,,,,,,,SSB,001,2020-12-09_12h12.22.119,DelayedExpNT,2020.1.3,MacIntel,60,,,,0,63,63,176,1,0.397833275,WATER,,,,,,,,,,,,,,,,,,,,,,,,,
,,,,,,,,,,,SSB,001,2020-12-09_12h12.22.119,DelayedExpNT,2020.1.3,MacIntel,60,,,,0,64,64,193,1,0.804995998,ALLOW,,,,,,,,,,,,,,,,,,,,,,,,,
,,,,,,,,,,,SSB,001,2020-12-09_12h12.22.119,DelayedExpNT,2020.1.3,MacIntel,60,,,,0,65,65,244,1,0.291831281,BREAK,,,,,,,,,,,,,,,,,,,,,,,,,
,,,,,,,,,,,SSB,001,2020-12-09_12h12.22.119,DelayedExpNT,2020.1.3,MacIntel,60,,,,0,66,66,141,1,0.039524914,SELLER,,,,,,,,,,,,,,,,,,,,,,,,,
,,,,,,,,,,,SSB,001,2020-12-09_12h12.22.119,DelayedExpNT,2020.1.3,MacIntel,60,,,,0,67,67,139,1,0.240033273,SONG,,,,,,,,,,,,,,,,,,,,,,,,,
,,,,,,,,,,,SSB,001,2020-12-09_12h12.22.119,DelayedExpNT,2020.1.3,MacIntel,60,,,,0,68,68,335,1,0.613096738,DOCTOR,,,,,,,,,,,,,,,,,,,,,,,,,
,,,,,,,,,,,SSB,001,2020-12-09_12h12.22.119,DelayedExpNT,2020.1.3,MacIntel,60,,,,0,69,69,291,1,0.807266811,SLIDE,,,,,,,,,,,,,,,,,,,,,,,,,
,,,,,,,,,,,SSB,001,2020-12-09_12h12.22.119,DelayedExpNT,2020.1.3,MacIntel,60,,,,0,70,70,270,1,0.820147356,BUSH,,,,,,,,,,,,,,,,,,,,,,,,,
,,,,,,,,,,,SSB,001,2020-12-09_12h12.22.119,DelayedExpNT,2020.1.3,MacIntel,60,,,,0,71,71,57,1,0.864792964,FIRST,,,,,,,,,,,,,,,,,,,,,,,,,
,,,,,,,,,,,SSB,001,2020-12-09_12h12.22.119,DelayedExpNT,2020.1.3,MacIntel,60,,,,0,72,72,252,1,0.847170391,DRUGS,,,,,,,,,,,,,,,,,,,,,,,,,
,,,,,,,,,,,SSB,001,2020-12-09_12h12.22.119,DelayedExpNT,2020.1.3,MacIntel,60,,,,0,73,73,45,1,0.372193724,BORROW,,,,,,,,,,,,,,,,,,,,,,,,,
,,,,,,,,,,,SSB,001,2020-12-09_12h12.22.119,DelayedExpNT,2020.1.3,MacIntel,60,,,,0,74,74,1,1,0.591883168,BELOW,,,,,,,,,,,,,,,,,,,,,,,,,
,,,,,,,,,,,SSB,001,2020-12-09_12h12.22.119,DelayedExpNT,2020.1.3,MacIntel,60,,,,0,75,75,26,1,0.374813835,PICTURE,,,,,,,,,,,,,,,,,,,,,,,,,
,,,,,,,,,,,SSB,001,2020-12-09_12h12.22.119,DelayedExpNT,2020.1.3,MacIntel,60,,,,0,76,76,14,1,0.941717552,GHOST,,,,,,,,,,,,,,,,,,,,,,,,,
,,,,,,,,,,,SSB,001,2020-12-09_12h12.22.119,DelayedExpNT,2020.1.3,MacIntel,60,,,,0,77,77,27,1,0.115207754,MINOR,,,,,,,,,,,,,,,,,,,,,,,,,
,,,,,,,,,,,SSB,001,2020-12-09_12h12.22.119,DelayedExpNT,2020.1.3,MacIntel,60,,,,0,78,78,333,1,0.442716238,PROPER,,,,,,,,,,,,,,,,,,,,,,,,,
,,,,,,,,,,,SSB,001,2020-12-09_12h12.22.119,DelayedExpNT,2020.1.3,MacIntel,60,,,,0,79,79,106,1,0.013266111,PEPPER,,,,,,,,,,,,,,,,,,,,,,,,,
,,,,,,,,,,,SSB,001,2020-12-09_12h12.22.119,DelayedExpNT,2020.1.3,MacIntel,60,,,,0,80,80,211,1,0.83196302,JACKET,,,,,,,,,,,,,,,,,,,,,,,,,
,,,,,,,,,,,SSB,001,2020-12-09_12h12.22.119,DelayedExpNT,2020.1.3,MacIntel,60,,,,0,81,81,98,1,0.54632307,GRASS,,,,,,,,,,,,,,,,,,,,,,,,,
,,,,,,,,,,,SSB,001,2020-12-09_12h12.22.119,DelayedExpNT,2020.1.3,MacIntel,60,,,,0,82,82,21,1,0.817537999,LAKE,,,,,,,,,,,,,,,,,,,,,,,,,
,,,,,,,,,,,SSB,001,2020-12-09_12h12.22.119,DelayedExpNT,2020.1.3,MacIntel,60,,,,0,83,83,58,1,0.365289125,LOOK,,,,,,,,,,,,,,,,,,,,,,,,,
,,,,,,,,,,,SSB,001,2020-12-09_12h12.22.119,DelayedExpNT,2020.1.3,MacIntel,60,,,,0,84,84,248,1,0.526050867,PROBLEM,,,,,,,,,,,,,,,,,,,,,,,,,
,,,,,,,,,,,SSB,001,2020-12-09_12h12.22.119,DelayedExpNT,2020.1.3,MacIntel,60,,,,0,85,85,253,1,0.604914171,TOCK,,,,,,,,,,,,,,,,,,,,,,,,,
,,,,,,,,,,,SSB,001,2020-12-09_12h12.22.119,DelayedExpNT,2020.1.3,MacIntel,60,,,,0,86,86,228,1,0.461945718,BOARD,,,,,,,,,,,,,,,,,,,,,,,,,
,,,,,,,,,,,SSB,001,2020-12-09_12h12.22.119,DelayedExpNT,2020.1.3,MacIntel,60,,,,0,87,87,194,1,0.109445088,FRONT,,,,,,,,,,,,,,,,,,,,,,,,,
,,,,,,,,,,,SSB,001,2020-12-09_12h12.22.119,DelayedExpNT,2020.1.3,MacIntel,60,,,,0,88,88,76,1,0.187752518,TEST,,,,,,,,,,,,,,,,,,,,,,,,,
,,,,,,,,,,,SSB,001,2020-12-09_12h12.22.119,DelayedExpNT,2020.1.3,MacIntel,60,,,,0,89,89,75,1,0.337872762,TENNIS,,,,,,,,,,,,,,,,,,,,,,,,,
,,,,,,,,,,,SSB,001,2020-12-09_12h12.22.119,DelayedExpNT,2020.1.3,MacIntel,60,,,,0,90,90,284,1,0.111720609,THANKS,,,,,,,,,,,,,,,,,,,,,,,,,
,,,,,,,,,,,SSB,001,2020-12-09_12h12.22.119,DelayedExpNT,2020.1.3,MacIntel,60,,,,0,91,91,40,1,0.688159484,WHEAT,,,,,,,,,,,,,,,,,,,,,,,,,
,,,,,,,,,,,SSB,001,2020-12-09_12h12.22.119,DelayedExpNT,2020.1.3,MacIntel,60,,,,0,92,92,67,1,0.062957731,SEEK,,,,,,,,,,,,,,,,,,,,,,,,,
,,,,,,,,,,,SSB,001,2020-12-09_12h12.22.119,DelayedExpNT,2020.1.3,MacIntel,60,,,,0,93,93,56,1,0.752687522,LESS,,,,,,,,,,,,,,,,,,,,,,,,,
,,,,,,,,,,,SSB,001,2020-12-09_12h12.22.119,DelayedExpNT,2020.1.3,MacIntel,60,,,,0,94,94,297,1,0.329692231,STRESS,,,,,,,,,,,,,,,,,,,,,,,,,
,,,,,,,,,,,SSB,001,2020-12-09_12h12.22.119,DelayedExpNT,2020.1.3,MacIntel,60,,,,0,95,95,114,1,0.545482083,SHOVE,,,,,,,,,,,,,,,,,,,,,,,,,
,,,,,,,,,,,SSB,001,2020-12-09_12h12.22.119,DelayedExpNT,2020.1.3,MacIntel,60,,,,0,96,96,197,1,0.207302344,EFFECT,,,,,,,,,,,,,,,,,,,,,,,,,
,,,,,,,,,,,SSB,001,2020-12-09_12h12.22.119,DelayedExpNT,2020.1.3,MacIntel,60,,,,0,97,97,298,1,0.076489794,CLASS,,,,,,,,,,,,,,,,,,,,,,,,,
,,,,,,,,,,,SSB,001,2020-12-09_12h12.22.119,DelayedExpNT,2020.1.3,MacIntel,60,,,,0,98,98,34,1,0.191245414,SOUTH,,,,,,,,,,,,,,,,,,,,,,,,,
,,,,,,,,,,,SSB,001,2020-12-09_12h12.22.119,DelayedExpNT,2020.1.3,MacIntel,60,,,,0,99,99,137,1,0.04922332,NEPHEW,,,,,,,,,,,,,,,,,,,,,,,,,
,,,,,,,,,,,SSB,001,2020-12-09_12h12.22.119,DelayedExpNT,2020.1.3,MacIntel,60,,,,0,100,100,157,1,0.418697772,BOMB,,,,,,,,,,,,,,,,,,,,,,,,,
,,,,,,,,,,,SSB,001,2020-12-09_12h12.22.119,DelayedExpNT,2020.1.3,MacIntel,60,,,,0,101,101,150,1,0.990811347,BIRD,,,,,,,,,,,,,,,,,,,,,,,,,
,,,,,,,,,,,SSB,001,2020-12-09_12h12.22.119,DelayedExpNT,2020.1.3,MacIntel,60,,,,0,102,102,261,1,0.987188782,STRIPE,,,,,,,,,,,,,,,,,,,,,,,,,
,,,,,,,,,,,SSB,001,2020-12-09_12h12.22.119,DelayedExpNT,2020.1.3,MacIntel,60,,,,0,103,103,43,1,0.86028452,BALLET,,,,,,,,,,,,,,,,,,,,,,,,,
,,,,,,,,,,,SSB,001,2020-12-09_12h12.22.119,DelayedExpNT,2020.1.3,MacIntel,60,,,,0,104,104,175,1,0.487151799,ITCH,,,,,,,,,,,,,,,,,,,,,,,,,
,,,,,,,,,,,SSB,001,2020-12-09_12h12.22.119,DelayedExpNT,2020.1.3,MacIntel,60,,,,0,105,105,47,1,0.431134502,BUCKET,,,,,,,,,,,,,,,,,,,,,,,,,
,,,,,,,,,,,SSB,001,2020-12-09_12h12.22.119,DelayedExpNT,2020.1.3,MacIntel,60,,,,0,106,106,202,1,0.830510236,FIRE,,,,,,,,,,,,,,,,,,,,,,,,,
,,,,,,,,,,,SSB,001,2020-12-09_12h12.22.119,DelayedExpNT,2020.1.3,MacIntel,60,,,,0,107,107,168,1,0.349003517,SILK,,,,,,,,,,,,,,,,,,,,,,,,,
,,,,,,,,,,,SSB,001,2020-12-09_12h12.22.119,DelayedExpNT,2020.1.3,MacIntel,60,,,,0,108,108,111,1,0.169088161,ROCK,,,,,,,,,,,,,,,,,,,,,,,,,
,,,,,,,,,,,SSB,001,2020-12-09_12h12.22.119,DelayedExpNT,2020.1.3,MacIntel,60,,,,0,109,109,233,1,0.915717705,LOSE,,,,,,,,,,,,,,,,,,,,,,,,,
,,,,,,,,,,,SSB,001,2020-12-09_12h12.22.119,DelayedExpNT,2020.1.3,MacIntel,60,,,,0,110,110,35,1,0.859350925,PRESENT,,,,,,,,,,,,,,,,,,,,,,,,,
,,,,,,,,,,,SSB,001,2020-12-09_12h12.22.119,DelayedExpNT,2020.1.3,MacIntel,60,,,,0,111,111,17,1,0.750146408,TRASH,,,,,,,,,,,,,,,,,,,,,,,,,
,,,,,,,,,,,SSB,001,2020-12-09_12h12.22.119,DelayedExpNT,2020.1.3,MacIntel,60,,,,0,112,112,54,1,0.13933225,INHALE,,,,,,,,,,,,,,,,,,,,,,,,,
,,,,,,,,,,,SSB,001,2020-12-09_12h12.22.119,DelayedExpNT,2020.1.3,MacIntel,60,,,,0,113,113,85,1,0.290537125,BEFORE,,,,,,,,,,,,,,,,,,,,,,,,,
,,,,,,,,,,,SSB,001,2020-12-09_12h12.22.119,DelayedExpNT,2020.1.3,MacIntel,60,,,,0,114,114,235,1,0.146098407,HEAR,,,,,,,,,,,,,,,,,,,,,,,,,
,,,,,,,,,,,SSB,001,2020-12-09_12h12.22.119,DelayedExpNT,2020.1.3,MacIntel,60,,,,0,115,115,119,1,0.68933552,THROW,,,,,,,,,,,,,,,,,,,,,,,,,
,,,,,,,,,,,SSB,001,2020-12-09_12h12.22.119,DelayedExpNT,2020.1.3,MacIntel,60,,,,0,116,116,44,1,0.959776627,CLUE,,,,,,,,,,,,,,,,,,,,,,,,,
,,,,,,,,,,,SSB,001,2020-12-09_12h12.22.119,DelayedExpNT,2020.1.3,MacIntel,60,,,,0,117,117,310,1,0.231906758,TOOTH,,,,,,,,,,,,,,,,,,,,,,,,,
,,,,,,,,,,,SSB,001,2020-12-09_12h12.22.119,DelayedExpNT,2020.1.3,MacIntel,60,,,,0,118,118,324,1,0.343912954,SHIRT,,,,,,,,,,,,,,,,,,,,,,,,,
,,,,,,,,,,,SSB,001,2020-12-09_12h12.22.119,DelayedExpNT,2020.1.3,MacIntel,60,,,,0,119,119,306,1,0.37743271,LIGHT,,,,,,,,,,,,,,,,,,,,,,,,,
,,,,,,,,,,,SSB,001,2020-12-09_12h12.22.119,DelayedExpNT,2020.1.3,MacIntel,60,,,,0,120,120,267,1,0.251154165,ANNOY,,,,,,,,,,,,,,,,,,,,,,,,,
,,,,,,,,,,,SSB,001,2020-12-09_12h12.22.119,DelayedExpNT,2020.1.3,MacIntel,60,,,,0,121,121,152,1,0.65748794,CRACKER,,,,,,,,,,,,,,,,,,,,,,,,,
,,,,,,,,,,,SSB,001,2020-12-09_12h12.22.119,DelayedExpNT,2020.1.3,MacIntel,60,,,,0,122,122,288,1,0.439318871,CHILD,,,,,,,,,,,,,,,,,,,,,,,,,
,,,,,,,,,,,SSB,001,2020-12-09_12h12.22.119,DelayedExpNT,2020.1.3,MacIntel,60,,,,0,123,123,243,1,0.741808225,WARM,,,,,,,,,,,,,,,,,,,,,,,,,
,,,,,,,,,,,SSB,001,2020-12-09_12h12.22.119,DelayedExpNT,2020.1.3,MacIntel,60,,,,0,124,124,39,1,0.155263568,TIGHT,,,,,,,,,,,,,,,,,,,,,,,,,
,,,,,,,,,,,SSB,001,2020-12-09_12h12.22.119,DelayedExpNT,2020.1.3,MacIntel,60,,,,0,125,125,10,1,0.531477438,SORRY,,,,,,,,,,,,,,,,,,,,,,,,,
,,,,,,,,,,,SSB,001,2020-12-09_12h12.22.119,DelayedExpNT,2020.1.3,MacIntel,60,,,,0,126,126,309,1,0.479222319,MOVE,,,,,,,,,,,,,,,,,,,,,,,,,
,,,,,,,,,,,SSB,001,2020-12-09_12h12.22.119,DelayedExpNT,2020.1.3,MacIntel,60,,,,0,127,127,116,1,0.438487149,MEAN,,,,,,,,,,,,,,,,,,,,,,,,,
,,,,,,,,,,,SSB,001,2020-12-09_12h12.22.119,DelayedExpNT,2020.1.3,MacIntel,60,,,,0,128,128,13,1,0.385660487,GEEK,,,,,,,,,,,,,,,,,,,,,,,,,
,,,,,,,,,,,SSB,001,2020-12-09_12h12.22.119,DelayedExpNT,2020.1.3,MacIntel,60,,,,0,129,129,319,1,0.496843659,STUPID,,,,,,,,,,,,,,,,,,,,,,,,,
,,,,,,,,,,,SSB,001,2020-12-09_12h12.22.119,DelayedExpNT,2020.1.3,MacIntel,60,,,,0,130,130,86,1,0.228342003,BEHIND,,,,,,,,,,,,,,,,,,,,,,,,,
,,,,,,,,,,,SSB,001,2020-12-09_12h12.22.119,DelayedExpNT,2020.1.3,MacIntel,60,,,,0,131,131,129,1,0.600881716,JAIL,,,,,,,,,,,,,,,,,,,,,,,,,
,,,,,,,,,,,SSB,001,2020-12-09_12h12.22.119,DelayedExpNT,2020.1.3,MacIntel,60,,,,0,132,132,164,1,0.499184699,NICKEL,,,,,,,,,,,,,,,,,,,,,,,,,
,,,,,,,,,,,SSB,001,2020-12-09_12h12.22.119,DelayedExpNT,2020.1.3,MacIntel,60,,,,0,133,133,41,1,0.774719699,WORLD,,,,,,,,,,,,,,,,,,,,,,,,,
,,,,,,,,,,,SSB,001,2020-12-09_12h12.22.119,DelayedExpNT,2020.1.3,MacIntel,60,,,,0,134,134,247,1,0.744897792,STORE,,,,,,,,,,,,,,,,,,,,,,,,,
,,,,,,,,,,,SSB,001,2020-12-09_12h12.22.119,DelayedExpNT,2020.1.3,MacIntel,60,,,,0,135,135,232,1,0.742775951,TAKE,,,,,,,,,,,,,,,,,,,,,,,,,
,,,,,,,,,,,SSB,001,2020-12-09_12h12.22.119,DelayedExpNT,2020.1.3,MacIntel,60,,,,0,136,136,250,1,0.374148471,SING,,,,,,,,,,,,,,,,,,,,,,,,,
,,,,,,,,,,,SSB,001,2020-12-09_12h12.22.119,DelayedExpNT,2020.1.3,MacIntel,60,,,,0,137,137,177,1,0.459837106,HELLO,,,,,,,,,,,,,,,,,,,,,,,,,
,,,,,,,,,,,SSB,001,2020-12-09_12h12.22.119,DelayedExpNT,2020.1.3,MacIntel,60,,,,0,138,138,118,1,0.736402598,THERE,,,,,,,,,,,,,,,,,,,,,,,,,
,,,,,,,,,,,SSB,001,2020-12-09_12h12.22.119,DelayedExpNT,2020.1.3,MacIntel,60,,,,0,139,139,123,1,0.581148527,WHOLE,,,,,,,,,,,,,,,,,,,,,,,,,
,,,,,,,,,,,SSB,001,2020-12-09_12h12.22.119,DelayedExpNT,2020.1.3,MacIntel,60,,,,0,140,140,214,1,0.461447159,STRANGE,,,,,,,,,,,,,,,,,,,,,,,,,
,,,,,,,,,,,SSB,001,2020-12-09_12h12.22.119,DelayedExpNT,2020.1.3,MacIntel,60,,,,0,141,141,254,1,0.013339401,SILVER,,,,,,,,,,,,,,,,,,,,,,,,,
,,,,,,,,,,,SSB,001,2020-12-09_12h12.22.119,DelayedExpNT,2020.1.3,MacIntel,60,,,,0,142,142,183,1,0.024613839,UNCLEAR,,,,,,,,,,,,,,,,,,,,,,,,,
,,,,,,,,,,,SSB,001,2020-12-09_12h12.22.119,DelayedExpNT,2020.1.3,MacIntel,60,,,,0,143,143,208,1,0.453940446,MAID,,,,,,,,,,,,,,,,,,,,,,,,,
,,,,,,,,,,,SSB,001,2020-12-09_12h12.22.119,DelayedExpNT,2020.1.3,MacIntel,60,,,,0,144,144,136,1,0.465404883,LENGTH,,,,,,,,,,,,,,,,,,,,,,,,,
,,,,,,,,,,,SSB,001,2020-12-09_12h12.22.119,DelayedExpNT,2020.1.3,MacIntel,60,,,,0,145,145,53,1,0.035225253,HUNGER,,,,,,,,,,,,,,,,,,,,,,,,,
,,,,,,,,,,,SSB,001,2020-12-09_12h12.22.119,DelayedExpNT,2020.1.3,MacIntel,60,,,,0,146,146,104,1,0.361827926,MUSCLE,,,,,,,,,,,,,,,,,,,,,,,,,
,,,,,,,,,,,SSB,001,2020-12-09_12h12.22.119,DelayedExpNT,2020.1.3,MacIntel,60,,,,0,147,147,3,1,0.930226099,BRIDE,,,,,,,,,,,,,,,,,,,,,,,,,
,,,,,,,,,,,SSB,001,2020-12-09_12h12.22.119,DelayedExpNT,2020.1.3,MacIntel,60,,,,0,148,148,162,1,0.263908753,CLAM,,,,,,,,,,,,,,,,,,,,,,,,,
,,,,,,,,,,,SSB,001,2020-12-09_12h12.22.119,DelayedExpNT,2020.1.3,MacIntel,60,,,,0,149,149,117,1,0.662095356,TEETH,,,,,,,,,,,,,,,,,,,,,,,,,
,,,,,,,,,,,SSB,001,2020-12-09_12h12.22.119,DelayedExpNT,2020.1.3,MacIntel,60,,,,0,150,150,205,1,0.50083135,CAKE,,,,,,,,,,,,,,,,,,,,,,,,,
,,,,,,,,,,,SSB,001,2020-12-09_12h12.22.119,DelayedExpNT,2020.1.3,MacIntel,60,,,,0,151,151,146,1,0.140478509,STREAM,,,,,,,,,,,,,,,,,,,,,,,,,
,,,,,,,,,,,SSB,001,2020-12-09_12h12.22.119,DelayedExpNT,2020.1.3,MacIntel,60,,,,0,152,152,282,1,0.832454145,MANY,,,,,,,,,,,,,,,,,,,,,,,,,
,,,,,,,,,,,SSB,001,2020-12-09_12h12.22.119,DelayedExpNT,2020.1.3,MacIntel,60,,,,0,153,153,173,1,0.226878614,NINE,,,,,,,,,,,,,,,,,,,,,,,,,
,,,,,,,,,,,SSB,001,2020-12-09_12h12.22.119,DelayedExpNT,2020.1.3,MacIntel,60,,,,0,154,154,204,1,0.474320781,CASTLE,,,,,,,,,,,,,,,,,,,,,,,,,
,,,,,,,,,,,SSB,001,2020-12-09_12h12.22.119,DelayedExpNT,2020.1.3,MacIntel,60,,,,0,155,155,227,1,0.774027327,SWORD,,,,,,,,,,,,,,,,,,,,,,,,,
,,,,,,,,,,,SSB,001,2020-12-09_12h12.22.119,DelayedExpNT,2020.1.3,MacIntel,60,,,,0,156,156,273,1,0.869923532,PURPOSE,,,,,,,,,,,,,,,,,,,,,,,,,
,,,,,,,,,,,SSB,001,2020-12-09_12h12.22.119,DelayedExpNT,2020.1.3,MacIntel,60,,,,0,157,157,96,1,0.342544579,FOUND,,,,,,,,,,,,,,,,,,,,,,,,,
,,,,,,,,,,,SSB,001,2020-12-09_12h12.22.119,DelayedExpNT,2020.1.3,MacIntel,60,,,,0,158,158,77,1,0.722906444,THIRST,,,,,,,,,,,,,,,,,,,,,,,,,
,,,,,,,,,,,SSB,001,2020-12-09_12h12.22.119,DelayedExpNT,2020.1.3,MacIntel,60,,,,0,159,159,170,1,0.892972342,PENCIL,,,,,,,,,,,,,,,,,,,,,,,,,
,,,,,,,,,,,SSB,001,2020-12-09_12h12.22.119,DelayedExpNT,2020.1.3,MacIntel,60,,,,0,160,160,186,1,0.020590653,MONKEY,,,,,,,,,,,,,,,,,,,,,,,,,
,,,,,,,,,,,SSB,001,2020-12-09_12h12.22.119,DelayedExpNT,2020.1.3,MacIntel,60,,,,0,161,161,159,1,0.74197637,FISH,,,,,,,,,,,,,,,,,,,,,,,,,
,,,,,,,,,,,SSB,001,2020-12-09_12h12.22.119,DelayedExpNT,2020.1.3,MacIntel,60,,,,0,162,162,210,1,0.329003806,COLLECT,,,,,,,,,,,,,,,,,,,,,,,,,
,,,,,,,,,,,SSB,001,2020-12-09_12h12.22.119,DelayedExpNT,2020.1.3,MacIntel,60,,,,0,163,163,131,1,0.977757327,GLORY,,,,,,,,,,,,,,,,,,,,,,,,,
,,,,,,,,,,,SSB,001,2020-12-09_12h12.22.119,DelayedExpNT,2020.1.3,MacIntel,60,,,,0,164,164,285,1,0.354414689,TOOL,,,,,,,,,,,,,,,,,,,,,,,,,
,,,,,,,,,,,SSB,001,2020-12-09_12h12.22.119,DelayedExpNT,2020.1.3,MacIntel,60,,,,0,165,165,307,1,0.390412025,PENNY,,,,,,,,,,,,,,,,,,,,,,,,,
,,,,,,,,,,,SSB,001,2020-12-09_12h12.22.119,DelayedExpNT,2020.1.3,MacIntel,60,,,,0,166,166,161,1,0.627204247,WORK,,,,,,,,,,,,,,,,,,,,,,,,,
,,,,,,,,,,,SSB,001,2020-12-09_12h12.22.119,DelayedExpNT,2020.1.3,MacIntel,60,,,,0,167,167,25,1,0.013252083,TRAIN,,,,,,,,,,,,,,,,,,,,,,,,,
,,,,,,,,,,,SSB,001,2020-12-09_12h12.22.119,DelayedExpNT,2020.1.3,MacIntel,60,,,,0,168,168,206,1,0.180692856,MAD,,,,,,,,,,,,,,,,,,,,,,,,,
,,,,,,,,,,,SSB,001,2020-12-09_12h12.22.119,DelayedExpNT,2020.1.3,MacIntel,60,,,,0,169,169,189,1,0.022462029,OVEN,,,,,,,,,,,,,,,,,,,,,,,,,
,,,,,,,,,,,SSB,001,2020-12-09_12h12.22.119,DelayedExpNT,2020.1.3,MacIntel,60,,,,0,170,170,326,1,0.226935378,ARMS,,,,,,,,,,,,,,,,,,,,,,,,,
,,,,,,,,,,,SSB,001,2020-12-09_12h12.22.119,DelayedExpNT,2020.1.3,MacIntel,60,,,,0,171,171,160,1,0.555276839,MONEY,,,,,,,,,,,,,,,,,,,,,,,,,
,,,,,,,,,,,SSB,001,2020-12-09_12h12.22.119,DelayedExpNT,2020.1.3,MacIntel,60,,,,0,172,172,2,1,0.74910301,BLACK,,,,,,,,,,,,,,,,,,,,,,,,,
,,,,,,,,,,,SSB,001,2020-12-09_12h12.22.119,DelayedExpNT,2020.1.3,MacIntel,60,,,,0,173,173,99,1,0.276937663,HORSE,,,,,,,,,,,,,,,,,,,,,,,,,
,,,,,,,,,,,SSB,001,2020-12-09_12h12.22.119,DelayedExpNT,2020.1.3,MacIntel,60,,,,0,174,174,18,1,0.596823272,JUMP,,,,,,,,,,,,,,,,,,,,,,,,,
,,,,,,,,,,,SSB,001,2020-12-09_12h12.22.119,DelayedExpNT,2020.1.3,MacIntel,60,,,,0,175,175,258,1,0.636956338,RAIN,,,,,,,,,,,,,,,,,,,,,,,,,
,,,,,,,,,,,SSB,001,2020-12-09_12h12.22.119,DelayedExpNT,2020.1.3,MacIntel,60,,,,0,176,176,100,1,0.655582154,LEAVES,,,,,,,,,,,,,,,,,,,,,,,,,
,,,,,,,,,,,SSB,001,2020-12-09_12h12.22.119,DelayedExpNT,2020.1.3,MacIntel,60,,,,0,177,177,196,1,0.439241736,BOSS,,,,,,,,,,,,,,,,,,,,,,,,,
,,,,,,,,,,,SSB,001,2020-12-09_12h12.22.119,DelayedExpNT,2020.1.3,MacIntel,60,,,,0,178,178,317,1,0.760979725,FAKE,,,,,,,,,,,,,,,,,,,,,,,,,
,,,,,,,,,,,SSB,001,2020-12-09_12h12.22.119,DelayedExpNT,2020.1.3,MacIntel,60,,,,0,179,179,221,1,0.684596534,FOOD,,,,,,,,,,,,,,,,,,,,,,,,,
,,,,,,,,,,,SSB,001,2020-12-09_12h12.22.119,DelayedExpNT,2020.1.3,MacIntel,60,,,,0,180,180,95,1,0.229194801,FINGER,,,,,,,,,,,,,,,,,,,,,,,,,
,,,,,,,,,,,SSB,001,2020-12-09_12h12.22.119,DelayedExpNT,2020.1.3,MacIntel,60,,,,0,181,181,122,1,0.850519608,WHERE,,,,,,,,,,,,,,,,,,,,,,,,,
,,,,,,,,,,,SSB,001,2020-12-09_12h12.22.119,DelayedExpNT,2020.1.3,MacIntel,60,,,,0,182,182,133,1,0.488487033,GUITAR,,,,,,,,,,,,,,,,,,,,,,,,,
,,,,,,,,,,,SSB,001,2020-12-09_12h12.22.119,DelayedExpNT,2020.1.3,MacIntel,60,,,,0,183,183,229,1,0.863538948,STREET,,,,,,,,,,,,,,,,,,,,,,,,,
,,,,,,,,,,,SSB,001,2020-12-09_12h12.22.119,DelayedExpNT,2020.1.3,MacIntel,60,,,,0,184,184,246,1,0.621310232,NONE,,,,,,,,,,,,,,,,,,,,,,,,,
,,,,,,,,,,,SSB,001,2020-12-09_12h12.22.119,DelayedExpNT,2020.1.3,MacIntel,60,,,,0,185,185,277,1,0.952296572,MARRY,,,,,,,,,,,,,,,,,,,,,,,,,
,,,,,,,,,,,SSB,001,2020-12-09_12h12.22.119,DelayedExpNT,2020.1.3,MacIntel,60,,,,0,186,186,215,1,0.232175276,TREE,,,,,,,,,,,,,,,,,,,,,,,,,
,,,,,,,,,,,SSB,001,2020-12-09_12h12.22.119,DelayedExpNT,2020.1.3,MacIntel,60,,,,0,187,187,219,1,0.384924291,MUSIC ,,,,,,,,,,,,,,,,,,,,,,,,,
,,,,,,,,,,,SSB,001,2020-12-09_12h12.22.119,DelayedExpNT,2020.1.3,MacIntel,60,,,,0,188,188,169,1,0.227518623,SPICE,,,,,,,,,,,,,,,,,,,,,,,,,
,,,,,,,,,,,SSB,001,2020-12-09_12h12.22.119,DelayedExpNT,2020.1.3,MacIntel,60,,,,0,189,189,78,1,0.083350371,THREAD,,,,,,,,,,,,,,,,,,,,,,,,,
,,,,,,,,,,,SSB,001,2020-12-09_12h12.22.119,DelayedExpNT,2020.1.3,MacIntel,60,,,,0,190,190,331,1,0.350721723,CLIMB,,,,,,,,,,,,,,,,,,,,,,,,,
,,,,,,,,,,,SSB,001,2020-12-09_12h12.22.119,DelayedExpNT,2020.1.3,MacIntel,60,,,,0,191,191,140,1,0.513462153,RIGHT,,,,,,,,,,,,,,,,,,,,,,,,,
,,,,,,,,,,,SSB,001,2020-12-09_12h12.22.119,DelayedExpNT,2020.1.3,MacIntel,60,,,,0,192,192,296,1,0.044271884,BRAIN,,,,,,,,,,,,,,,,,,,,,,,,,
,,,,,,,,,,,SSB,001,2020-12-09_12h12.22.119,DelayedExpNT,2020.1.3,MacIntel,60,,,,0,193,193,48,1,0.472189689,BUTTER,,,,,,,,,,,,,,,,,,,,,,,,,
,,,,,,,,,,,SSB,001,2020-12-09_12h12.22.119,DelayedExpNT,2020.1.3,MacIntel,60,,,,0,194,194,115,1,0.098200855,SPOON,,,,,,,,,,,,,,,,,,,,,,,,,
,,,,,,,,,,,SSB,001,2020-12-09_12h12.22.119,DelayedExpNT,2020.1.3,MacIntel,60,,,,0,195,195,134,1,0.498263926,OUTTAKE,,,,,,,,,,,,,,,,,,,,,,,,,
,,,,,,,,,,,SSB,001,2020-12-09_12h12.22.119,DelayedExpNT,2020.1.3,MacIntel,60,,,,0,196,196,266,1,0.280803551,REAL,,,,,,,,,,,,,,,,,,,,,,,,,
,,,,,,,,,,,SSB,001,2020-12-09_12h12.22.119,DelayedExpNT,2020.1.3,MacIntel,60,,,,0,197,197,5,1,0.672348018,DEAF,,,,,,,,,,,,,,,,,,,,,,,,,
,,,,,,,,,,,SSB,001,2020-12-09_12h12.22.119,DelayedExpNT,2020.1.3,MacIntel,60,,,,0,198,198,29,1,0.170546156,POUND,,,,,,,,,,,,,,,,,,,,,,,,,
,,,,,,,,,,,SSB,001,2020-12-09_12h12.22.119,DelayedExpNT,2020.1.3,MacIntel,60,,,,0,199,199,11,1,0.990945607,FIVE,,,,,,,,,,,,,,,,,,,,,,,,,
,,,,,,,,,,,SSB,001,2020-12-09_12h12.22.119,DelayedExpNT,2020.1.3,MacIntel,60,,,,0,200,200,4,1,0.151518023,CAMP,,,,,,,,,,,,,,,,,,,,,,,,,
,,,,,,,,,,,SSB,001,2020-12-09_12h12.22.119,DelayedExpNT,2020.1.3,MacIntel,60,,,,0,201,201,286,1,0.969991653,HATE,,,,,,,,,,,,,,,,,,,,,,,,,
,,,,,,,,,,,SSB,001,2020-12-09_12h12.22.119,DelayedExpNT,2020.1.3,MacIntel,60,,,,0,202,202,259,1,0.263066175,STAMP,,,,,,,,,,,,,,,,,,,,,,,,,
,,,,,,,,,,,SSB,001,2020-12-09_12h12.22.119,DelayedExpNT,2020.1.3,MacIntel,60,,,,0,203,203,24,1,0.535356266,LEARN,,,,,,,,,,,,,,,,,,,,,,,,,
,,,,,,,,,,,SSB,001,2020-12-09_12h12.22.119,DelayedExpNT,2020.1.3,MacIntel,60,,,,0,204,204,32,1,0.067157859,SMOKE,,,,,,,,,,,,,,,,,,,,,,,,,
,,,,,,,,,,,SSB,001,2020-12-09_12h12.22.119,DelayedExpNT,2020.1.3,MacIntel,60,,,,0,205,205,125,1,0.438481598,YOURS,,,,,,,,,,,,,,,,,,,,,,,,,
,,,,,,,,,,,SSB,001,2020-12-09_12h12.22.119,DelayedExpNT,2020.1.3,MacIntel,60,,,,0,206,206,16,1,0.237213652,HOTEL,,,,,,,,,,,,,,,,,,,,,,,,,
,,,,,,,,,,,SSB,001,2020-12-09_12h12.22.119,DelayedExpNT,2020.1.3,MacIntel,60,,,,0,207,207,163,1,0.484391305,PICKLE,,,,,,,,,,,,,,,,,,,,,,,,,
,,,,,,,,,,,SSB,001,2020-12-09_12h12.22.119,DelayedExpNT,2020.1.3,MacIntel,60,,,,0,208,208,301,1,0.925475301,BIKE,,,,,,,,,,,,,,,,,,,,,,,,,
,,,,,,,,,,,SSB,001,2020-12-09_12h12.22.119,DelayedExpNT,2020.1.3,MacIntel,60,,,,0,209,209,263,1,0.53790981,THIN,,,,,,,,,,,,,,,,,,,,,,,,,
,,,,,,,,,,,SSB,001,2020-12-09_12h12.22.119,DelayedExpNT,2020.1.3,MacIntel,60,,,,0,210,210,71,1,0.31286938,SPIDER,,,,,,,,,,,,,,,,,,,,,,,,,
,,,,,,,,,,,SSB,001,2020-12-09_12h12.22.119,DelayedExpNT,2020.1.3,MacIntel,60,,,,0,211,211,127,1,0.84080731,CHEESE,,,,,,,,,,,,,,,,,,,,,,,,,
,,,,,,,,,,,SSB,001,2020-12-09_12h12.22.119,DelayedExpNT,2020.1.3,MacIntel,60,,,,0,212,212,271,1,0.488682014,EXCUSE,,,,,,,,,,,,,,,,,,,,,,,,,
,,,,,,,,,,,SSB,001,2020-12-09_12h12.22.119,DelayedExpNT,2020.1.3,MacIntel,60,,,,0,213,213,42,1,0.103207997,ALIVE,,,,,,,,,,,,,,,,,,,,,,,,,
,,,,,,,,,,,SSB,001,2020-12-09_12h12.22.119,DelayedExpNT,2020.1.3,MacIntel,60,,,,0,214,214,80,1,0.330786118,VERB,,,,,,,,,,,,,,,,,,,,,,,,,
,,,,,,,,,,,SSB,001,2020-12-09_12h12.22.119,DelayedExpNT,2020.1.3,MacIntel,60,,,,0,215,215,0,1,0.529420303,STOMACH,,,,,,,,,,,,,,,,,,,,,,,,,
,,,,,,,,,,,SSB,001,2020-12-09_12h12.22.119,DelayedExpNT,2020.1.3,MacIntel,60,,,,0,216,216,7,1,0.772916293,DIRT,,,,,,,,,,,,,,,,,,,,,,,,,
,,,,,,,,,,,SSB,001,2020-12-09_12h12.22.119,DelayedExpNT,2020.1.3,MacIntel,60,,,,0,217,217,149,1,0.72994759,WEST,,,,,,,,,,,,,,,,,,,,,,,,,
,,,,,,,,,,,SSB,001,2020-12-09_12h12.22.119,DelayedExpNT,2020.1.3,MacIntel,60,,,,0,218,218,222,1,0.174208109,CLEAR,,,,,,,,,,,,,,,,,,,,,,,,,
,,,,,,,,,,,SSB,001,2020-12-09_12h12.22.119,DelayedExpNT,2020.1.3,MacIntel,60,,,,0,219,219,265,1,0.119631431,PACKAGE,,,,,,,,,,,,,,,,,,,,,,,,,
,,,,,,,,,,,SSB,001,2020-12-09_12h12.22.119,DelayedExpNT,2020.1.3,MacIntel,60,,,,0,220,220,184,1,0.25753243,SURE,,,,,,,,,,,,,,,,,,,,,,,,,
,,,,,,,,,,,SSB,001,2020-12-09_12h12.22.119,DelayedExpNT,2020.1.3,MacIntel,60,,,,0,221,221,240,1,0.608522653,ROOF,,,,,,,,,,,,,,,,,,,,,,,,,
,,,,,,,,,,,SSB,001,2020-12-09_12h12.22.119,DelayedExpNT,2020.1.3,MacIntel,60,,,,0,222,222,315,1,0.645549085,SHEEP,,,,,,,,,,,,,,,,,,,,,,,,,
,,,,,,,,,,,SSB,001,2020-12-09_12h12.22.119,DelayedExpNT,2020.1.3,MacIntel,60,,,,0,223,223,328,1,0.478092108,KNIT,,,,,,,,,,,,,,,,,,,,,,,,,
,,,,,,,,,,,SSB,001,2020-12-09_12h12.22.119,DelayedExpNT,2020.1.3,MacIntel,60,,,,0,224,224,155,1,0.095154608,CHAIR,,,,,,,,,,,,,,,,,,,,,,,,,
,,,,,,,,,,,SSB,001,2020-12-09_12h12.22.119,DelayedExpNT,2020.1.3,MacIntel,60,,,,0,225,225,9,1,0.319978901,DUSK,,,,,,,,,,,,,,,,,,,,,,,,,
,,,,,,,,,,,SSB,001,2020-12-09_12h12.22.119,DelayedExpNT,2020.1.3,MacIntel,60,,,,0,226,226,22,1,0.445369281,LAND,,,,,,,,,,,,,,,,,,,,,,,,,
,,,,,,,,,,,SSB,001,2020-12-09_12h12.22.119,DelayedExpNT,2020.1.3,MacIntel,60,,,,0,227,227,158,1,0.206321793,EGGS,,,,,,,,,,,,,,,,,,,,,,,,,
,,,,,,,,,,,SSB,001,2020-12-09_12h12.22.119,DelayedExpNT,2020.1.3,MacIntel,60,,,,0,228,228,321,1,0.950911015,BREAD,,,,,,,,,,,,,,,,,,,,,,,,,
,,,,,,,,,,,SSB,001,2020-12-09_12h12.22.119,DelayedExpNT,2020.1.3,MacIntel,60,,,,0,229,229,15,1,0.767362569,HOOP,,,,,,,,,,,,,,,,,,,,,,,,,
,,,,,,,,,,,SSB,001,2020-12-09_12h12.22.119,DelayedExpNT,2020.1.3,MacIntel,60,,,,0,230,230,174,1,0.876517016,COPY,,,,,,,,,,,,,,,,,,,,,,,,,
,,,,,,,,,,,SSB,001,2020-12-09_12h12.22.119,DelayedExpNT,2020.1.3,MacIntel,60,,,,0,231,231,6,1,0.182134166,DEVIL,,,,,,,,,,,,,,,,,,,,,,,,,
,,,,,,,,,,,SSB,001,2020-12-09_12h12.22.119,DelayedExpNT,2020.1.3,MacIntel,60,,,,0,232,232,110,1,0.974766317,QUEEN,,,,,,,,,,,,,,,,,,,,,,,,,
,,,,,,,,,,,SSB,001,2020-12-09_12h12.22.119,DelayedExpNT,2020.1.3,MacIntel,60,,,,0,233,233,327,1,0.406012152,SKIN,,,,,,,,,,,,,,,,,,,,,,,,,
,,,,,,,,,,,SSB,001,2020-12-09_12h12.22.119,DelayedExpNT,2020.1.3,MacIntel,60,,,,0,234,234,245,1,0.659684924,SHIP,,,,,,,,,,,,,,,,,,,,,,,,,
,,,,,,,,,,,SSB,001,2020-12-09_12h12.22.119,DelayedExpNT,2020.1.3,MacIntel,60,,,,0,235,235,144,1,0.591531802,STAIRS,,,,,,,,,,,,,,,,,,,,,,,,,
,,,,,,,,,,,SSB,001,2020-12-09_12h12.22.119,DelayedExpNT,2020.1.3,MacIntel,60,,,,0,236,236,294,1,0.470676838,NIGHTS,,,,,,,,,,,,,,,,,,,,,,,,,
,,,,,,,,,,,SSB,001,2020-12-09_12h12.22.119,DelayedExpNT,2020.1.3,MacIntel,60,,,,0,237,237,268,1,0.845138213,DRAW,,,,,,,,,,,,,,,,,,,,,,,,,
,,,,,,,,,,,SSB,001,2020-12-09_12h12.22.119,DelayedExpNT,2020.1.3,MacIntel,60,,,,0,238,238,83,1,0.628335846,WINTER,,,,,,,,,,,,,,,,,,,,,,,,,
,,,,,,,,,,,SSB,001,2020-12-09_12h12.22.119,DelayedExpNT,2020.1.3,MacIntel,60,,,,0,239,239,241,1,0.580617365,CHOOSE,,,,,,,,,,,,,,,,,,,,,,,,,
,,,,,,,,,,,SSB,001,2020-12-09_12h12.22.119,DelayedExpNT,2020.1.3,MacIntel,60,,,,0,240,240,262,1,0.768450809,POTATO,,,,,,,,,,,,,,,,,,,,,,,,,
,,,,,,,,,,,SSB,001,2020-12-09_12h12.22.119,DelayedExpNT,2020.1.3,MacIntel,60,,,,0,241,241,107,1,0.70251761,PHONE,,,,,,,,,,,,,,,,,,,,,,,,,
,,,,,,,,,,,SSB,001,2020-12-09_12h12.22.119,DelayedExpNT,2020.1.3,MacIntel,60,,,,0,242,242,92,1,0.347317824,EARLY,,,,,,,,,,,,,,,,,,,,,,,,,
,,,,,,,,,,,SSB,001,2020-12-09_12h12.22.119,DelayedExpNT,2020.1.3,MacIntel,60,,,,0,243,243,147,1,0.678226791,TWELVE,,,,,,,,,,,,,,,,,,,,,,,,,
,,,,,,,,,,,SSB,001,2020-12-09_12h12.22.119,DelayedExpNT,2020.1.3,MacIntel,60,,,,0,244,244,334,1,0.668643625,CELL,,,,,,,,,,,,,,,,,,,,,,,,,
,,,,,,,,,,,SSB,001,2020-12-09_12h12.22.119,DelayedExpNT,2020.1.3,MacIntel,60,,,,0,245,245,312,1,0.180128071,UNDER,,,,,,,,,,,,,,,,,,,,,,,,,
,,,,,,,,,,,SSB,001,2020-12-09_12h12.22.119,DelayedExpNT,2020.1.3,MacIntel,60,,,,0,246,246,181,1,0.652963107,BANK,,,,,,,,,,,,,,,,,,,,,,,,,
,,,,,,,,,,,SSB,001,2020-12-09_12h12.22.119,DelayedExpNT,2020.1.3,MacIntel,60,,,,0,247,247,171,1,0.821679804,PAPER,,,,,,,,,,,,,,,,,,,,,,,,,
,,,,,,,,,,,SSB,001,2020-12-09_12h12.22.119,DelayedExpNT,2020.1.3,MacIntel,60,,,,0,248,248,156,1,0.965556302,STORY,,,,,,,,,,,,,,,,,,,,,,,,,
,,,,,,,,,,,SSB,001,2020-12-09_12h12.22.119,DelayedExpNT,2020.1.3,MacIntel,60,,,,0,249,249,33,1,0.657670218,DOOR,,,,,,,,,,,,,,,,,,,,,,,,,
,,,,,,,,,,,SSB,001,2020-12-09_12h12.22.119,DelayedExpNT,2020.1.3,MacIntel,60,,,,0,250,250,302,1,0.807288891,HEAD,,,,,,,,,,,,,,,,,,,,,,,,,
,,,,,,,,,,,SSB,001,2020-12-09_12h12.22.119,DelayedExpNT,2020.1.3,MacIntel,60,,,,0,251,251,280,1,0.045251049,EXACT,,,,,,,,,,,,,,,,,,,,,,,,,
,,,,,,,,,,,SSB,001,2020-12-09_12h12.22.119,DelayedExpNT,2020.1.3,MacIntel,60,,,,0,252,252,290,1,0.36148772,QUIET,,,,,,,,,,,,,,,,,,,,,,,,,
,,,,,,,,,,,SSB,001,2020-12-09_12h12.22.119,DelayedExpNT,2020.1.3,MacIntel,60,,,,0,253,253,74,1,0.732530315,SUPPER,,,,,,,,,,,,,,,,,,,,,,,,,
,,,,,,,,,,,SSB,001,2020-12-09_12h12.22.119,DelayedExpNT,2020.1.3,MacIntel,60,,,,0,254,254,218,1,0.585156293,MAYBE,,,,,,,,,,,,,,,,,,,,,,,,,
,,,,,,,,,,,SSB,001,2020-12-09_12h12.22.119,DelayedExpNT,2020.1.3,MacIntel,60,,,,0,255,255,64,1,0.94223127,PURPLE,,,,,,,,,,,,,,,,,,,,,,,,,
,,,,,,,,,,,SSB,001,2020-12-09_12h12.22.119,DelayedExpNT,2020.1.3,MacIntel,60,,,,0,256,256,332,1,0.974059223,SPOTS,,,,,,,,,,,,,,,,,,,,,,,,,
,,,,,,,,,,,SSB,001,2020-12-09_12h12.22.119,DelayedExpNT,2020.1.3,MacIntel,60,,,,0,257,257,238,1,0.928411832,HAPPY,,,,,,,,,,,,,,,,,,,,,,,,,
,,,,,,,,,,,SSB,001,2020-12-09_12h12.22.119,DelayedExpNT,2020.1.3,MacIntel,60,,,,0,258,258,182,1,0.386108126,SNEEZE,,,,,,,,,,,,,,,,,,,,,,,,,
,,,,,,,,,,,SSB,001,2020-12-09_12h12.22.119,DelayedExpNT,2020.1.3,MacIntel,60,,,,0,259,259,255,1,0.672261175,WRONG,,,,,,,,,,,,,,,,,,,,,,,,,
,,,,,,,,,,,SSB,001,2020-12-09_12h12.22.119,DelayedExpNT,2020.1.3,MacIntel,60,,,,0,260,260,304,1,0.830035289,SUBJECT,,,,,,,,,,,,,,,,,,,,,,,,,
,,,,,,,,,,,SSB,001,2020-12-09_12h12.22.119,DelayedExpNT,2020.1.3,MacIntel,60,,,,0,261,261,200,1,0.617401957,LETTER,,,,,,,,,,,,,,,,,,,,,,,,,
,,,,,,,,,,,SSB,001,2020-12-09_12h12.22.119,DelayedExpNT,2020.1.3,MacIntel,60,,,,0,262,262,313,1,0.66506893,MILK,,,,,,,,,,,,,,,,,,,,,,,,,
,,,,,,,,,,,SSB,001,2020-12-09_12h12.22.119,DelayedExpNT,2020.1.3,MacIntel,60,,,,0,263,263,272,1,0.799885569,CLOWN,,,,,,,,,,,,,,,,,,,,,,,,,
,,,,,,,,,,,SSB,001,2020-12-09_12h12.22.119,DelayedExpNT,2020.1.3,MacIntel,60,,,,0,264,264,201,1,0.642131457,JEANS,,,,,,,,,,,,,,,,,,,,,,,,,
,,,,,,,,,,,SSB,001,2020-12-09_12h12.22.119,DelayedExpNT,2020.1.3,MacIntel,60,,,,0,265,265,62,1,0.365921469,NOSE,,,,,,,,,,,,,,,,,,,,,,,,,
,,,,,,,,,,,SSB,001,2020-12-09_12h12.22.119,DelayedExpNT,2020.1.3,MacIntel,60,,,,0,266,266,30,1,0.692372227,SHOES,,,,,,,,,,,,,,,,,,,,,,,,,
,,,,,,,,,,,SSB,001,2020-12-09_12h12.22.119,DelayedExpNT,2020.1.3,MacIntel,60,,,,0,267,267,195,1,0.873915539,SOFT,,,,,,,,,,,,,,,,,,,,,,,,,
,,,,,,,,,,,SSB,001,2020-12-09_12h12.22.119,DelayedExpNT,2020.1.3,MacIntel,60,,,,0,268,268,242,1,0.154783212,VOLCANO,,,,,,,,,,,,,,,,,,,,,,,,,
,,,,,,,,,,,SSB,001,2020-12-09_12h12.22.119,DelayedExpNT,2020.1.3,MacIntel,60,,,,0,269,269,88,1,0.827935153,CLOCK,,,,,,,,,,,,,,,,,,,,,,,,,
,,,,,,,,,,,SSB,001,2020-12-09_12h12.22.119,DelayedExpNT,2020.1.3,MacIntel,60,,,,0,270,270,320,1,0.741824668,TOUCH,,,,,,,,,,,,,,,,,,,,,,,,,
,,,,,,,,,,,SSB,001,2020-12-09_12h12.22.119,DelayedExpNT,2020.1.3,MacIntel,60,,,,0,271,271,226,1,0.48975986,YEAR,,,,,,,,,,,,,,,,,,,,,,,,,
,,,,,,,,,,,SSB,001,2020-12-09_12h12.22.119,DelayedExpNT,2020.1.3,MacIntel,60,,,,0,272,272,276,1,0.305492126,CARD,,,,,,,,,,,,,,,,,,,,,,,,,
,,,,,,,,,,,SSB,001,2020-12-09_12h12.22.119,DelayedExpNT,2020.1.3,MacIntel,60,,,,0,273,273,93,1,0.356605252,ENTER,,,,,,,,,,,,,,,,,,,,,,,,,
,,,,,,,,,,,SSB,001,2020-12-09_12h12.22.119,DelayedExpNT,2020.1.3,MacIntel,60,,,,0,274,274,187,1,0.991505378,ENGLISH,,,,,,,,,,,,,,,,,,,,,,,,,
,,,,,,,,,,,SSB,001,2020-12-09_12h12.22.119,DelayedExpNT,2020.1.3,MacIntel,60,,,,0,275,275,148,1,0.588095083,WEIGHT,,,,,,,,,,,,,,,,,,,,,,,,,
,,,,,,,,,,,SSB,001,2020-12-09_12h12.22.119,DelayedExpNT,2020.1.3,MacIntel,60,,,,0,276,276,60,1,0.106867699,MOTHER,,,,,,,,,,,,,,,,,,,,,,,,,
,,,,,,,,,,,SSB,001,2020-12-09_12h12.22.119,DelayedExpNT,2020.1.3,MacIntel,60,,,,0,277,277,145,1,0.237609271,STOP,,,,,,,,,,,,,,,,,,,,,,,,,
,,,,,,,,,,,SSB,001,2020-12-09_12h12.22.119,DelayedExpNT,2020.1.3,MacIntel,60,,,,0,278,278,90,1,0.367068674,CORAL,,,,,,,,,,,,,,,,,,,,,,,,,
,,,,,,,,,,,SSB,001,2020-12-09_12h12.22.119,DelayedExpNT,2020.1.3,MacIntel,60,,,,0,279,279,84,1,0.79498797,ANIMAL,,,,,,,,,,,,,,,,,,,,,,,,,
,,,,,,,,,,,SSB,001,2020-12-09_12h12.22.119,DelayedExpNT,2020.1.3,MacIntel,60,,,,0,280,280,28,1,0.933394255,NOISE,,,,,,,,,,,,,,,,,,,,,,,,,
,,,,,,,,,,,SSB,001,2020-12-09_12h12.22.119,DelayedExpNT,2020.1.3,MacIntel,60,,,,0,281,281,179,1,0.623626223,FINISH,,,,,,,,,,,,,,,,,,,,,,,,,
,,,,,,,,,,,SSB,001,2020-12-09_12h12.22.119,DelayedExpNT,2020.1.3,MacIntel,60,,,,0,282,282,103,1,0.052879296,MINUTE,,,,,,,,,,,,,,,,,,,,,,,,,
,,,,,,,,,,,SSB,001,2020-12-09_12h12.22.119,DelayedExpNT,2020.1.3,MacIntel,60,,,,0,283,283,138,1,0.399296296,NUMBER,,,,,,,,,,,,,,,,,,,,,,,,,
,,,,,,,,,,,SSB,001,2020-12-09_12h12.22.119,DelayedExpNT,2020.1.3,MacIntel,60,,,,0,284,284,91,1,0.23738116,DOLLAR,,,,,,,,,,,,,,,,,,,,,,,,,
,,,,,,,,,,,SSB,001,2020-12-09_12h12.22.119,DelayedExpNT,2020.1.3,MacIntel,60,,,,0,285,285,65,1,0.218240095,READ,,,,,,,,,,,,,,,,,,,,,,,,,
,,,,,,,,,,,SSB,001,2020-12-09_12h12.22.119,DelayedExpNT,2020.1.3,MacIntel,60,,,,0,286,286,12,1,0.88571937,FROG,,,,,,,,,,,,,,,,,,,,,,,,,
,,,,,,,,,,,SSB,001,2020-12-09_12h12.22.119,DelayedExpNT,2020.1.3,MacIntel,60,,,,0,287,287,63,1,0.90630703,PAIN,,,,,,,,,,,,,,,,,,,,,,,,,
,,,,,,,,,,,SSB,001,2020-12-09_12h12.22.119,DelayedExpNT,2020.1.3,MacIntel,60,,,,0,288,288,279,1,0.47019639,PLANE ,,,,,,,,,,,,,,,,,,,,,,,,,
,,,,,,,,,,,SSB,001,2020-12-09_12h12.22.119,DelayedExpNT,2020.1.3,MacIntel,60,,,,0,289,289,239,1,0.859566691,LOVE,,,,,,,,,,,,,,,,,,,,,,,,,
,,,,,,,,,,,SSB,001,2020-12-09_12h12.22.119,DelayedExpNT,2020.1.3,MacIntel,60,,,,0,290,290,66,1,0.644718582,MOST,,,,,,,,,,,,,,,,,,,,,,,,,
,,,,,,,,,,,SSB,001,2020-12-09_12h12.22.119,DelayedExpNT,2020.1.3,MacIntel,60,,,,0,291,291,292,1,0.259596472,SHERIFF,,,,,,,,,,,,,,,,,,,,,,,,,
,,,,,,,,,,,SSB,001,2020-12-09_12h12.22.119,DelayedExpNT,2020.1.3,MacIntel,60,,,,0,292,292,20,1,0.806909613,KISS,,,,,,,,,,,,,,,,,,,,,,,,,
,,,,,,,,,,,SSB,001,2020-12-09_12h12.22.119,DelayedExpNT,2020.1.3,MacIntel,60,,,,0,293,293,237,1,0.566160346,MAGIC,,,,,,,,,,,,,,,,,,,,,,,,,
,,,,,,,,,,,SSB,001,2020-12-09_12h12.22.119,DelayedExpNT,2020.1.3,MacIntel,60,,,,0,294,294,274,1,0.176981717,SHALLOW,,,,,,,,,,,,,,,,,,,,,,,,,
,,,,,,,,,,,SSB,001,2020-12-09_12h12.22.119,DelayedExpNT,2020.1.3,MacIntel,60,,,,0,295,295,37,1,0.811017401,SWEET,,,,,,,,,,,,,,,,,,,,,,,,,
,,,,,,,,,,,SSB,001,2020-12-09_12h12.22.119,DelayedExpNT,2020.1.3,MacIntel,60,,,,0,296,296,52,1,0.364296942,ARGUE,,,,,,,,,,,,,,,,,,,,,,,,,
,,,,,,,,,,,SSB,001,2020-12-09_12h12.22.119,DelayedExpNT,2020.1.3,MacIntel,60,,,,0,297,297,61,1,0.114204089,NAVY,,,,,,,,,,,,,,,,,,,,,,,,,
,,,,,,,,,,,SSB,001,2020-12-09_12h12.22.119,DelayedExpNT,2020.1.3,MacIntel,60,,,,0,298,298,299,1,0.551741698,MATH,,,,,,,,,,,,,,,,,,,,,,,,,
,,,,,,,,,,,SSB,001,2020-12-09_12h12.22.119,DelayedExpNT,2020.1.3,MacIntel,60,,,,0,299,299,308,1,0.214947297,BABY,,,,,,,,,,,,,,,,,,,,,,,,,
,,,,,,,,,,,SSB,001,2020-12-09_12h12.22.119,DelayedExpNT,2020.1.3,MacIntel,60,,,,0,300,300,120,1,0.934235852,TIGER,,,,,,,,,,,,,,,,,,,,,,,,,
,,,,,,,,,,,SSB,001,2020-12-09_12h12.22.119,DelayedExpNT,2020.1.3,MacIntel,60,,,,0,301,301,153,1,0.963519542,BEACH,,,,,,,,,,,,,,,,,,,,,,,,,
,,,,,,,,,,,SSB,001,2020-12-09_12h12.22.119,DelayedExpNT,2020.1.3,MacIntel,60,,,,0,302,302,224,1,0.551265897,DRESS,,,,,,,,,,,,,,,,,,,,,,,,,
,,,,,,,,,,,SSB,001,2020-12-09_12h12.22.119,DelayedExpNT,2020.1.3,MacIntel,60,,,,0,303,303,68,1,0.125988035,TOUR,,,,,,,,,,,,,,,,,,,,,,,,,
,,,,,,,,,,,SSB,001,2020-12-09_12h12.22.119,DelayedExpNT,2020.1.3,MacIntel,60,,,,0,304,304,190,1,0.686155583,LARGE,,,,,,,,,,,,,,,,,,,,,,,,,
,,,,,,,,,,,SSB,001,2020-12-09_12h12.22.119,DelayedExpNT,2020.1.3,MacIntel,60,,,,0,305,305,316,1,0.468087973,EXPLODE,,,,,,,,,,,,,,,,,,,,,,,,,
,,,,,,,,,,,SSB,001,2020-12-09_12h12.22.119,DelayedExpNT,2020.1.3,MacIntel,60,,,,0,306,306,199,1,0.191406649,SMALL,,,,,,,,,,,,,,,,,,,,,,,,,
,,,,,,,,,,,SSB,001,2020-12-09_12h12.22.119,DelayedExpNT,2020.1.3,MacIntel,60,,,,0,307,307,192,1,0.528406925,WANT,,,,,,,,,,,,,,,,,,,,,,,,,
,,,,,,,,,,,SSB,001,2020-12-09_12h12.22.119,DelayedExpNT,2020.1.3,MacIntel,60,,,,0,308,308,275,1,0.591229651,SAME,,,,,,,,,,,,,,,,,,,,,,,,,
,,,,,,,,,,,SSB,001,2020-12-09_12h12.22.119,DelayedExpNT,2020.1.3,MacIntel,60,,,,0,309,309,87,1,0.347621821,CANCER,,,,,,,,,,,,,,,,,,,,,,,,,
,,,,,,,,,,,SSB,001,2020-12-09_12h12.22.119,DelayedExpNT,2020.1.3,MacIntel,60,,,,0,310,310,220,1,0.585266459,TALK,,,,,,,,,,,,,,,,,,,,,,,,,
,,,,,,,,,,,SSB,001,2020-12-09_12h12.22.119,DelayedExpNT,2020.1.3,MacIntel,60,,,,0,311,311,325,1,0.071143329,ROSE,,,,,,,,,,,,,,,,,,,,,,,,,
,,,,,,,,,,,SSB,001,2020-12-09_12h12.22.119,DelayedExpNT,2020.1.3,MacIntel,60,,,,0,312,312,113,1,0.596909304,SHORT,,,,,,,,,,,,,,,,,,,,,,,,,
,,,,,,,,,,,SSB,001,2020-12-09_12h12.22.119,DelayedExpNT,2020.1.3,MacIntel,60,,,,0,313,313,132,1,0.356074536,FRIGHT,,,,,,,,,,,,,,,,,,,,,,,,,
,,,,,,,,,,,SSB,001,2020-12-09_12h12.22.119,DelayedExpNT,2020.1.3,MacIntel,60,,,,0,314,314,109,1,0.646797012,QUART,,,,,,,,,,,,,,,,,,,,,,,,,
,,,,,,,,,,,SSB,001,2020-12-09_12h12.22.119,DelayedExpNT,2020.1.3,MacIntel,60,,,,0,315,315,185,1,0.563677501,PLAN,,,,,,,,,,,,,,,,,,,,,,,,,
,,,,,,,,,,,SSB,001,2020-12-09_12h12.22.119,DelayedExpNT,2020.1.3,MacIntel,60,,,,0,316,316,69,1,0.895309833,SLOW,,,,,,,,,,,,,,,,,,,,,,,,,
,,,,,,,,,,,SSB,001,2020-12-09_12h12.22.119,DelayedExpNT,2020.1.3,MacIntel,60,,,,0,317,317,264,1,0.953873517,DEATH,,,,,,,,,,,,,,,,,,,,,,,,,
,,,,,,,,,,,SSB,001,2020-12-09_12h12.22.119,DelayedExpNT,2020.1.3,MacIntel,60,,,,0,318,318,318,1,0.613130161,WRITE,,,,,,,,,,,,,,,,,,,,,,,,,
,,,,,,,,,,,SSB,001,2020-12-09_12h12.22.119,DelayedExpNT,2020.1.3,MacIntel,60,,,,0,319,319,126,1,0.121983524,CHANGE,,,,,,,,,,,,,,,,,,,,,,,,,
,,,,,,,,,,,SSB,001,2020-12-09_12h12.22.119,DelayedExpNT,2020.1.3,MacIntel,60,,,,0,320,320,51,1,0.207299492,CHAIN,,,,,,,,,,,,,,,,,,,,,,,,,
,,,,,,,,,,,SSB,001,2020-12-09_12h12.22.119,DelayedExpNT,2020.1.3,MacIntel,60,,,,0,321,321,172,1,0.2900152,PRIDE,,,,,,,,,,,,,,,,,,,,,,,,,
,,,,,,,,,,,SSB,001,2020-12-09_12h12.22.119,DelayedExpNT,2020.1.3,MacIntel,60,,,,0,322,322,300,1,0.880342989,TOWN,,,,,,,,,,,,,,,,,,,,,,,,,
,,,,,,,,,,,SSB,001,2020-12-09_12h12.22.119,DelayedExpNT,2020.1.3,MacIntel,60,,,,0,323,323,102,1,0.305795185,MINUS,,,,,,,,,,,,,,,,,,,,,,,,,
,,,,,,,,,,,SSB,001,2020-12-09_12h12.22.119,DelayedExpNT,2020.1.3,MacIntel,60,,,,0,324,324,49,1,0.205818425,CANDLE,,,,,,,,,,,,,,,,,,,,,,,,,
,,,,,,,,,,,SSB,001,2020-12-09_12h12.22.119,DelayedExpNT,2020.1.3,MacIntel,60,,,,0,325,325,256,1,0.440350151,VOTE,,,,,,,,,,,,,,,,,,,,,,,,,
,,,,,,,,,,,SSB,001,2020-12-09_12h12.22.119,DelayedExpNT,2020.1.3,MacIntel,60,,,,0,326,326,23,1,0.75381934,ROAD,,,,,,,,,,,,,,,,,,,,,,,,,
,,,,,,,,,,,SSB,001,2020-12-09_12h12.22.119,DelayedExpNT,2020.1.3,MacIntel,60,,,,0,327,327,89,1,0.225802842,CLOSE,,,,,,,,,,,,,,,,,,,,,,,,,
,,,,,,,,,,,SSB,001,2020-12-09_12h12.22.119,DelayedExpNT,2020.1.3,MacIntel,60,,,,0,328,328,151,1,0.101877547,ORANGE,,,,,,,,,,,,,,,,,,,,,,,,,
,,,,,,,,,,,SSB,001,2020-12-09_12h12.22.119,DelayedExpNT,2020.1.3,MacIntel,60,,,,0,329,329,278,1,0.493656389,KNIFE,,,,,,,,,,,,,,,,,,,,,,,,,
,,,,,,,,,,,SSB,001,2020-12-09_12h12.22.119,DelayedExpNT,2020.1.3,MacIntel,60,,,,0,330,330,323,1,0.752914843,GRAVE,,,,,,,,,,,,,,,,,,,,,,,,,
,,,,,,,,,,,SSB,001,2020-12-09_12h12.22.119,DelayedExpNT,2020.1.3,MacIntel,60,,,,0,331,331,19,1,0.073746614,KILL,,,,,,,,,,,,,,,,,,,,,,,,,
,,,,,,,,,,,SSB,001,2020-12-09_12h12.22.119,DelayedExpNT,2020.1.3,MacIntel,60,,,,0,332,332,50,1,0.129107951,NEWS,,,,,,,,,,,,,,,,,,,,,,,,,
,,,,,,,,,,,SSB,001,2020-12-09_12h12.22.119,DelayedExpNT,2020.1.3,MacIntel,60,,,,0,333,333,314,1,0.429097089,GRAND,,,,,,,,,,,,,,,,,,,,,,,,,
,,,,,,,,,,,SSB,001,2020-12-09_12h12.22.119,DelayedExpNT,2020.1.3,MacIntel,60,,,,0,334,334,203,1,0.823840101,BALL ,,,,,,,,,,,,,,,,,,,,,,,,,
,,,,,,,,,,,SSB,001,2020-12-09_12h12.22.119,DelayedExpNT,2020.1.3,MacIntel,60,,,,0,335,335,81,1,0.672881454,WAITER,,,,,,,,,,,,,,,,,,,,,,,,,
,,,,,,,,,,,SSB,001,2020-12-09_12h12.22.119,DelayedExpNT,2020.1.3,MacIntel,60,,,,,,,,,,,,space,68.05446,slash,54.52185,slash,2.479785,z,2.91699,z,1.649,none,2950.08,mac,1833.56,chrome,2148.84,18,1620,0,0,0,0,1,What is your age?
,,,,,,,,,,,SSB,001,2020-12-09_12h12.22.119,DelayedExpNT,2020.1.3,MacIntel,60,,,,,,,,,,,,,,,,,,,,,,,,,,,,female,1497,0,1,1,1,1,What is your gender?
,,,,,,,,,,,SSB,001,2020-12-09_12h12.22.119,DelayedExpNT,2020.1.3,MacIntel,60,,,,,,,,,,,,,,,,,,,,,,,,,,,,12,4050,0,2,2,2,1,How many years of formal education have you had (consider graduating high school to be 12 years)?
,,,,,,,,,,,SSB,001,2020-12-09_12h12.22.119,DelayedExpNT,2020.1.3,MacIntel,60,,,,,,,,,,,,,,,,,,,,,,,,,,,,right,1730,0,3,3,3,1,What is your dominant hand? (Left/Right/Ambidextrous)
,,,,,,,,,,,SSB,001,2020-12-09_12h12.22.119,DelayedExpNT,2020.1.3,MacIntel,60,,,,,,,,,,,,,,,,,,,,,,,,,,,,evening,10216,0,4,4,4,1,Please indicate what time of the day you feel most alert (Morning/Afternoon/Evening/No differences)
,,,,,,,,,,,SSB,001,2020-12-09_12h12.22.119,DelayedExpNT,2020.1.3,MacIntel,60,,,,,,,,,,,,,,,,,,,,,,,,,,,,asian indian,4265,0,5,5,5,1,"Please indicate which racial categories apply to you, separated by commas (American Indian/Alaskan Native, Asian, Native Hawaiian or Other Pacific Islander, Black/African American, White/Caucasian, More than one race, Prefer Not to Respond)"
,,,,,,,,,,,SSB,001,2020-12-09_12h12.22.119,DelayedExpNT,2020.1.3,MacIntel,60,,,,,,,,,,,,,,,,,,,,,,,,,,,,no,1647,0,6,6,6,1,Are you Hispanic or Latino? (Yes/No/Prefer Not to Respond)
,,,,,,,,,,,SSB,001,2020-12-09_12h12.22.119,DelayedExpNT,2020.1.3,MacIntel,60,,,,,,,,,,,,,,,,,,,,,,,,,,,,yes,2367,0,7,7,7,1,Is English your First Language? (Yes/No)
,,,,,,,,,,,SSB,001,2020-12-09_12h12.22.119,DelayedExpNT,2020.1.3,MacIntel,60,,,,,,,,,,,,,,,,,,,,,,,,,,,,eng,3232,0,8,8,8,1,"If you answered ""No"", what is your first language? (Please say English if you answered Yes)"
,,,,,,,,,,,SSB,001,2020-12-09_12h12.22.119,DelayedExpNT,2020.1.3,MacIntel,60,,,,,,,,,,,,,,,,,,,,,,,,,,,,yes,1882,0,9,9,9,1,Did you learn English before the age of 5?
,,,,,,,,,,,SSB,001,2020-12-09_12h12.22.119,DelayedExpNT,2020.1.3,MacIntel,60,,,,,,,,,,,,,,,,,,,,,,,,,,,,0,2648,0,10,10,10,1,"If you answered ""No"", at what age did you learn English? (Enter 0 if you answered ""Yes"")"
,,,,,,,,,,,SSB,001,2020-12-09_12h12.22.119,DelayedExpNT,2020.1.3,MacIntel,60,,,,,,,,,,,,,,,,,,,,,,,,,,,,lack of sleep,5331,0,11,11,11,1,"Is there anything we should know about, which might have affected your performance during the test session? (e.g., lack of sleep, feeling ill etc.)"
